DATAFLOW,LAST UPDATE,freq,unit,tra_mode,geo,TIME_PERIOD,OBS_VALUE,OBS_FLAG,CONF_STATUS
ESTAT:TRAN_HV_FRMOD(1.0),16/04/25 11:00:00,A,PC,IWW,AT,2005,3.3,,
ESTAT:TRAN_HV_FRMOD(1.0),16/04/25 11:00:00,A,PC,IWW,AT,2006,3.2,,
ESTAT:TRAN_HV_FRMOD(1.0),16/04/25 11:00:00,A,PC,IWW,AT,2007,4.2,,
ESTAT:TRAN_HV_FRMOD(1.0),16/04/25 11:00:00,A,PC,IWW,AT,2008,3.6,,
ESTAT:TRAN_HV_FRMOD(1.0),16/04/25 11:00:00,A,PC,IWW,AT,2009,3.6,,
ESTAT:TRAN_HV_FRMOD(1.0),16/04/25 11:00:00,A,PC,IWW,AT,2010,4.0,,
ESTAT:TRAN_HV_FRMOD(1.0),16/04/25 11:00:00,A,PC,IWW,AT,2011,3.4,,
ESTAT:TRAN_HV_FRMOD(1.0),16/04/25 11:00:00,A,PC,IWW,AT,2012,3.7,,
ESTAT:TRAN_HV_FRMOD(1.0),16/04/25 11:00:00,A,PC,IWW,AT,2013,3.9,,
ESTAT:TRAN_HV_FRMOD(1.0),16/04/25 11:00:00,A,PC,IWW,AT,2014,3.5,,
ESTAT:TRAN_HV_FRMOD(1.0),16/04/25 11:00:00,A,PC,IWW,AT,2015,2.8,,
ESTAT:TRAN_HV_FRMOD(1.0),16/04/25 11:00:00,A,PC,IWW,AT,2016,3.0,,
ESTAT:TRAN_HV_FRMOD(1.0),16/04/25 11:00:00,A,PC,IWW,AT,2017,2.9,,
ESTAT:TRAN_HV_FRMOD(1.0),16/04/25 11:00:00,A,PC,IWW,AT,2018,2.1,,
ESTAT:TRAN_HV_FRMOD(1.0),16/04/25 11:00:00,A,PC,IWW,AT,2019,2.4,,
ESTAT:TRAN_HV_FRMOD(1.0),16/04/25 11:00:00,A,PC,IWW,AT,2020,2.3,,
ESTAT:TRAN_HV_FRMOD(1.0),16/04/25 11:00:00,A,PC,IWW,AT,2021,2.1,,
ESTAT:TRAN_HV_FRMOD(1.0),16/04/25 11:00:00,A,PC,IWW,AT,2022,1.7,,
ESTAT:TRAN_HV_FRMOD(1.0),16/04/25 11:00:00,A,PC,IWW,AT,2023,1.7,,
ESTAT:TRAN_HV_FRMOD(1.0),16/04/25 11:00:00,A,PC,IWW,BE,2005,13.5,,
ESTAT:TRAN_HV_FRMOD(1.0),16/04/25 11:00:00,A,PC,IWW,BE,2006,13.6,,
ESTAT:TRAN_HV_FRMOD(1.0),16/04/25 11:00:00,A,PC,IWW,BE,2007,13.4,,
ESTAT:TRAN_HV_FRMOD(1.0),16/04/25 11:00:00,A,PC,IWW,BE,2008,13.5,,
ESTAT:TRAN_HV_FRMOD(1.0),16/04/25 11:00:00,A,PC,IWW,BE,2009,12.2,,
ESTAT:TRAN_HV_FRMOD(1.0),16/04/25 11:00:00,A,PC,IWW,BE,2010,14.6,,
ESTAT:TRAN_HV_FRMOD(1.0),16/04/25 11:00:00,A,PC,IWW,BE,2011,14.8,,
ESTAT:TRAN_HV_FRMOD(1.0),16/04/25 11:00:00,A,PC,IWW,BE,2012,16.4,e,
ESTAT:TRAN_HV_FRMOD(1.0),16/04/25 11:00:00,A,PC,IWW,BE,2013,15.9,e,
ESTAT:TRAN_HV_FRMOD(1.0),16/04/25 11:00:00,A,PC,IWW,BE,2014,15.9,e,
ESTAT:TRAN_HV_FRMOD(1.0),16/04/25 11:00:00,A,PC,IWW,BE,2015,15.2,e,
ESTAT:TRAN_HV_FRMOD(1.0),16/04/25 11:00:00,A,PC,IWW,BE,2016,14.7,e,
ESTAT:TRAN_HV_FRMOD(1.0),16/04/25 11:00:00,A,PC,IWW,BE,2017,15.6,e,
ESTAT:TRAN_HV_FRMOD(1.0),16/04/25 11:00:00,A,PC,IWW,BE,2018,11.9,be,
ESTAT:TRAN_HV_FRMOD(1.0),16/04/25 11:00:00,A,PC,IWW,BE,2019,11.3,e,
ESTAT:TRAN_HV_FRMOD(1.0),16/04/25 11:00:00,A,PC,IWW,BE,2020,11.0,e,
ESTAT:TRAN_HV_FRMOD(1.0),16/04/25 11:00:00,A,PC,IWW,BE,2021,11.5,e,
ESTAT:TRAN_HV_FRMOD(1.0),16/04/25 11:00:00,A,PC,IWW,BE,2022,11.2,e,
ESTAT:TRAN_HV_FRMOD(1.0),16/04/25 11:00:00,A,PC,IWW,BE,2023,10.7,e,
ESTAT:TRAN_HV_FRMOD(1.0),16/04/25 11:00:00,A,PC,IWW,BG,2005,30.0,e,
ESTAT:TRAN_HV_FRMOD(1.0),16/04/25 11:00:00,A,PC,IWW,BG,2006,29.2,e,
ESTAT:TRAN_HV_FRMOD(1.0),16/04/25 11:00:00,A,PC,IWW,BG,2007,30.8,e,
ESTAT:TRAN_HV_FRMOD(1.0),16/04/25 11:00:00,A,PC,IWW,BG,2008,33.2,e,
ESTAT:TRAN_HV_FRMOD(1.0),16/04/25 11:00:00,A,PC,IWW,BG,2009,31.4,,
ESTAT:TRAN_HV_FRMOD(1.0),16/04/25 11:00:00,A,PC,IWW,BG,2010,33.6,,
ESTAT:TRAN_HV_FRMOD(1.0),16/04/25 11:00:00,A,PC,IWW,BG,2011,24.9,,
ESTAT:TRAN_HV_FRMOD(1.0),16/04/25 11:00:00,A,PC,IWW,BG,2012,30.5,,
ESTAT:TRAN_HV_FRMOD(1.0),16/04/25 11:00:00,A,PC,IWW,BG,2013,27.5,,
ESTAT:TRAN_HV_FRMOD(1.0),16/04/25 11:00:00,A,PC,IWW,BG,2014,26.9,,
ESTAT:TRAN_HV_FRMOD(1.0),16/04/25 11:00:00,A,PC,IWW,BG,2015,27.4,,
ESTAT:TRAN_HV_FRMOD(1.0),16/04/25 11:00:00,A,PC,IWW,BG,2016,27.3,,
ESTAT:TRAN_HV_FRMOD(1.0),16/04/25 11:00:00,A,PC,IWW,BG,2017,24.9,,
ESTAT:TRAN_HV_FRMOD(1.0),16/04/25 11:00:00,A,PC,IWW,BG,2018,24.5,,
ESTAT:TRAN_HV_FRMOD(1.0),16/04/25 11:00:00,A,PC,IWW,BG,2019,31.9,,
ESTAT:TRAN_HV_FRMOD(1.0),16/04/25 11:00:00,A,PC,IWW,BG,2020,28.8,,
ESTAT:TRAN_HV_FRMOD(1.0),16/04/25 11:00:00,A,PC,IWW,BG,2021,24.4,,
ESTAT:TRAN_HV_FRMOD(1.0),16/04/25 11:00:00,A,PC,IWW,BG,2022,16.6,,
ESTAT:TRAN_HV_FRMOD(1.0),16/04/25 11:00:00,A,PC,IWW,BG,2023,17.9,,
ESTAT:TRAN_HV_FRMOD(1.0),16/04/25 11:00:00,A,PC,IWW,CH,2005,0.1,e,
ESTAT:TRAN_HV_FRMOD(1.0),16/04/25 11:00:00,A,PC,IWW,CH,2006,0.1,e,
ESTAT:TRAN_HV_FRMOD(1.0),16/04/25 11:00:00,A,PC,IWW,CH,2007,0.1,e,
ESTAT:TRAN_HV_FRMOD(1.0),16/04/25 11:00:00,A,PC,IWW,CH,2008,0.1,,
ESTAT:TRAN_HV_FRMOD(1.0),16/04/25 11:00:00,A,PC,IWW,CH,2009,0.1,,
ESTAT:TRAN_HV_FRMOD(1.0),16/04/25 11:00:00,A,PC,IWW,CH,2010,0.1,,
ESTAT:TRAN_HV_FRMOD(1.0),16/04/25 11:00:00,A,PC,IWW,CH,2011,0.1,,
ESTAT:TRAN_HV_FRMOD(1.0),16/04/25 11:00:00,A,PC,IWW,CH,2012,0.2,,
ESTAT:TRAN_HV_FRMOD(1.0),16/04/25 11:00:00,A,PC,IWW,CH,2013,0.1,,
ESTAT:TRAN_HV_FRMOD(1.0),16/04/25 11:00:00,A,PC,IWW,CH,2014,0.1,,
ESTAT:TRAN_HV_FRMOD(1.0),16/04/25 11:00:00,A,PC,IWW,CH,2015,0.1,,
ESTAT:TRAN_HV_FRMOD(1.0),16/04/25 11:00:00,A,PC,IWW,CH,2016,0.1,,
ESTAT:TRAN_HV_FRMOD(1.0),16/04/25 11:00:00,A,PC,IWW,CH,2017,0.1,e,
ESTAT:TRAN_HV_FRMOD(1.0),16/04/25 11:00:00,A,PC,IWW,CH,2018,0.1,e,
ESTAT:TRAN_HV_FRMOD(1.0),16/04/25 11:00:00,A,PC,IWW,CH,2019,0.1,e,
ESTAT:TRAN_HV_FRMOD(1.0),16/04/25 11:00:00,A,PC,IWW,CH,2020,0.1,e,
ESTAT:TRAN_HV_FRMOD(1.0),16/04/25 11:00:00,A,PC,IWW,CH,2021,0.1,e,
ESTAT:TRAN_HV_FRMOD(1.0),16/04/25 11:00:00,A,PC,IWW,CH,2022,0.1,e,
ESTAT:TRAN_HV_FRMOD(1.0),16/04/25 11:00:00,A,PC,IWW,CH,2023,0.1,e,
ESTAT:TRAN_HV_FRMOD(1.0),16/04/25 11:00:00,A,PC,IWW,CY,2005,,m,
ESTAT:TRAN_HV_FRMOD(1.0),16/04/25 11:00:00,A,PC,IWW,CY,2006,,m,
ESTAT:TRAN_HV_FRMOD(1.0),16/04/25 11:00:00,A,PC,IWW,CY,2007,,m,
ESTAT:TRAN_HV_FRMOD(1.0),16/04/25 11:00:00,A,PC,IWW,CY,2008,,m,
ESTAT:TRAN_HV_FRMOD(1.0),16/04/25 11:00:00,A,PC,IWW,CY,2009,,m,
ESTAT:TRAN_HV_FRMOD(1.0),16/04/25 11:00:00,A,PC,IWW,CY,2010,,m,
ESTAT:TRAN_HV_FRMOD(1.0),16/04/25 11:00:00,A,PC,IWW,CY,2011,,m,
ESTAT:TRAN_HV_FRMOD(1.0),16/04/25 11:00:00,A,PC,IWW,CY,2012,,m,
ESTAT:TRAN_HV_FRMOD(1.0),16/04/25 11:00:00,A,PC,IWW,CY,2013,,m,
ESTAT:TRAN_HV_FRMOD(1.0),16/04/25 11:00:00,A,PC,IWW,CY,2014,,m,
ESTAT:TRAN_HV_FRMOD(1.0),16/04/25 11:00:00,A,PC,IWW,CY,2015,,m,
ESTAT:TRAN_HV_FRMOD(1.0),16/04/25 11:00:00,A,PC,IWW,CY,2016,,m,
ESTAT:TRAN_HV_FRMOD(1.0),16/04/25 11:00:00,A,PC,IWW,CY,2017,,m,
ESTAT:TRAN_HV_FRMOD(1.0),16/04/25 11:00:00,A,PC,IWW,CY,2018,,m,
ESTAT:TRAN_HV_FRMOD(1.0),16/04/25 11:00:00,A,PC,IWW,CY,2019,,m,
ESTAT:TRAN_HV_FRMOD(1.0),16/04/25 11:00:00,A,PC,IWW,CY,2020,,m,
ESTAT:TRAN_HV_FRMOD(1.0),16/04/25 11:00:00,A,PC,IWW,CY,2021,,m,
ESTAT:TRAN_HV_FRMOD(1.0),16/04/25 11:00:00,A,PC,IWW,CY,2022,,m,
ESTAT:TRAN_HV_FRMOD(1.0),16/04/25 11:00:00,A,PC,IWW,CY,2023,,m,
ESTAT:TRAN_HV_FRMOD(1.0),16/04/25 11:00:00,A,PC,IWW,CZ,2005,0.1,,
ESTAT:TRAN_HV_FRMOD(1.0),16/04/25 11:00:00,A,PC,IWW,CZ,2006,0.1,,
ESTAT:TRAN_HV_FRMOD(1.0),16/04/25 11:00:00,A,PC,IWW,CZ,2007,0.1,,
ESTAT:TRAN_HV_FRMOD(1.0),16/04/25 11:00:00,A,PC,IWW,CZ,2008,0.1,,
ESTAT:TRAN_HV_FRMOD(1.0),16/04/25 11:00:00,A,PC,IWW,CZ,2009,0.1,,
ESTAT:TRAN_HV_FRMOD(1.0),16/04/25 11:00:00,A,PC,IWW,CZ,2010,0.1,,
ESTAT:TRAN_HV_FRMOD(1.0),16/04/25 11:00:00,A,PC,IWW,CZ,2011,0.1,,
ESTAT:TRAN_HV_FRMOD(1.0),16/04/25 11:00:00,A,PC,IWW,CZ,2012,0.1,,
ESTAT:TRAN_HV_FRMOD(1.0),16/04/25 11:00:00,A,PC,IWW,CZ,2013,0.1,,
ESTAT:TRAN_HV_FRMOD(1.0),16/04/25 11:00:00,A,PC,IWW,CZ,2014,0.1,,
ESTAT:TRAN_HV_FRMOD(1.0),16/04/25 11:00:00,A,PC,IWW,CZ,2015,0.1,,
ESTAT:TRAN_HV_FRMOD(1.0),16/04/25 11:00:00,A,PC,IWW,CZ,2016,0.1,,
ESTAT:TRAN_HV_FRMOD(1.0),16/04/25 11:00:00,A,PC,IWW,CZ,2017,0.0,n,
ESTAT:TRAN_HV_FRMOD(1.0),16/04/25 11:00:00,A,PC,IWW,CZ,2018,0.0,n,
ESTAT:TRAN_HV_FRMOD(1.0),16/04/25 11:00:00,A,PC,IWW,CZ,2019,0.1,,
ESTAT:TRAN_HV_FRMOD(1.0),16/04/25 11:00:00,A,PC,IWW,CZ,2020,0.0,n,
ESTAT:TRAN_HV_FRMOD(1.0),16/04/25 11:00:00,A,PC,IWW,CZ,2021,0.0,n,
ESTAT:TRAN_HV_FRMOD(1.0),16/04/25 11:00:00,A,PC,IWW,CZ,2022,0.0,n,
ESTAT:TRAN_HV_FRMOD(1.0),16/04/25 11:00:00,A,PC,IWW,CZ,2023,0.0,n,
ESTAT:TRAN_HV_FRMOD(1.0),16/04/25 11:00:00,A,PC,IWW,DE,2005,12.1,,
ESTAT:TRAN_HV_FRMOD(1.0),16/04/25 11:00:00,A,PC,IWW,DE,2006,11.3,,
ESTAT:TRAN_HV_FRMOD(1.0),16/04/25 11:00:00,A,PC,IWW,DE,2007,10.9,,
ESTAT:TRAN_HV_FRMOD(1.0),16/04/25 11:00:00,A,PC,IWW,DE,2008,10.7,,
ESTAT:TRAN_HV_FRMOD(1.0),16/04/25 11:00:00,A,PC,IWW,DE,2009,10.4,,
ESTAT:TRAN_HV_FRMOD(1.0),16/04/25 11:00:00,A,PC,IWW,DE,2010,10.8,,
ESTAT:TRAN_HV_FRMOD(1.0),16/04/25 11:00:00,A,PC,IWW,DE,2011,9.4,,
ESTAT:TRAN_HV_FRMOD(1.0),16/04/25 11:00:00,A,PC,IWW,DE,2012,10.1,,
ESTAT:TRAN_HV_FRMOD(1.0),16/04/25 11:00:00,A,PC,IWW,DE,2013,10.2,,
ESTAT:TRAN_HV_FRMOD(1.0),16/04/25 11:00:00,A,PC,IWW,DE,2014,9.9,,
ESTAT:TRAN_HV_FRMOD(1.0),16/04/25 11:00:00,A,PC,IWW,DE,2015,9.2,,
ESTAT:TRAN_HV_FRMOD(1.0),16/04/25 11:00:00,A,PC,IWW,DE,2016,8.5,,
ESTAT:TRAN_HV_FRMOD(1.0),16/04/25 11:00:00,A,PC,IWW,DE,2017,8.6,,
ESTAT:TRAN_HV_FRMOD(1.0),16/04/25 11:00:00,A,PC,IWW,DE,2018,7.4,,
ESTAT:TRAN_HV_FRMOD(1.0),16/04/25 11:00:00,A,PC,IWW,DE,2019,7.9,,
ESTAT:TRAN_HV_FRMOD(1.0),16/04/25 11:00:00,A,PC,IWW,DE,2020,7.5,,
ESTAT:TRAN_HV_FRMOD(1.0),16/04/25 11:00:00,A,PC,IWW,DE,2021,7.4,,
ESTAT:TRAN_HV_FRMOD(1.0),16/04/25 11:00:00,A,PC,IWW,DE,2022,6.8,,
ESTAT:TRAN_HV_FRMOD(1.0),16/04/25 11:00:00,A,PC,IWW,DE,2023,6.6,,
ESTAT:TRAN_HV_FRMOD(1.0),16/04/25 11:00:00,A,PC,IWW,DK,2005,,m,
ESTAT:TRAN_HV_FRMOD(1.0),16/04/25 11:00:00,A,PC,IWW,DK,2006,,m,
ESTAT:TRAN_HV_FRMOD(1.0),16/04/25 11:00:00,A,PC,IWW,DK,2007,,m,
ESTAT:TRAN_HV_FRMOD(1.0),16/04/25 11:00:00,A,PC,IWW,DK,2008,,m,
ESTAT:TRAN_HV_FRMOD(1.0),16/04/25 11:00:00,A,PC,IWW,DK,2009,,m,
ESTAT:TRAN_HV_FRMOD(1.0),16/04/25 11:00:00,A,PC,IWW,DK,2010,,m,
ESTAT:TRAN_HV_FRMOD(1.0),16/04/25 11:00:00,A,PC,IWW,DK,2011,,m,
ESTAT:TRAN_HV_FRMOD(1.0),16/04/25 11:00:00,A,PC,IWW,DK,2012,,m,
ESTAT:TRAN_HV_FRMOD(1.0),16/04/25 11:00:00,A,PC,IWW,DK,2013,,m,
ESTAT:TRAN_HV_FRMOD(1.0),16/04/25 11:00:00,A,PC,IWW,DK,2014,,m,
ESTAT:TRAN_HV_FRMOD(1.0),16/04/25 11:00:00,A,PC,IWW,DK,2015,,m,
ESTAT:TRAN_HV_FRMOD(1.0),16/04/25 11:00:00,A,PC,IWW,DK,2016,,m,
ESTAT:TRAN_HV_FRMOD(1.0),16/04/25 11:00:00,A,PC,IWW,DK,2017,,m,
ESTAT:TRAN_HV_FRMOD(1.0),16/04/25 11:00:00,A,PC,IWW,DK,2018,,m,
ESTAT:TRAN_HV_FRMOD(1.0),16/04/25 11:00:00,A,PC,IWW,DK,2019,,m,
ESTAT:TRAN_HV_FRMOD(1.0),16/04/25 11:00:00,A,PC,IWW,DK,2020,,m,
ESTAT:TRAN_HV_FRMOD(1.0),16/04/25 11:00:00,A,PC,IWW,DK,2021,,m,
ESTAT:TRAN_HV_FRMOD(1.0),16/04/25 11:00:00,A,PC,IWW,DK,2022,,m,
ESTAT:TRAN_HV_FRMOD(1.0),16/04/25 11:00:00,A,PC,IWW,DK,2023,,m,
ESTAT:TRAN_HV_FRMOD(1.0),16/04/25 11:00:00,A,PC,IWW,EE,2005,,m,
ESTAT:TRAN_HV_FRMOD(1.0),16/04/25 11:00:00,A,PC,IWW,EE,2006,,m,
ESTAT:TRAN_HV_FRMOD(1.0),16/04/25 11:00:00,A,PC,IWW,EE,2007,,m,
ESTAT:TRAN_HV_FRMOD(1.0),16/04/25 11:00:00,A,PC,IWW,EE,2008,,m,
ESTAT:TRAN_HV_FRMOD(1.0),16/04/25 11:00:00,A,PC,IWW,EE,2009,,m,
ESTAT:TRAN_HV_FRMOD(1.0),16/04/25 11:00:00,A,PC,IWW,EE,2010,,m,
ESTAT:TRAN_HV_FRMOD(1.0),16/04/25 11:00:00,A,PC,IWW,EE,2011,,m,
ESTAT:TRAN_HV_FRMOD(1.0),16/04/25 11:00:00,A,PC,IWW,EE,2012,,m,
ESTAT:TRAN_HV_FRMOD(1.0),16/04/25 11:00:00,A,PC,IWW,EE,2013,,m,
ESTAT:TRAN_HV_FRMOD(1.0),16/04/25 11:00:00,A,PC,IWW,EE,2014,,m,
ESTAT:TRAN_HV_FRMOD(1.0),16/04/25 11:00:00,A,PC,IWW,EE,2015,,m,
ESTAT:TRAN_HV_FRMOD(1.0),16/04/25 11:00:00,A,PC,IWW,EE,2016,,m,
ESTAT:TRAN_HV_FRMOD(1.0),16/04/25 11:00:00,A,PC,IWW,EE,2017,,m,
ESTAT:TRAN_HV_FRMOD(1.0),16/04/25 11:00:00,A,PC,IWW,EE,2018,,m,
ESTAT:TRAN_HV_FRMOD(1.0),16/04/25 11:00:00,A,PC,IWW,EE,2019,,m,
ESTAT:TRAN_HV_FRMOD(1.0),16/04/25 11:00:00,A,PC,IWW,EE,2020,,m,
ESTAT:TRAN_HV_FRMOD(1.0),16/04/25 11:00:00,A,PC,IWW,EE,2021,,m,
ESTAT:TRAN_HV_FRMOD(1.0),16/04/25 11:00:00,A,PC,IWW,EE,2022,,m,
ESTAT:TRAN_HV_FRMOD(1.0),16/04/25 11:00:00,A,PC,IWW,EE,2023,,m,
ESTAT:TRAN_HV_FRMOD(1.0),16/04/25 11:00:00,A,PC,IWW,EL,2005,,m,
ESTAT:TRAN_HV_FRMOD(1.0),16/04/25 11:00:00,A,PC,IWW,EL,2006,,m,
ESTAT:TRAN_HV_FRMOD(1.0),16/04/25 11:00:00,A,PC,IWW,EL,2007,,m,
ESTAT:TRAN_HV_FRMOD(1.0),16/04/25 11:00:00,A,PC,IWW,EL,2008,,m,
ESTAT:TRAN_HV_FRMOD(1.0),16/04/25 11:00:00,A,PC,IWW,EL,2009,,m,
ESTAT:TRAN_HV_FRMOD(1.0),16/04/25 11:00:00,A,PC,IWW,EL,2010,,m,
ESTAT:TRAN_HV_FRMOD(1.0),16/04/25 11:00:00,A,PC,IWW,EL,2011,,m,
ESTAT:TRAN_HV_FRMOD(1.0),16/04/25 11:00:00,A,PC,IWW,EL,2012,,m,
ESTAT:TRAN_HV_FRMOD(1.0),16/04/25 11:00:00,A,PC,IWW,EL,2013,,m,
ESTAT:TRAN_HV_FRMOD(1.0),16/04/25 11:00:00,A,PC,IWW,EL,2014,,m,
ESTAT:TRAN_HV_FRMOD(1.0),16/04/25 11:00:00,A,PC,IWW,EL,2015,,m,
ESTAT:TRAN_HV_FRMOD(1.0),16/04/25 11:00:00,A,PC,IWW,EL,2016,,m,
ESTAT:TRAN_HV_FRMOD(1.0),16/04/25 11:00:00,A,PC,IWW,EL,2017,,m,
ESTAT:TRAN_HV_FRMOD(1.0),16/04/25 11:00:00,A,PC,IWW,EL,2018,,m,
ESTAT:TRAN_HV_FRMOD(1.0),16/04/25 11:00:00,A,PC,IWW,EL,2019,,m,
ESTAT:TRAN_HV_FRMOD(1.0),16/04/25 11:00:00,A,PC,IWW,EL,2020,,m,
ESTAT:TRAN_HV_FRMOD(1.0),16/04/25 11:00:00,A,PC,IWW,EL,2021,,m,
ESTAT:TRAN_HV_FRMOD(1.0),16/04/25 11:00:00,A,PC,IWW,EL,2022,,m,
ESTAT:TRAN_HV_FRMOD(1.0),16/04/25 11:00:00,A,PC,IWW,EL,2023,,m,
ESTAT:TRAN_HV_FRMOD(1.0),16/04/25 11:00:00,A,PC,IWW,ES,2005,,m,
ESTAT:TRAN_HV_FRMOD(1.0),16/04/25 11:00:00,A,PC,IWW,ES,2006,,m,
ESTAT:TRAN_HV_FRMOD(1.0),16/04/25 11:00:00,A,PC,IWW,ES,2007,,m,
ESTAT:TRAN_HV_FRMOD(1.0),16/04/25 11:00:00,A,PC,IWW,ES,2008,,m,
ESTAT:TRAN_HV_FRMOD(1.0),16/04/25 11:00:00,A,PC,IWW,ES,2009,,m,
ESTAT:TRAN_HV_FRMOD(1.0),16/04/25 11:00:00,A,PC,IWW,ES,2010,,m,
ESTAT:TRAN_HV_FRMOD(1.0),16/04/25 11:00:00,A,PC,IWW,ES,2011,,m,
ESTAT:TRAN_HV_FRMOD(1.0),16/04/25 11:00:00,A,PC,IWW,ES,2012,,m,
ESTAT:TRAN_HV_FRMOD(1.0),16/04/25 11:00:00,A,PC,IWW,ES,2013,,m,
ESTAT:TRAN_HV_FRMOD(1.0),16/04/25 11:00:00,A,PC,IWW,ES,2014,,m,
ESTAT:TRAN_HV_FRMOD(1.0),16/04/25 11:00:00,A,PC,IWW,ES,2015,,m,
ESTAT:TRAN_HV_FRMOD(1.0),16/04/25 11:00:00,A,PC,IWW,ES,2016,,m,
ESTAT:TRAN_HV_FRMOD(1.0),16/04/25 11:00:00,A,PC,IWW,ES,2017,,m,
ESTAT:TRAN_HV_FRMOD(1.0),16/04/25 11:00:00,A,PC,IWW,ES,2018,,m,
ESTAT:TRAN_HV_FRMOD(1.0),16/04/25 11:00:00,A,PC,IWW,ES,2019,,m,
ESTAT:TRAN_HV_FRMOD(1.0),16/04/25 11:00:00,A,PC,IWW,ES,2020,,m,
ESTAT:TRAN_HV_FRMOD(1.0),16/04/25 11:00:00,A,PC,IWW,ES,2021,,m,
ESTAT:TRAN_HV_FRMOD(1.0),16/04/25 11:00:00,A,PC,IWW,ES,2022,,m,
ESTAT:TRAN_HV_FRMOD(1.0),16/04/25 11:00:00,A,PC,IWW,ES,2023,,m,
ESTAT:TRAN_HV_FRMOD(1.0),16/04/25 11:00:00,A,PC,IWW,EU27_2020,2005,7.1,e,
ESTAT:TRAN_HV_FRMOD(1.0),16/04/25 11:00:00,A,PC,IWW,EU27_2020,2006,6.9,e,
ESTAT:TRAN_HV_FRMOD(1.0),16/04/25 11:00:00,A,PC,IWW,EU27_2020,2007,7.0,e,
ESTAT:TRAN_HV_FRMOD(1.0),16/04/25 11:00:00,A,PC,IWW,EU27_2020,2008,7.0,e,
ESTAT:TRAN_HV_FRMOD(1.0),16/04/25 11:00:00,A,PC,IWW,EU27_2020,2009,6.7,,
ESTAT:TRAN_HV_FRMOD(1.0),16/04/25 11:00:00,A,PC,IWW,EU27_2020,2010,7.4,,
ESTAT:TRAN_HV_FRMOD(1.0),16/04/25 11:00:00,A,PC,IWW,EU27_2020,2011,6.8,,
ESTAT:TRAN_HV_FRMOD(1.0),16/04/25 11:00:00,A,PC,IWW,EU27_2020,2012,7.4,e,
ESTAT:TRAN_HV_FRMOD(1.0),16/04/25 11:00:00,A,PC,IWW,EU27_2020,2013,7.4,e,
ESTAT:TRAN_HV_FRMOD(1.0),16/04/25 11:00:00,A,PC,IWW,EU27_2020,2014,7.2,e,
ESTAT:TRAN_HV_FRMOD(1.0),16/04/25 11:00:00,A,PC,IWW,EU27_2020,2015,6.9,e,
ESTAT:TRAN_HV_FRMOD(1.0),16/04/25 11:00:00,A,PC,IWW,EU27_2020,2016,6.7,e,
ESTAT:TRAN_HV_FRMOD(1.0),16/04/25 11:00:00,A,PC,IWW,EU27_2020,2017,6.4,e,
ESTAT:TRAN_HV_FRMOD(1.0),16/04/25 11:00:00,A,PC,IWW,EU27_2020,2018,5.8,e,
ESTAT:TRAN_HV_FRMOD(1.0),16/04/25 11:00:00,A,PC,IWW,EU27_2020,2019,6.0,e,
ESTAT:TRAN_HV_FRMOD(1.0),16/04/25 11:00:00,A,PC,IWW,EU27_2020,2020,5.8,e,
ESTAT:TRAN_HV_FRMOD(1.0),16/04/25 11:00:00,A,PC,IWW,EU27_2020,2021,5.6,e,
ESTAT:TRAN_HV_FRMOD(1.0),16/04/25 11:00:00,A,PC,IWW,EU27_2020,2022,5.1,e,
ESTAT:TRAN_HV_FRMOD(1.0),16/04/25 11:00:00,A,PC,IWW,EU27_2020,2023,5.0,e,
ESTAT:TRAN_HV_FRMOD(1.0),16/04/25 11:00:00,A,PC,IWW,EU28,2005,6.5,e,
ESTAT:TRAN_HV_FRMOD(1.0),16/04/25 11:00:00,A,PC,IWW,EU28,2006,6.3,e,
ESTAT:TRAN_HV_FRMOD(1.0),16/04/25 11:00:00,A,PC,IWW,EU28,2007,6.5,e,
ESTAT:TRAN_HV_FRMOD(1.0),16/04/25 11:00:00,A,PC,IWW,EU28,2008,6.5,e,
ESTAT:TRAN_HV_FRMOD(1.0),16/04/25 11:00:00,A,PC,IWW,EU28,2009,6.2,,
ESTAT:TRAN_HV_FRMOD(1.0),16/04/25 11:00:00,A,PC,IWW,EU28,2010,6.9,,
ESTAT:TRAN_HV_FRMOD(1.0),16/04/25 11:00:00,A,PC,IWW,EU28,2011,6.3,,
ESTAT:TRAN_HV_FRMOD(1.0),16/04/25 11:00:00,A,PC,IWW,EU28,2012,6.8,e,
ESTAT:TRAN_HV_FRMOD(1.0),16/04/25 11:00:00,A,PC,IWW,EU28,2013,6.8,e,
ESTAT:TRAN_HV_FRMOD(1.0),16/04/25 11:00:00,A,PC,IWW,EU28,2014,6.7,e,
ESTAT:TRAN_HV_FRMOD(1.0),16/04/25 11:00:00,A,PC,IWW,EU28,2015,6.4,e,
ESTAT:TRAN_HV_FRMOD(1.0),16/04/25 11:00:00,A,PC,IWW,EU28,2016,6.2,e,
ESTAT:TRAN_HV_FRMOD(1.0),16/04/25 11:00:00,A,PC,IWW,EU28,2017,6.0,e,
ESTAT:TRAN_HV_FRMOD(1.0),16/04/25 11:00:00,A,PC,IWW,EU28,2018,5.3,e,
ESTAT:TRAN_HV_FRMOD(1.0),16/04/25 11:00:00,A,PC,IWW,EU28,2019,5.6,e,
ESTAT:TRAN_HV_FRMOD(1.0),16/04/25 11:00:00,A,PC,IWW,FI,2005,0.2,,
ESTAT:TRAN_HV_FRMOD(1.0),16/04/25 11:00:00,A,PC,IWW,FI,2006,0.2,,
ESTAT:TRAN_HV_FRMOD(1.0),16/04/25 11:00:00,A,PC,IWW,FI,2007,0.3,,
ESTAT:TRAN_HV_FRMOD(1.0),16/04/25 11:00:00,A,PC,IWW,FI,2008,0.2,,
ESTAT:TRAN_HV_FRMOD(1.0),16/04/25 11:00:00,A,PC,IWW,FI,2009,0.2,,
ESTAT:TRAN_HV_FRMOD(1.0),16/04/25 11:00:00,A,PC,IWW,FI,2010,0.2,,
ESTAT:TRAN_HV_FRMOD(1.0),16/04/25 11:00:00,A,PC,IWW,FI,2011,0.3,,
ESTAT:TRAN_HV_FRMOD(1.0),16/04/25 11:00:00,A,PC,IWW,FI,2012,0.4,,
ESTAT:TRAN_HV_FRMOD(1.0),16/04/25 11:00:00,A,PC,IWW,FI,2013,0.4,,
ESTAT:TRAN_HV_FRMOD(1.0),16/04/25 11:00:00,A,PC,IWW,FI,2014,0.4,,
ESTAT:TRAN_HV_FRMOD(1.0),16/04/25 11:00:00,A,PC,IWW,FI,2015,0.4,,
ESTAT:TRAN_HV_FRMOD(1.0),16/04/25 11:00:00,A,PC,IWW,FI,2016,0.3,,
ESTAT:TRAN_HV_FRMOD(1.0),16/04/25 11:00:00,A,PC,IWW,FI,2017,0.4,e,
ESTAT:TRAN_HV_FRMOD(1.0),16/04/25 11:00:00,A,PC,IWW,FI,2018,0.4,e,
ESTAT:TRAN_HV_FRMOD(1.0),16/04/25 11:00:00,A,PC,IWW,FI,2019,0.3,,
ESTAT:TRAN_HV_FRMOD(1.0),16/04/25 11:00:00,A,PC,IWW,FI,2020,0.3,,
ESTAT:TRAN_HV_FRMOD(1.0),16/04/25 11:00:00,A,PC,IWW,FI,2021,0.4,,
ESTAT:TRAN_HV_FRMOD(1.0),16/04/25 11:00:00,A,PC,IWW,FI,2022,0.5,,
ESTAT:TRAN_HV_FRMOD(1.0),16/04/25 11:00:00,A,PC,IWW,FI,2023,0.6,,
ESTAT:TRAN_HV_FRMOD(1.0),16/04/25 11:00:00,A,PC,IWW,FR,2005,2.6,,
ESTAT:TRAN_HV_FRMOD(1.0),16/04/25 11:00:00,A,PC,IWW,FR,2006,2.5,,
ESTAT:TRAN_HV_FRMOD(1.0),16/04/25 11:00:00,A,PC,IWW,FR,2007,2.5,,
ESTAT:TRAN_HV_FRMOD(1.0),16/04/25 11:00:00,A,PC,IWW,FR,2008,2.5,,
ESTAT:TRAN_HV_FRMOD(1.0),16/04/25 11:00:00,A,PC,IWW,FR,2009,2.9,,
ESTAT:TRAN_HV_FRMOD(1.0),16/04/25 11:00:00,A,PC,IWW,FR,2010,3.0,,
ESTAT:TRAN_HV_FRMOD(1.0),16/04/25 11:00:00,A,PC,IWW,FR,2011,2.8,,
ESTAT:TRAN_HV_FRMOD(1.0),16/04/25 11:00:00,A,PC,IWW,FR,2012,3.0,,
ESTAT:TRAN_HV_FRMOD(1.0),16/04/25 11:00:00,A,PC,IWW,FR,2013,3.0,,
ESTAT:TRAN_HV_FRMOD(1.0),16/04/25 11:00:00,A,PC,IWW,FR,2014,2.9,,
ESTAT:TRAN_HV_FRMOD(1.0),16/04/25 11:00:00,A,PC,IWW,FR,2015,2.9,,
ESTAT:TRAN_HV_FRMOD(1.0),16/04/25 11:00:00,A,PC,IWW,FR,2016,2.8,,
ESTAT:TRAN_HV_FRMOD(1.0),16/04/25 11:00:00,A,PC,IWW,FR,2017,2.3,,
ESTAT:TRAN_HV_FRMOD(1.0),16/04/25 11:00:00,A,PC,IWW,FR,2018,2.2,,
ESTAT:TRAN_HV_FRMOD(1.0),16/04/25 11:00:00,A,PC,IWW,FR,2019,2.4,,
ESTAT:TRAN_HV_FRMOD(1.0),16/04/25 11:00:00,A,PC,IWW,FR,2020,2.2,,
ESTAT:TRAN_HV_FRMOD(1.0),16/04/25 11:00:00,A,PC,IWW,FR,2021,2.1,,
ESTAT:TRAN_HV_FRMOD(1.0),16/04/25 11:00:00,A,PC,IWW,FR,2022,2.0,,
ESTAT:TRAN_HV_FRMOD(1.0),16/04/25 11:00:00,A,PC,IWW,FR,2023,1.9,,
ESTAT:TRAN_HV_FRMOD(1.0),16/04/25 11:00:00,A,PC,IWW,HR,2005,5.1,e,
ESTAT:TRAN_HV_FRMOD(1.0),16/04/25 11:00:00,A,PC,IWW,HR,2006,5.0,e,
ESTAT:TRAN_HV_FRMOD(1.0),16/04/25 11:00:00,A,PC,IWW,HR,2007,5.6,e,
ESTAT:TRAN_HV_FRMOD(1.0),16/04/25 11:00:00,A,PC,IWW,HR,2008,5.7,,
ESTAT:TRAN_HV_FRMOD(1.0),16/04/25 11:00:00,A,PC,IWW,HR,2009,6.1,,
ESTAT:TRAN_HV_FRMOD(1.0),16/04/25 11:00:00,A,PC,IWW,HR,2010,8.2,,
ESTAT:TRAN_HV_FRMOD(1.0),16/04/25 11:00:00,A,PC,IWW,HR,2011,6.4,,
ESTAT:TRAN_HV_FRMOD(1.0),16/04/25 11:00:00,A,PC,IWW,HR,2012,7.3,,
ESTAT:TRAN_HV_FRMOD(1.0),16/04/25 11:00:00,A,PC,IWW,HR,2013,7.3,,
ESTAT:TRAN_HV_FRMOD(1.0),16/04/25 11:00:00,A,PC,IWW,HR,2014,6.9,,
ESTAT:TRAN_HV_FRMOD(1.0),16/04/25 11:00:00,A,PC,IWW,HR,2015,7.8,,
ESTAT:TRAN_HV_FRMOD(1.0),16/04/25 11:00:00,A,PC,IWW,HR,2016,7.4,,
ESTAT:TRAN_HV_FRMOD(1.0),16/04/25 11:00:00,A,PC,IWW,HR,2017,6.7,,
ESTAT:TRAN_HV_FRMOD(1.0),16/04/25 11:00:00,A,PC,IWW,HR,2018,5.3,,
ESTAT:TRAN_HV_FRMOD(1.0),16/04/25 11:00:00,A,PC,IWW,HR,2019,6.9,,
ESTAT:TRAN_HV_FRMOD(1.0),16/04/25 11:00:00,A,PC,IWW,HR,2020,7.0,,
ESTAT:TRAN_HV_FRMOD(1.0),16/04/25 11:00:00,A,PC,IWW,HR,2021,6.3,,
ESTAT:TRAN_HV_FRMOD(1.0),16/04/25 11:00:00,A,PC,IWW,HR,2022,4.4,,
ESTAT:TRAN_HV_FRMOD(1.0),16/04/25 11:00:00,A,PC,IWW,HR,2023,3.5,,
ESTAT:TRAN_HV_FRMOD(1.0),16/04/25 11:00:00,A,PC,IWW,HU,2005,6.3,,
ESTAT:TRAN_HV_FRMOD(1.0),16/04/25 11:00:00,A,PC,IWW,HU,2006,5.3,,
ESTAT:TRAN_HV_FRMOD(1.0),16/04/25 11:00:00,A,PC,IWW,HU,2007,5.8,,
ESTAT:TRAN_HV_FRMOD(1.0),16/04/25 11:00:00,A,PC,IWW,HU,2008,5.7,,
ESTAT:TRAN_HV_FRMOD(1.0),16/04/25 11:00:00,A,PC,IWW,HU,2009,5.8,,
ESTAT:TRAN_HV_FRMOD(1.0),16/04/25 11:00:00,A,PC,IWW,HU,2010,7.4,,
ESTAT:TRAN_HV_FRMOD(1.0),16/04/25 11:00:00,A,PC,IWW,HU,2011,5.7,,
ESTAT:TRAN_HV_FRMOD(1.0),16/04/25 11:00:00,A,PC,IWW,HU,2012,6.4,,
ESTAT:TRAN_HV_FRMOD(1.0),16/04/25 11:00:00,A,PC,IWW,HU,2013,6.1,,
ESTAT:TRAN_HV_FRMOD(1.0),16/04/25 11:00:00,A,PC,IWW,HU,2014,5.5,,
ESTAT:TRAN_HV_FRMOD(1.0),16/04/25 11:00:00,A,PC,IWW,HU,2015,5.4,,
ESTAT:TRAN_HV_FRMOD(1.0),16/04/25 11:00:00,A,PC,IWW,HU,2016,5.4,,
ESTAT:TRAN_HV_FRMOD(1.0),16/04/25 11:00:00,A,PC,IWW,HU,2017,4.9,,
ESTAT:TRAN_HV_FRMOD(1.0),16/04/25 11:00:00,A,PC,IWW,HU,2018,4.1,,
ESTAT:TRAN_HV_FRMOD(1.0),16/04/25 11:00:00,A,PC,IWW,HU,2019,5.3,,
ESTAT:TRAN_HV_FRMOD(1.0),16/04/25 11:00:00,A,PC,IWW,HU,2020,5.0,,
ESTAT:TRAN_HV_FRMOD(1.0),16/04/25 11:00:00,A,PC,IWW,HU,2021,4.4,,
ESTAT:TRAN_HV_FRMOD(1.0),16/04/25 11:00:00,A,PC,IWW,HU,2022,3.5,,
ESTAT:TRAN_HV_FRMOD(1.0),16/04/25 11:00:00,A,PC,IWW,HU,2023,3.2,,
ESTAT:TRAN_HV_FRMOD(1.0),16/04/25 11:00:00,A,PC,IWW,IE,2005,,m,
ESTAT:TRAN_HV_FRMOD(1.0),16/04/25 11:00:00,A,PC,IWW,IE,2006,,m,
ESTAT:TRAN_HV_FRMOD(1.0),16/04/25 11:00:00,A,PC,IWW,IE,2007,,m,
ESTAT:TRAN_HV_FRMOD(1.0),16/04/25 11:00:00,A,PC,IWW,IE,2008,,m,
ESTAT:TRAN_HV_FRMOD(1.0),16/04/25 11:00:00,A,PC,IWW,IE,2009,,m,
ESTAT:TRAN_HV_FRMOD(1.0),16/04/25 11:00:00,A,PC,IWW,IE,2010,,m,
ESTAT:TRAN_HV_FRMOD(1.0),16/04/25 11:00:00,A,PC,IWW,IE,2011,,m,
ESTAT:TRAN_HV_FRMOD(1.0),16/04/25 11:00:00,A,PC,IWW,IE,2012,,m,
ESTAT:TRAN_HV_FRMOD(1.0),16/04/25 11:00:00,A,PC,IWW,IE,2013,,m,
ESTAT:TRAN_HV_FRMOD(1.0),16/04/25 11:00:00,A,PC,IWW,IE,2014,,m,
ESTAT:TRAN_HV_FRMOD(1.0),16/04/25 11:00:00,A,PC,IWW,IE,2015,,m,
ESTAT:TRAN_HV_FRMOD(1.0),16/04/25 11:00:00,A,PC,IWW,IE,2016,,m,
ESTAT:TRAN_HV_FRMOD(1.0),16/04/25 11:00:00,A,PC,IWW,IE,2017,,m,
ESTAT:TRAN_HV_FRMOD(1.0),16/04/25 11:00:00,A,PC,IWW,IE,2018,,m,
ESTAT:TRAN_HV_FRMOD(1.0),16/04/25 11:00:00,A,PC,IWW,IE,2019,,m,
ESTAT:TRAN_HV_FRMOD(1.0),16/04/25 11:00:00,A,PC,IWW,IE,2020,,m,
ESTAT:TRAN_HV_FRMOD(1.0),16/04/25 11:00:00,A,PC,IWW,IE,2021,,m,
ESTAT:TRAN_HV_FRMOD(1.0),16/04/25 11:00:00,A,PC,IWW,IE,2022,,m,
ESTAT:TRAN_HV_FRMOD(1.0),16/04/25 11:00:00,A,PC,IWW,IE,2023,,m,
ESTAT:TRAN_HV_FRMOD(1.0),16/04/25 11:00:00,A,PC,IWW,IT,2005,0.0,n,
ESTAT:TRAN_HV_FRMOD(1.0),16/04/25 11:00:00,A,PC,IWW,IT,2006,0.0,n,
ESTAT:TRAN_HV_FRMOD(1.0),16/04/25 11:00:00,A,PC,IWW,IT,2007,0.0,n,
ESTAT:TRAN_HV_FRMOD(1.0),16/04/25 11:00:00,A,PC,IWW,IT,2008,0.0,n,
ESTAT:TRAN_HV_FRMOD(1.0),16/04/25 11:00:00,A,PC,IWW,IT,2009,0.0,n,
ESTAT:TRAN_HV_FRMOD(1.0),16/04/25 11:00:00,A,PC,IWW,IT,2010,0.1,,
ESTAT:TRAN_HV_FRMOD(1.0),16/04/25 11:00:00,A,PC,IWW,IT,2011,0.1,,
ESTAT:TRAN_HV_FRMOD(1.0),16/04/25 11:00:00,A,PC,IWW,IT,2012,0.1,,
ESTAT:TRAN_HV_FRMOD(1.0),16/04/25 11:00:00,A,PC,IWW,IT,2013,0.1,,
ESTAT:TRAN_HV_FRMOD(1.0),16/04/25 11:00:00,A,PC,IWW,IT,2014,0.0,n,
ESTAT:TRAN_HV_FRMOD(1.0),16/04/25 11:00:00,A,PC,IWW,IT,2015,0.0,n,
ESTAT:TRAN_HV_FRMOD(1.0),16/04/25 11:00:00,A,PC,IWW,IT,2016,0.0,n,
ESTAT:TRAN_HV_FRMOD(1.0),16/04/25 11:00:00,A,PC,IWW,IT,2017,0.0,n,
ESTAT:TRAN_HV_FRMOD(1.0),16/04/25 11:00:00,A,PC,IWW,IT,2018,0.0,n,
ESTAT:TRAN_HV_FRMOD(1.0),16/04/25 11:00:00,A,PC,IWW,IT,2019,0.0,n,
ESTAT:TRAN_HV_FRMOD(1.0),16/04/25 11:00:00,A,PC,IWW,IT,2020,0.1,,
ESTAT:TRAN_HV_FRMOD(1.0),16/04/25 11:00:00,A,PC,IWW,IT,2021,0.1,,
ESTAT:TRAN_HV_FRMOD(1.0),16/04/25 11:00:00,A,PC,IWW,IT,2022,0.1,,
ESTAT:TRAN_HV_FRMOD(1.0),16/04/25 11:00:00,A,PC,IWW,IT,2023,0.0,n,
ESTAT:TRAN_HV_FRMOD(1.0),16/04/25 11:00:00,A,PC,IWW,LT,2005,0.0,n,
ESTAT:TRAN_HV_FRMOD(1.0),16/04/25 11:00:00,A,PC,IWW,LT,2006,0.0,n,
ESTAT:TRAN_HV_FRMOD(1.0),16/04/25 11:00:00,A,PC,IWW,LT,2007,0.1,,
ESTAT:TRAN_HV_FRMOD(1.0),16/04/25 11:00:00,A,PC,IWW,LT,2008,0.1,,
ESTAT:TRAN_HV_FRMOD(1.0),16/04/25 11:00:00,A,PC,IWW,LT,2009,0.0,n,
ESTAT:TRAN_HV_FRMOD(1.0),16/04/25 11:00:00,A,PC,IWW,LT,2010,0.0,n,
ESTAT:TRAN_HV_FRMOD(1.0),16/04/25 11:00:00,A,PC,IWW,LT,2011,0.0,n,
ESTAT:TRAN_HV_FRMOD(1.0),16/04/25 11:00:00,A,PC,IWW,LT,2012,0.0,n,
ESTAT:TRAN_HV_FRMOD(1.0),16/04/25 11:00:00,A,PC,IWW,LT,2013,0.0,n,
ESTAT:TRAN_HV_FRMOD(1.0),16/04/25 11:00:00,A,PC,IWW,LT,2014,0.0,n,
ESTAT:TRAN_HV_FRMOD(1.0),16/04/25 11:00:00,A,PC,IWW,LT,2015,0.0,n,
ESTAT:TRAN_HV_FRMOD(1.0),16/04/25 11:00:00,A,PC,IWW,LT,2016,0.0,n,
ESTAT:TRAN_HV_FRMOD(1.0),16/04/25 11:00:00,A,PC,IWW,LT,2017,0.0,n,
ESTAT:TRAN_HV_FRMOD(1.0),16/04/25 11:00:00,A,PC,IWW,LT,2018,0.0,n,
ESTAT:TRAN_HV_FRMOD(1.0),16/04/25 11:00:00,A,PC,IWW,LT,2019,0.0,n,
ESTAT:TRAN_HV_FRMOD(1.0),16/04/25 11:00:00,A,PC,IWW,LT,2020,0.0,n,
ESTAT:TRAN_HV_FRMOD(1.0),16/04/25 11:00:00,A,PC,IWW,LT,2021,0.0,n,
ESTAT:TRAN_HV_FRMOD(1.0),16/04/25 11:00:00,A,PC,IWW,LT,2022,0.1,,
ESTAT:TRAN_HV_FRMOD(1.0),16/04/25 11:00:00,A,PC,IWW,LT,2023,0.1,,
ESTAT:TRAN_HV_FRMOD(1.0),16/04/25 11:00:00,A,PC,IWW,LU,2005,13.1,,
ESTAT:TRAN_HV_FRMOD(1.0),16/04/25 11:00:00,A,PC,IWW,LU,2006,14.0,,
ESTAT:TRAN_HV_FRMOD(1.0),16/04/25 11:00:00,A,PC,IWW,LU,2007,13.1,,
ESTAT:TRAN_HV_FRMOD(1.0),16/04/25 11:00:00,A,PC,IWW,LU,2008,13.1,,
ESTAT:TRAN_HV_FRMOD(1.0),16/04/25 11:00:00,A,PC,IWW,LU,2009,11.4,,
ESTAT:TRAN_HV_FRMOD(1.0),16/04/25 11:00:00,A,PC,IWW,LU,2010,12.9,,
ESTAT:TRAN_HV_FRMOD(1.0),16/04/25 11:00:00,A,PC,IWW,LU,2011,11.1,,
ESTAT:TRAN_HV_FRMOD(1.0),16/04/25 11:00:00,A,PC,IWW,LU,2012,8.9,,
ESTAT:TRAN_HV_FRMOD(1.0),16/04/25 11:00:00,A,PC,IWW,LU,2013,10.5,,
ESTAT:TRAN_HV_FRMOD(1.0),16/04/25 11:00:00,A,PC,IWW,LU,2014,8.4,,
ESTAT:TRAN_HV_FRMOD(1.0),16/04/25 11:00:00,A,PC,IWW,LU,2015,8.0,,
ESTAT:TRAN_HV_FRMOD(1.0),16/04/25 11:00:00,A,PC,IWW,LU,2016,6.2,,
ESTAT:TRAN_HV_FRMOD(1.0),16/04/25 11:00:00,A,PC,IWW,LU,2017,6.2,,
ESTAT:TRAN_HV_FRMOD(1.0),16/04/25 11:00:00,A,PC,IWW,LU,2018,7.5,,
ESTAT:TRAN_HV_FRMOD(1.0),16/04/25 11:00:00,A,PC,IWW,LU,2019,8.2,,
ESTAT:TRAN_HV_FRMOD(1.0),16/04/25 11:00:00,A,PC,IWW,LU,2020,8.2,,
ESTAT:TRAN_HV_FRMOD(1.0),16/04/25 11:00:00,A,PC,IWW,LU,2021,8.0,,
ESTAT:TRAN_HV_FRMOD(1.0),16/04/25 11:00:00,A,PC,IWW,LU,2022,7.5,,
ESTAT:TRAN_HV_FRMOD(1.0),16/04/25 11:00:00,A,PC,IWW,LU,2023,6.9,,
ESTAT:TRAN_HV_FRMOD(1.0),16/04/25 11:00:00,A,PC,IWW,LV,2005,,m,
ESTAT:TRAN_HV_FRMOD(1.0),16/04/25 11:00:00,A,PC,IWW,LV,2006,,m,
ESTAT:TRAN_HV_FRMOD(1.0),16/04/25 11:00:00,A,PC,IWW,LV,2007,,m,
ESTAT:TRAN_HV_FRMOD(1.0),16/04/25 11:00:00,A,PC,IWW,LV,2008,,m,
ESTAT:TRAN_HV_FRMOD(1.0),16/04/25 11:00:00,A,PC,IWW,LV,2009,,m,
ESTAT:TRAN_HV_FRMOD(1.0),16/04/25 11:00:00,A,PC,IWW,LV,2010,,m,
ESTAT:TRAN_HV_FRMOD(1.0),16/04/25 11:00:00,A,PC,IWW,LV,2011,,m,
ESTAT:TRAN_HV_FRMOD(1.0),16/04/25 11:00:00,A,PC,IWW,LV,2012,,m,
ESTAT:TRAN_HV_FRMOD(1.0),16/04/25 11:00:00,A,PC,IWW,LV,2013,,m,
ESTAT:TRAN_HV_FRMOD(1.0),16/04/25 11:00:00,A,PC,IWW,LV,2014,,m,
ESTAT:TRAN_HV_FRMOD(1.0),16/04/25 11:00:00,A,PC,IWW,LV,2015,,m,
ESTAT:TRAN_HV_FRMOD(1.0),16/04/25 11:00:00,A,PC,IWW,LV,2016,,m,
ESTAT:TRAN_HV_FRMOD(1.0),16/04/25 11:00:00,A,PC,IWW,LV,2017,,m,
ESTAT:TRAN_HV_FRMOD(1.0),16/04/25 11:00:00,A,PC,IWW,LV,2018,,m,
ESTAT:TRAN_HV_FRMOD(1.0),16/04/25 11:00:00,A,PC,IWW,LV,2019,,m,
ESTAT:TRAN_HV_FRMOD(1.0),16/04/25 11:00:00,A,PC,IWW,LV,2020,,m,
ESTAT:TRAN_HV_FRMOD(1.0),16/04/25 11:00:00,A,PC,IWW,LV,2021,,m,
ESTAT:TRAN_HV_FRMOD(1.0),16/04/25 11:00:00,A,PC,IWW,LV,2022,,m,
ESTAT:TRAN_HV_FRMOD(1.0),16/04/25 11:00:00,A,PC,IWW,LV,2023,,m,
ESTAT:TRAN_HV_FRMOD(1.0),16/04/25 11:00:00,A,PC,IWW,MT,2005,,m,
ESTAT:TRAN_HV_FRMOD(1.0),16/04/25 11:00:00,A,PC,IWW,MT,2006,,m,
ESTAT:TRAN_HV_FRMOD(1.0),16/04/25 11:00:00,A,PC,IWW,MT,2007,,m,
ESTAT:TRAN_HV_FRMOD(1.0),16/04/25 11:00:00,A,PC,IWW,MT,2008,,m,
ESTAT:TRAN_HV_FRMOD(1.0),16/04/25 11:00:00,A,PC,IWW,MT,2009,,m,
ESTAT:TRAN_HV_FRMOD(1.0),16/04/25 11:00:00,A,PC,IWW,MT,2010,,m,
ESTAT:TRAN_HV_FRMOD(1.0),16/04/25 11:00:00,A,PC,IWW,MT,2011,,m,
ESTAT:TRAN_HV_FRMOD(1.0),16/04/25 11:00:00,A,PC,IWW,MT,2012,,m,
ESTAT:TRAN_HV_FRMOD(1.0),16/04/25 11:00:00,A,PC,IWW,MT,2013,,m,
ESTAT:TRAN_HV_FRMOD(1.0),16/04/25 11:00:00,A,PC,IWW,MT,2014,,m,
ESTAT:TRAN_HV_FRMOD(1.0),16/04/25 11:00:00,A,PC,IWW,MT,2015,,m,
ESTAT:TRAN_HV_FRMOD(1.0),16/04/25 11:00:00,A,PC,IWW,MT,2016,,m,
ESTAT:TRAN_HV_FRMOD(1.0),16/04/25 11:00:00,A,PC,IWW,MT,2017,,m,
ESTAT:TRAN_HV_FRMOD(1.0),16/04/25 11:00:00,A,PC,IWW,MT,2018,,m,
ESTAT:TRAN_HV_FRMOD(1.0),16/04/25 11:00:00,A,PC,IWW,MT,2019,,m,
ESTAT:TRAN_HV_FRMOD(1.0),16/04/25 11:00:00,A,PC,IWW,MT,2020,,m,
ESTAT:TRAN_HV_FRMOD(1.0),16/04/25 11:00:00,A,PC,IWW,MT,2021,,m,
ESTAT:TRAN_HV_FRMOD(1.0),16/04/25 11:00:00,A,PC,IWW,MT,2022,,m,
ESTAT:TRAN_HV_FRMOD(1.0),16/04/25 11:00:00,A,PC,IWW,MT,2023,,m,
ESTAT:TRAN_HV_FRMOD(1.0),16/04/25 11:00:00,A,PC,IWW,NL,2005,43.2,,
ESTAT:TRAN_HV_FRMOD(1.0),16/04/25 11:00:00,A,PC,IWW,NL,2006,42.9,,
ESTAT:TRAN_HV_FRMOD(1.0),16/04/25 11:00:00,A,PC,IWW,NL,2007,44.8,,
ESTAT:TRAN_HV_FRMOD(1.0),16/04/25 11:00:00,A,PC,IWW,NL,2008,44.2,,
ESTAT:TRAN_HV_FRMOD(1.0),16/04/25 11:00:00,A,PC,IWW,NL,2009,41.0,,
ESTAT:TRAN_HV_FRMOD(1.0),16/04/25 11:00:00,A,PC,IWW,NL,2010,45.8,,
ESTAT:TRAN_HV_FRMOD(1.0),16/04/25 11:00:00,A,PC,IWW,NL,2011,45.6,,
ESTAT:TRAN_HV_FRMOD(1.0),16/04/25 11:00:00,A,PC,IWW,NL,2012,46.8,,
ESTAT:TRAN_HV_FRMOD(1.0),16/04/25 11:00:00,A,PC,IWW,NL,2013,45.5,,
ESTAT:TRAN_HV_FRMOD(1.0),16/04/25 11:00:00,A,PC,IWW,NL,2014,45.5,,
ESTAT:TRAN_HV_FRMOD(1.0),16/04/25 11:00:00,A,PC,IWW,NL,2015,44.6,,
ESTAT:TRAN_HV_FRMOD(1.0),16/04/25 11:00:00,A,PC,IWW,NL,2016,43.7,,
ESTAT:TRAN_HV_FRMOD(1.0),16/04/25 11:00:00,A,PC,IWW,NL,2017,44.1,,
ESTAT:TRAN_HV_FRMOD(1.0),16/04/25 11:00:00,A,PC,IWW,NL,2018,42.5,,
ESTAT:TRAN_HV_FRMOD(1.0),16/04/25 11:00:00,A,PC,IWW,NL,2019,41.9,,
ESTAT:TRAN_HV_FRMOD(1.0),16/04/25 11:00:00,A,PC,IWW,NL,2020,41.0,,
ESTAT:TRAN_HV_FRMOD(1.0),16/04/25 11:00:00,A,PC,IWW,NL,2021,41.6,,
ESTAT:TRAN_HV_FRMOD(1.0),16/04/25 11:00:00,A,PC,IWW,NL,2022,41.1,,
ESTAT:TRAN_HV_FRMOD(1.0),16/04/25 11:00:00,A,PC,IWW,NL,2023,40.9,,
ESTAT:TRAN_HV_FRMOD(1.0),16/04/25 11:00:00,A,PC,IWW,NO,2005,,m,
ESTAT:TRAN_HV_FRMOD(1.0),16/04/25 11:00:00,A,PC,IWW,NO,2006,,m,
ESTAT:TRAN_HV_FRMOD(1.0),16/04/25 11:00:00,A,PC,IWW,NO,2007,,m,
ESTAT:TRAN_HV_FRMOD(1.0),16/04/25 11:00:00,A,PC,IWW,NO,2008,,m,
ESTAT:TRAN_HV_FRMOD(1.0),16/04/25 11:00:00,A,PC,IWW,NO,2009,,m,
ESTAT:TRAN_HV_FRMOD(1.0),16/04/25 11:00:00,A,PC,IWW,NO,2010,,m,
ESTAT:TRAN_HV_FRMOD(1.0),16/04/25 11:00:00,A,PC,IWW,NO,2011,,m,
ESTAT:TRAN_HV_FRMOD(1.0),16/04/25 11:00:00,A,PC,IWW,NO,2012,,m,
ESTAT:TRAN_HV_FRMOD(1.0),16/04/25 11:00:00,A,PC,IWW,NO,2013,,m,
ESTAT:TRAN_HV_FRMOD(1.0),16/04/25 11:00:00,A,PC,IWW,NO,2014,,m,
ESTAT:TRAN_HV_FRMOD(1.0),16/04/25 11:00:00,A,PC,IWW,NO,2015,,m,
ESTAT:TRAN_HV_FRMOD(1.0),16/04/25 11:00:00,A,PC,IWW,NO,2016,,m,
ESTAT:TRAN_HV_FRMOD(1.0),16/04/25 11:00:00,A,PC,IWW,NO,2017,,m,
ESTAT:TRAN_HV_FRMOD(1.0),16/04/25 11:00:00,A,PC,IWW,NO,2018,,m,
ESTAT:TRAN_HV_FRMOD(1.0),16/04/25 11:00:00,A,PC,IWW,NO,2019,,m,
ESTAT:TRAN_HV_FRMOD(1.0),16/04/25 11:00:00,A,PC,IWW,NO,2020,,m,
ESTAT:TRAN_HV_FRMOD(1.0),16/04/25 11:00:00,A,PC,IWW,NO,2021,,m,
ESTAT:TRAN_HV_FRMOD(1.0),16/04/25 11:00:00,A,PC,IWW,NO,2022,,m,
ESTAT:TRAN_HV_FRMOD(1.0),16/04/25 11:00:00,A,PC,IWW,NO,2023,,m,
ESTAT:TRAN_HV_FRMOD(1.0),16/04/25 11:00:00,A,PC,IWW,PL,2005,0.2,,
ESTAT:TRAN_HV_FRMOD(1.0),16/04/25 11:00:00,A,PC,IWW,PL,2006,0.2,,
ESTAT:TRAN_HV_FRMOD(1.0),16/04/25 11:00:00,A,PC,IWW,PL,2007,0.2,,
ESTAT:TRAN_HV_FRMOD(1.0),16/04/25 11:00:00,A,PC,IWW,PL,2008,0.2,,
ESTAT:TRAN_HV_FRMOD(1.0),16/04/25 11:00:00,A,PC,IWW,PL,2009,0.1,,
ESTAT:TRAN_HV_FRMOD(1.0),16/04/25 11:00:00,A,PC,IWW,PL,2010,0.1,,
ESTAT:TRAN_HV_FRMOD(1.0),16/04/25 11:00:00,A,PC,IWW,PL,2011,0.1,,
ESTAT:TRAN_HV_FRMOD(1.0),16/04/25 11:00:00,A,PC,IWW,PL,2012,0.1,,
ESTAT:TRAN_HV_FRMOD(1.0),16/04/25 11:00:00,A,PC,IWW,PL,2013,0.0,n,
ESTAT:TRAN_HV_FRMOD(1.0),16/04/25 11:00:00,A,PC,IWW,PL,2014,0.1,,
ESTAT:TRAN_HV_FRMOD(1.0),16/04/25 11:00:00,A,PC,IWW,PL,2015,0.0,n,
ESTAT:TRAN_HV_FRMOD(1.0),16/04/25 11:00:00,A,PC,IWW,PL,2016,0.1,,
ESTAT:TRAN_HV_FRMOD(1.0),16/04/25 11:00:00,A,PC,IWW,PL,2017,0.1,,
ESTAT:TRAN_HV_FRMOD(1.0),16/04/25 11:00:00,A,PC,IWW,PL,2018,0.1,,
ESTAT:TRAN_HV_FRMOD(1.0),16/04/25 11:00:00,A,PC,IWW,PL,2019,0.0,n,
ESTAT:TRAN_HV_FRMOD(1.0),16/04/25 11:00:00,A,PC,IWW,PL,2020,0.0,n,
ESTAT:TRAN_HV_FRMOD(1.0),16/04/25 11:00:00,A,PC,IWW,PL,2021,0.0,n,
ESTAT:TRAN_HV_FRMOD(1.0),16/04/25 11:00:00,A,PC,IWW,PL,2022,0.0,n,
ESTAT:TRAN_HV_FRMOD(1.0),16/04/25 11:00:00,A,PC,IWW,PL,2023,0.0,n,
ESTAT:TRAN_HV_FRMOD(1.0),16/04/25 11:00:00,A,PC,IWW,PT,2005,,m,
ESTAT:TRAN_HV_FRMOD(1.0),16/04/25 11:00:00,A,PC,IWW,PT,2006,,m,
ESTAT:TRAN_HV_FRMOD(1.0),16/04/25 11:00:00,A,PC,IWW,PT,2007,,m,
ESTAT:TRAN_HV_FRMOD(1.0),16/04/25 11:00:00,A,PC,IWW,PT,2008,,m,
ESTAT:TRAN_HV_FRMOD(1.0),16/04/25 11:00:00,A,PC,IWW,PT,2009,,m,
ESTAT:TRAN_HV_FRMOD(1.0),16/04/25 11:00:00,A,PC,IWW,PT,2010,,m,
ESTAT:TRAN_HV_FRMOD(1.0),16/04/25 11:00:00,A,PC,IWW,PT,2011,,m,
ESTAT:TRAN_HV_FRMOD(1.0),16/04/25 11:00:00,A,PC,IWW,PT,2012,,m,
ESTAT:TRAN_HV_FRMOD(1.0),16/04/25 11:00:00,A,PC,IWW,PT,2013,,m,
ESTAT:TRAN_HV_FRMOD(1.0),16/04/25 11:00:00,A,PC,IWW,PT,2014,,m,
ESTAT:TRAN_HV_FRMOD(1.0),16/04/25 11:00:00,A,PC,IWW,PT,2015,,m,
ESTAT:TRAN_HV_FRMOD(1.0),16/04/25 11:00:00,A,PC,IWW,PT,2016,,m,
ESTAT:TRAN_HV_FRMOD(1.0),16/04/25 11:00:00,A,PC,IWW,PT,2017,,m,
ESTAT:TRAN_HV_FRMOD(1.0),16/04/25 11:00:00,A,PC,IWW,PT,2018,,m,
ESTAT:TRAN_HV_FRMOD(1.0),16/04/25 11:00:00,A,PC,IWW,PT,2019,,m,
ESTAT:TRAN_HV_FRMOD(1.0),16/04/25 11:00:00,A,PC,IWW,PT,2020,,m,
ESTAT:TRAN_HV_FRMOD(1.0),16/04/25 11:00:00,A,PC,IWW,PT,2021,,m,
ESTAT:TRAN_HV_FRMOD(1.0),16/04/25 11:00:00,A,PC,IWW,PT,2022,,m,
ESTAT:TRAN_HV_FRMOD(1.0),16/04/25 11:00:00,A,PC,IWW,PT,2023,,m,
ESTAT:TRAN_HV_FRMOD(1.0),16/04/25 11:00:00,A,PC,IWW,RO,2005,23.2,e,
ESTAT:TRAN_HV_FRMOD(1.0),16/04/25 11:00:00,A,PC,IWW,RO,2006,23.4,e,
ESTAT:TRAN_HV_FRMOD(1.0),16/04/25 11:00:00,A,PC,IWW,RO,2007,25.2,e,
ESTAT:TRAN_HV_FRMOD(1.0),16/04/25 11:00:00,A,PC,IWW,RO,2008,25.8,e,
ESTAT:TRAN_HV_FRMOD(1.0),16/04/25 11:00:00,A,PC,IWW,RO,2009,24.5,,
ESTAT:TRAN_HV_FRMOD(1.0),16/04/25 11:00:00,A,PC,IWW,RO,2010,33.8,,
ESTAT:TRAN_HV_FRMOD(1.0),16/04/25 11:00:00,A,PC,IWW,RO,2011,27.4,,
ESTAT:TRAN_HV_FRMOD(1.0),16/04/25 11:00:00,A,PC,IWW,RO,2012,29.2,,
ESTAT:TRAN_HV_FRMOD(1.0),16/04/25 11:00:00,A,PC,IWW,RO,2013,29.0,,
ESTAT:TRAN_HV_FRMOD(1.0),16/04/25 11:00:00,A,PC,IWW,RO,2014,29.0,,
ESTAT:TRAN_HV_FRMOD(1.0),16/04/25 11:00:00,A,PC,IWW,RO,2015,30.4,,
ESTAT:TRAN_HV_FRMOD(1.0),16/04/25 11:00:00,A,PC,IWW,RO,2016,29.4,,
ESTAT:TRAN_HV_FRMOD(1.0),16/04/25 11:00:00,A,PC,IWW,RO,2017,27.4,,
ESTAT:TRAN_HV_FRMOD(1.0),16/04/25 11:00:00,A,PC,IWW,RO,2018,27.1,,
ESTAT:TRAN_HV_FRMOD(1.0),16/04/25 11:00:00,A,PC,IWW,RO,2019,28.2,,
ESTAT:TRAN_HV_FRMOD(1.0),16/04/25 11:00:00,A,PC,IWW,RO,2020,28.7,,
ESTAT:TRAN_HV_FRMOD(1.0),16/04/25 11:00:00,A,PC,IWW,RO,2021,25.1,,
ESTAT:TRAN_HV_FRMOD(1.0),16/04/25 11:00:00,A,PC,IWW,RO,2022,20.5,,
ESTAT:TRAN_HV_FRMOD(1.0),16/04/25 11:00:00,A,PC,IWW,RO,2023,22.3,,
ESTAT:TRAN_HV_FRMOD(1.0),16/04/25 11:00:00,A,PC,IWW,SE,2005,,m,
ESTAT:TRAN_HV_FRMOD(1.0),16/04/25 11:00:00,A,PC,IWW,SE,2006,,m,
ESTAT:TRAN_HV_FRMOD(1.0),16/04/25 11:00:00,A,PC,IWW,SE,2007,,m,
ESTAT:TRAN_HV_FRMOD(1.0),16/04/25 11:00:00,A,PC,IWW,SE,2008,,m,
ESTAT:TRAN_HV_FRMOD(1.0),16/04/25 11:00:00,A,PC,IWW,SE,2009,,m,
ESTAT:TRAN_HV_FRMOD(1.0),16/04/25 11:00:00,A,PC,IWW,SE,2010,,m,
ESTAT:TRAN_HV_FRMOD(1.0),16/04/25 11:00:00,A,PC,IWW,SE,2011,,m,
ESTAT:TRAN_HV_FRMOD(1.0),16/04/25 11:00:00,A,PC,IWW,SE,2012,,m,
ESTAT:TRAN_HV_FRMOD(1.0),16/04/25 11:00:00,A,PC,IWW,SE,2013,,m,
ESTAT:TRAN_HV_FRMOD(1.0),16/04/25 11:00:00,A,PC,IWW,SE,2014,,m,
ESTAT:TRAN_HV_FRMOD(1.0),16/04/25 11:00:00,A,PC,IWW,SE,2015,,m,
ESTAT:TRAN_HV_FRMOD(1.0),16/04/25 11:00:00,A,PC,IWW,SE,2016,0.0,n,
ESTAT:TRAN_HV_FRMOD(1.0),16/04/25 11:00:00,A,PC,IWW,SE,2017,0.0,n,
ESTAT:TRAN_HV_FRMOD(1.0),16/04/25 11:00:00,A,PC,IWW,SE,2018,0.1,,
ESTAT:TRAN_HV_FRMOD(1.0),16/04/25 11:00:00,A,PC,IWW,SE,2019,0.1,,
ESTAT:TRAN_HV_FRMOD(1.0),16/04/25 11:00:00,A,PC,IWW,SE,2020,0.1,,
ESTAT:TRAN_HV_FRMOD(1.0),16/04/25 11:00:00,A,PC,IWW,SE,2021,0.2,,
ESTAT:TRAN_HV_FRMOD(1.0),16/04/25 11:00:00,A,PC,IWW,SE,2022,0.2,,
ESTAT:TRAN_HV_FRMOD(1.0),16/04/25 11:00:00,A,PC,IWW,SE,2023,0.2,,
ESTAT:TRAN_HV_FRMOD(1.0),16/04/25 11:00:00,A,PC,IWW,SI,2005,,m,
ESTAT:TRAN_HV_FRMOD(1.0),16/04/25 11:00:00,A,PC,IWW,SI,2006,,m,
ESTAT:TRAN_HV_FRMOD(1.0),16/04/25 11:00:00,A,PC,IWW,SI,2007,,m,
ESTAT:TRAN_HV_FRMOD(1.0),16/04/25 11:00:00,A,PC,IWW,SI,2008,,m,
ESTAT:TRAN_HV_FRMOD(1.0),16/04/25 11:00:00,A,PC,IWW,SI,2009,,m,
ESTAT:TRAN_HV_FRMOD(1.0),16/04/25 11:00:00,A,PC,IWW,SI,2010,,m,
ESTAT:TRAN_HV_FRMOD(1.0),16/04/25 11:00:00,A,PC,IWW,SI,2011,,m,
ESTAT:TRAN_HV_FRMOD(1.0),16/04/25 11:00:00,A,PC,IWW,SI,2012,,m,
ESTAT:TRAN_HV_FRMOD(1.0),16/04/25 11:00:00,A,PC,IWW,SI,2013,,m,
ESTAT:TRAN_HV_FRMOD(1.0),16/04/25 11:00:00,A,PC,IWW,SI,2014,,m,
ESTAT:TRAN_HV_FRMOD(1.0),16/04/25 11:00:00,A,PC,IWW,SI,2015,,m,
ESTAT:TRAN_HV_FRMOD(1.0),16/04/25 11:00:00,A,PC,IWW,SI,2016,,m,
ESTAT:TRAN_HV_FRMOD(1.0),16/04/25 11:00:00,A,PC,IWW,SI,2017,,m,
ESTAT:TRAN_HV_FRMOD(1.0),16/04/25 11:00:00,A,PC,IWW,SI,2018,,m,
ESTAT:TRAN_HV_FRMOD(1.0),16/04/25 11:00:00,A,PC,IWW,SI,2019,,m,
ESTAT:TRAN_HV_FRMOD(1.0),16/04/25 11:00:00,A,PC,IWW,SI,2020,,m,
ESTAT:TRAN_HV_FRMOD(1.0),16/04/25 11:00:00,A,PC,IWW,SI,2021,,m,
ESTAT:TRAN_HV_FRMOD(1.0),16/04/25 11:00:00,A,PC,IWW,SI,2022,,m,
ESTAT:TRAN_HV_FRMOD(1.0),16/04/25 11:00:00,A,PC,IWW,SI,2023,,m,
ESTAT:TRAN_HV_FRMOD(1.0),16/04/25 11:00:00,A,PC,IWW,SK,2005,4.2,e,
ESTAT:TRAN_HV_FRMOD(1.0),16/04/25 11:00:00,A,PC,IWW,SK,2006,4.0,e,
ESTAT:TRAN_HV_FRMOD(1.0),16/04/25 11:00:00,A,PC,IWW,SK,2007,4.4,,
ESTAT:TRAN_HV_FRMOD(1.0),16/04/25 11:00:00,A,PC,IWW,SK,2008,4.8,,
ESTAT:TRAN_HV_FRMOD(1.0),16/04/25 11:00:00,A,PC,IWW,SK,2009,4.6,,
ESTAT:TRAN_HV_FRMOD(1.0),16/04/25 11:00:00,A,PC,IWW,SK,2010,5.6,,
ESTAT:TRAN_HV_FRMOD(1.0),16/04/25 11:00:00,A,PC,IWW,SK,2011,4.5,,
ESTAT:TRAN_HV_FRMOD(1.0),16/04/25 11:00:00,A,PC,IWW,SK,2012,4.7,,
ESTAT:TRAN_HV_FRMOD(1.0),16/04/25 11:00:00,A,PC,IWW,SK,2013,4.6,,
ESTAT:TRAN_HV_FRMOD(1.0),16/04/25 11:00:00,A,PC,IWW,SK,2014,4.0,,
ESTAT:TRAN_HV_FRMOD(1.0),16/04/25 11:00:00,A,PC,IWW,SK,2015,3.2,,
ESTAT:TRAN_HV_FRMOD(1.0),16/04/25 11:00:00,A,PC,IWW,SK,2016,3.7,,
ESTAT:TRAN_HV_FRMOD(1.0),16/04/25 11:00:00,A,PC,IWW,SK,2017,3.6,,
ESTAT:TRAN_HV_FRMOD(1.0),16/04/25 11:00:00,A,PC,IWW,SK,2018,3.0,,
ESTAT:TRAN_HV_FRMOD(1.0),16/04/25 11:00:00,A,PC,IWW,SK,2019,3.6,,
ESTAT:TRAN_HV_FRMOD(1.0),16/04/25 11:00:00,A,PC,IWW,SK,2020,3.4,,
ESTAT:TRAN_HV_FRMOD(1.0),16/04/25 11:00:00,A,PC,IWW,SK,2021,3.3,,
ESTAT:TRAN_HV_FRMOD(1.0),16/04/25 11:00:00,A,PC,IWW,SK,2022,2.6,,
ESTAT:TRAN_HV_FRMOD(1.0),16/04/25 11:00:00,A,PC,IWW,SK,2023,2.6,,
ESTAT:TRAN_HV_FRMOD(1.0),16/04/25 11:00:00,A,PC,IWW,UK,2005,0.1,,
ESTAT:TRAN_HV_FRMOD(1.0),16/04/25 11:00:00,A,PC,IWW,UK,2006,0.1,,
ESTAT:TRAN_HV_FRMOD(1.0),16/04/25 11:00:00,A,PC,IWW,UK,2007,0.1,,
ESTAT:TRAN_HV_FRMOD(1.0),16/04/25 11:00:00,A,PC,IWW,UK,2008,0.1,,
ESTAT:TRAN_HV_FRMOD(1.0),16/04/25 11:00:00,A,PC,IWW,UK,2009,0.1,,
ESTAT:TRAN_HV_FRMOD(1.0),16/04/25 11:00:00,A,PC,IWW,UK,2010,0.1,,
ESTAT:TRAN_HV_FRMOD(1.0),16/04/25 11:00:00,A,PC,IWW,UK,2011,0.1,,
ESTAT:TRAN_HV_FRMOD(1.0),16/04/25 11:00:00,A,PC,IWW,UK,2012,0.1,,
ESTAT:TRAN_HV_FRMOD(1.0),16/04/25 11:00:00,A,PC,IWW,UK,2013,0.1,,
ESTAT:TRAN_HV_FRMOD(1.0),16/04/25 11:00:00,A,PC,IWW,UK,2014,0.1,,
ESTAT:TRAN_HV_FRMOD(1.0),16/04/25 11:00:00,A,PC,IWW,UK,2015,0.1,,
ESTAT:TRAN_HV_FRMOD(1.0),16/04/25 11:00:00,A,PC,IWW,UK,2016,0.1,,
ESTAT:TRAN_HV_FRMOD(1.0),16/04/25 11:00:00,A,PC,IWW,UK,2017,0.1,,
ESTAT:TRAN_HV_FRMOD(1.0),16/04/25 11:00:00,A,PC,IWW,UK,2018,0.1,,
ESTAT:TRAN_HV_FRMOD(1.0),16/04/25 11:00:00,A,PC,IWW,UK,2019,0.1,,
ESTAT:TRAN_HV_FRMOD(1.0),16/04/25 11:00:00,A,PC,RAIL,AT,2005,35.7,,
ESTAT:TRAN_HV_FRMOD(1.0),16/04/25 11:00:00,A,PC,RAIL,AT,2006,36.0,,
ESTAT:TRAN_HV_FRMOD(1.0),16/04/25 11:00:00,A,PC,RAIL,AT,2007,34.2,,
ESTAT:TRAN_HV_FRMOD(1.0),16/04/25 11:00:00,A,PC,RAIL,AT,2008,33.6,,
ESTAT:TRAN_HV_FRMOD(1.0),16/04/25 11:00:00,A,PC,RAIL,AT,2009,32.0,,
ESTAT:TRAN_HV_FRMOD(1.0),16/04/25 11:00:00,A,PC,RAIL,AT,2010,33.0,,
ESTAT:TRAN_HV_FRMOD(1.0),16/04/25 11:00:00,A,PC,RAIL,AT,2011,33.1,,
ESTAT:TRAN_HV_FRMOD(1.0),16/04/25 11:00:00,A,PC,RAIL,AT,2012,32.7,,
ESTAT:TRAN_HV_FRMOD(1.0),16/04/25 11:00:00,A,PC,RAIL,AT,2013,32.1,,
ESTAT:TRAN_HV_FRMOD(1.0),16/04/25 11:00:00,A,PC,RAIL,AT,2014,33.1,,
ESTAT:TRAN_HV_FRMOD(1.0),16/04/25 11:00:00,A,PC,RAIL,AT,2015,32.5,,
ESTAT:TRAN_HV_FRMOD(1.0),16/04/25 11:00:00,A,PC,RAIL,AT,2016,32.1,,
ESTAT:TRAN_HV_FRMOD(1.0),16/04/25 11:00:00,A,PC,RAIL,AT,2017,31.9,,
ESTAT:TRAN_HV_FRMOD(1.0),16/04/25 11:00:00,A,PC,RAIL,AT,2018,31.6,,
ESTAT:TRAN_HV_FRMOD(1.0),16/04/25 11:00:00,A,PC,RAIL,AT,2019,31.0,,
ESTAT:TRAN_HV_FRMOD(1.0),16/04/25 11:00:00,A,PC,RAIL,AT,2020,29.8,,
ESTAT:TRAN_HV_FRMOD(1.0),16/04/25 11:00:00,A,PC,RAIL,AT,2021,30.0,,
ESTAT:TRAN_HV_FRMOD(1.0),16/04/25 11:00:00,A,PC,RAIL,AT,2022,30.2,,
ESTAT:TRAN_HV_FRMOD(1.0),16/04/25 11:00:00,A,PC,RAIL,AT,2023,29.3,,
ESTAT:TRAN_HV_FRMOD(1.0),16/04/25 11:00:00,A,PC,RAIL,BE,2005,12.8,,
ESTAT:TRAN_HV_FRMOD(1.0),16/04/25 11:00:00,A,PC,RAIL,BE,2006,13.1,,
ESTAT:TRAN_HV_FRMOD(1.0),16/04/25 11:00:00,A,PC,RAIL,BE,2007,13.8,,
ESTAT:TRAN_HV_FRMOD(1.0),16/04/25 11:00:00,A,PC,RAIL,BE,2008,13.7,,
ESTAT:TRAN_HV_FRMOD(1.0),16/04/25 11:00:00,A,PC,RAIL,BE,2009,11.0,,
ESTAT:TRAN_HV_FRMOD(1.0),16/04/25 11:00:00,A,PC,RAIL,BE,2010,12.0,,
ESTAT:TRAN_HV_FRMOD(1.0),16/04/25 11:00:00,A,PC,RAIL,BE,2011,12.2,,
ESTAT:TRAN_HV_FRMOD(1.0),16/04/25 11:00:00,A,PC,RAIL,BE,2012,11.4,e,
ESTAT:TRAN_HV_FRMOD(1.0),16/04/25 11:00:00,A,PC,RAIL,BE,2013,11.0,e,
ESTAT:TRAN_HV_FRMOD(1.0),16/04/25 11:00:00,A,PC,RAIL,BE,2014,11.1,e,
ESTAT:TRAN_HV_FRMOD(1.0),16/04/25 11:00:00,A,PC,RAIL,BE,2015,11.2,e,
ESTAT:TRAN_HV_FRMOD(1.0),16/04/25 11:00:00,A,PC,RAIL,BE,2016,11.1,e,
ESTAT:TRAN_HV_FRMOD(1.0),16/04/25 11:00:00,A,PC,RAIL,BE,2017,11.1,e,
ESTAT:TRAN_HV_FRMOD(1.0),16/04/25 11:00:00,A,PC,RAIL,BE,2018,12.3,be,
ESTAT:TRAN_HV_FRMOD(1.0),16/04/25 11:00:00,A,PC,RAIL,BE,2019,12.1,e,
ESTAT:TRAN_HV_FRMOD(1.0),16/04/25 11:00:00,A,PC,RAIL,BE,2020,11.6,e,
ESTAT:TRAN_HV_FRMOD(1.0),16/04/25 11:00:00,A,PC,RAIL,BE,2021,11.8,e,
ESTAT:TRAN_HV_FRMOD(1.0),16/04/25 11:00:00,A,PC,RAIL,BE,2022,12.4,e,
ESTAT:TRAN_HV_FRMOD(1.0),16/04/25 11:00:00,A,PC,RAIL,BE,2023,11.7,e,
ESTAT:TRAN_HV_FRMOD(1.0),16/04/25 11:00:00,A,PC,RAIL,BG,2005,22.3,e,
ESTAT:TRAN_HV_FRMOD(1.0),16/04/25 11:00:00,A,PC,RAIL,BG,2006,23.3,e,
ESTAT:TRAN_HV_FRMOD(1.0),16/04/25 11:00:00,A,PC,RAIL,BG,2007,23.1,e,
ESTAT:TRAN_HV_FRMOD(1.0),16/04/25 11:00:00,A,PC,RAIL,BG,2008,21.7,e,
ESTAT:TRAN_HV_FRMOD(1.0),16/04/25 11:00:00,A,PC,RAIL,BG,2009,18.1,,
ESTAT:TRAN_HV_FRMOD(1.0),16/04/25 11:00:00,A,PC,RAIL,BG,2010,17.0,,
ESTAT:TRAN_HV_FRMOD(1.0),16/04/25 11:00:00,A,PC,RAIL,BG,2011,19.0,,
ESTAT:TRAN_HV_FRMOD(1.0),16/04/25 11:00:00,A,PC,RAIL,BG,2012,16.6,,
ESTAT:TRAN_HV_FRMOD(1.0),16/04/25 11:00:00,A,PC,RAIL,BG,2013,16.6,,
ESTAT:TRAN_HV_FRMOD(1.0),16/04/25 11:00:00,A,PC,RAIL,BG,2014,18.2,,
ESTAT:TRAN_HV_FRMOD(1.0),16/04/25 11:00:00,A,PC,RAIL,BG,2015,17.9,,
ESTAT:TRAN_HV_FRMOD(1.0),16/04/25 11:00:00,A,PC,RAIL,BG,2016,17.1,,
ESTAT:TRAN_HV_FRMOD(1.0),16/04/25 11:00:00,A,PC,RAIL,BG,2017,18.6,,
ESTAT:TRAN_HV_FRMOD(1.0),16/04/25 11:00:00,A,PC,RAIL,BG,2018,19.3,,
ESTAT:TRAN_HV_FRMOD(1.0),16/04/25 11:00:00,A,PC,RAIL,BG,2019,21.2,,
ESTAT:TRAN_HV_FRMOD(1.0),16/04/25 11:00:00,A,PC,RAIL,BG,2020,20.7,,
ESTAT:TRAN_HV_FRMOD(1.0),16/04/25 11:00:00,A,PC,RAIL,BG,2021,19.6,,
ESTAT:TRAN_HV_FRMOD(1.0),16/04/25 11:00:00,A,PC,RAIL,BG,2022,22.9,,
ESTAT:TRAN_HV_FRMOD(1.0),16/04/25 11:00:00,A,PC,RAIL,BG,2023,19.2,,
ESTAT:TRAN_HV_FRMOD(1.0),16/04/25 11:00:00,A,PC,RAIL,CH,2005,33.6,e,
ESTAT:TRAN_HV_FRMOD(1.0),16/04/25 11:00:00,A,PC,RAIL,CH,2006,34.8,e,
ESTAT:TRAN_HV_FRMOD(1.0),16/04/25 11:00:00,A,PC,RAIL,CH,2007,35.1,e,
ESTAT:TRAN_HV_FRMOD(1.0),16/04/25 11:00:00,A,PC,RAIL,CH,2008,35.5,,
ESTAT:TRAN_HV_FRMOD(1.0),16/04/25 11:00:00,A,PC,RAIL,CH,2009,33.5,,
ESTAT:TRAN_HV_FRMOD(1.0),16/04/25 11:00:00,A,PC,RAIL,CH,2010,33.8,,
ESTAT:TRAN_HV_FRMOD(1.0),16/04/25 11:00:00,A,PC,RAIL,CH,2011,35.2,,
ESTAT:TRAN_HV_FRMOD(1.0),16/04/25 11:00:00,A,PC,RAIL,CH,2012,34.6,,
ESTAT:TRAN_HV_FRMOD(1.0),16/04/25 11:00:00,A,PC,RAIL,CH,2013,36.1,,
ESTAT:TRAN_HV_FRMOD(1.0),16/04/25 11:00:00,A,PC,RAIL,CH,2014,36.2,,
ESTAT:TRAN_HV_FRMOD(1.0),16/04/25 11:00:00,A,PC,RAIL,CH,2015,37.3,,
ESTAT:TRAN_HV_FRMOD(1.0),16/04/25 11:00:00,A,PC,RAIL,CH,2016,37.5,,
ESTAT:TRAN_HV_FRMOD(1.0),16/04/25 11:00:00,A,PC,RAIL,CH,2017,34.7,e,
ESTAT:TRAN_HV_FRMOD(1.0),16/04/25 11:00:00,A,PC,RAIL,CH,2018,34.7,e,
ESTAT:TRAN_HV_FRMOD(1.0),16/04/25 11:00:00,A,PC,RAIL,CH,2019,34.3,e,
ESTAT:TRAN_HV_FRMOD(1.0),16/04/25 11:00:00,A,PC,RAIL,CH,2020,32.5,e,
ESTAT:TRAN_HV_FRMOD(1.0),16/04/25 11:00:00,A,PC,RAIL,CH,2021,33.6,e,
ESTAT:TRAN_HV_FRMOD(1.0),16/04/25 11:00:00,A,PC,RAIL,CH,2022,33.6,e,
ESTAT:TRAN_HV_FRMOD(1.0),16/04/25 11:00:00,A,PC,RAIL,CH,2023,34.3,e,
ESTAT:TRAN_HV_FRMOD(1.0),16/04/25 11:00:00,A,PC,RAIL,CY,2005,,m,
ESTAT:TRAN_HV_FRMOD(1.0),16/04/25 11:00:00,A,PC,RAIL,CY,2006,,m,
ESTAT:TRAN_HV_FRMOD(1.0),16/04/25 11:00:00,A,PC,RAIL,CY,2007,,m,
ESTAT:TRAN_HV_FRMOD(1.0),16/04/25 11:00:00,A,PC,RAIL,CY,2008,,m,
ESTAT:TRAN_HV_FRMOD(1.0),16/04/25 11:00:00,A,PC,RAIL,CY,2009,,m,
ESTAT:TRAN_HV_FRMOD(1.0),16/04/25 11:00:00,A,PC,RAIL,CY,2010,,m,
ESTAT:TRAN_HV_FRMOD(1.0),16/04/25 11:00:00,A,PC,RAIL,CY,2011,,m,
ESTAT:TRAN_HV_FRMOD(1.0),16/04/25 11:00:00,A,PC,RAIL,CY,2012,,m,
ESTAT:TRAN_HV_FRMOD(1.0),16/04/25 11:00:00,A,PC,RAIL,CY,2013,,m,
ESTAT:TRAN_HV_FRMOD(1.0),16/04/25 11:00:00,A,PC,RAIL,CY,2014,,m,
ESTAT:TRAN_HV_FRMOD(1.0),16/04/25 11:00:00,A,PC,RAIL,CY,2015,,m,
ESTAT:TRAN_HV_FRMOD(1.0),16/04/25 11:00:00,A,PC,RAIL,CY,2016,,m,
ESTAT:TRAN_HV_FRMOD(1.0),16/04/25 11:00:00,A,PC,RAIL,CY,2017,,m,
ESTAT:TRAN_HV_FRMOD(1.0),16/04/25 11:00:00,A,PC,RAIL,CY,2018,,m,
ESTAT:TRAN_HV_FRMOD(1.0),16/04/25 11:00:00,A,PC,RAIL,CY,2019,,m,
ESTAT:TRAN_HV_FRMOD(1.0),16/04/25 11:00:00,A,PC,RAIL,CY,2020,,m,
ESTAT:TRAN_HV_FRMOD(1.0),16/04/25 11:00:00,A,PC,RAIL,CY,2021,,m,
ESTAT:TRAN_HV_FRMOD(1.0),16/04/25 11:00:00,A,PC,RAIL,CY,2022,,m,
ESTAT:TRAN_HV_FRMOD(1.0),16/04/25 11:00:00,A,PC,RAIL,CY,2023,,m,
ESTAT:TRAN_HV_FRMOD(1.0),16/04/25 11:00:00,A,PC,RAIL,CZ,2005,31.4,,
ESTAT:TRAN_HV_FRMOD(1.0),16/04/25 11:00:00,A,PC,RAIL,CZ,2006,31.8,,
ESTAT:TRAN_HV_FRMOD(1.0),16/04/25 11:00:00,A,PC,RAIL,CZ,2007,32.1,,
ESTAT:TRAN_HV_FRMOD(1.0),16/04/25 11:00:00,A,PC,RAIL,CZ,2008,32.2,,
ESTAT:TRAN_HV_FRMOD(1.0),16/04/25 11:00:00,A,PC,RAIL,CZ,2009,30.5,,
ESTAT:TRAN_HV_FRMOD(1.0),16/04/25 11:00:00,A,PC,RAIL,CZ,2010,30.1,,
ESTAT:TRAN_HV_FRMOD(1.0),16/04/25 11:00:00,A,PC,RAIL,CZ,2011,30.1,,
ESTAT:TRAN_HV_FRMOD(1.0),16/04/25 11:00:00,A,PC,RAIL,CZ,2012,30.5,,
ESTAT:TRAN_HV_FRMOD(1.0),16/04/25 11:00:00,A,PC,RAIL,CZ,2013,28.3,,
ESTAT:TRAN_HV_FRMOD(1.0),16/04/25 11:00:00,A,PC,RAIL,CZ,2014,28.2,,
ESTAT:TRAN_HV_FRMOD(1.0),16/04/25 11:00:00,A,PC,RAIL,CZ,2015,26.3,,
ESTAT:TRAN_HV_FRMOD(1.0),16/04/25 11:00:00,A,PC,RAIL,CZ,2016,26.5,,
ESTAT:TRAN_HV_FRMOD(1.0),16/04/25 11:00:00,A,PC,RAIL,CZ,2017,26.9,,
ESTAT:TRAN_HV_FRMOD(1.0),16/04/25 11:00:00,A,PC,RAIL,CZ,2018,27.6,,
ESTAT:TRAN_HV_FRMOD(1.0),16/04/25 11:00:00,A,PC,RAIL,CZ,2019,26.2,,
ESTAT:TRAN_HV_FRMOD(1.0),16/04/25 11:00:00,A,PC,RAIL,CZ,2020,22.8,,
ESTAT:TRAN_HV_FRMOD(1.0),16/04/25 11:00:00,A,PC,RAIL,CZ,2021,22.8,,
ESTAT:TRAN_HV_FRMOD(1.0),16/04/25 11:00:00,A,PC,RAIL,CZ,2022,22.1,,
ESTAT:TRAN_HV_FRMOD(1.0),16/04/25 11:00:00,A,PC,RAIL,CZ,2023,21.7,,
ESTAT:TRAN_HV_FRMOD(1.0),16/04/25 11:00:00,A,PC,RAIL,DE,2005,18.0,,
ESTAT:TRAN_HV_FRMOD(1.0),16/04/25 11:00:00,A,PC,RAIL,DE,2006,18.9,,
ESTAT:TRAN_HV_FRMOD(1.0),16/04/25 11:00:00,A,PC,RAIL,DE,2007,19.3,,
ESTAT:TRAN_HV_FRMOD(1.0),16/04/25 11:00:00,A,PC,RAIL,DE,2008,19.3,,
ESTAT:TRAN_HV_FRMOD(1.0),16/04/25 11:00:00,A,PC,RAIL,DE,2009,17.8,,
ESTAT:TRAN_HV_FRMOD(1.0),16/04/25 11:00:00,A,PC,RAIL,DE,2010,18.7,,
ESTAT:TRAN_HV_FRMOD(1.0),16/04/25 11:00:00,A,PC,RAIL,DE,2011,19.3,,
ESTAT:TRAN_HV_FRMOD(1.0),16/04/25 11:00:00,A,PC,RAIL,DE,2012,19.1,,
ESTAT:TRAN_HV_FRMOD(1.0),16/04/25 11:00:00,A,PC,RAIL,DE,2013,18.8,,
ESTAT:TRAN_HV_FRMOD(1.0),16/04/25 11:00:00,A,PC,RAIL,DE,2014,18.8,,
ESTAT:TRAN_HV_FRMOD(1.0),16/04/25 11:00:00,A,PC,RAIL,DE,2015,19.0,,
ESTAT:TRAN_HV_FRMOD(1.0),16/04/25 11:00:00,A,PC,RAIL,DE,2016,21.3,,
ESTAT:TRAN_HV_FRMOD(1.0),16/04/25 11:00:00,A,PC,RAIL,DE,2017,19.7,,
ESTAT:TRAN_HV_FRMOD(1.0),16/04/25 11:00:00,A,PC,RAIL,DE,2018,20.2,,
ESTAT:TRAN_HV_FRMOD(1.0),16/04/25 11:00:00,A,PC,RAIL,DE,2019,19.8,,
ESTAT:TRAN_HV_FRMOD(1.0),16/04/25 11:00:00,A,PC,RAIL,DE,2020,17.6,,
ESTAT:TRAN_HV_FRMOD(1.0),16/04/25 11:00:00,A,PC,RAIL,DE,2021,19.0,,
ESTAT:TRAN_HV_FRMOD(1.0),16/04/25 11:00:00,A,PC,RAIL,DE,2022,19.8,,
ESTAT:TRAN_HV_FRMOD(1.0),16/04/25 11:00:00,A,PC,RAIL,DE,2023,20.6,,
ESTAT:TRAN_HV_FRMOD(1.0),16/04/25 11:00:00,A,PC,RAIL,DK,2005,10.6,,
ESTAT:TRAN_HV_FRMOD(1.0),16/04/25 11:00:00,A,PC,RAIL,DK,2006,9.7,,
ESTAT:TRAN_HV_FRMOD(1.0),16/04/25 11:00:00,A,PC,RAIL,DK,2007,8.9,,
ESTAT:TRAN_HV_FRMOD(1.0),16/04/25 11:00:00,A,PC,RAIL,DK,2008,9.0,,
ESTAT:TRAN_HV_FRMOD(1.0),16/04/25 11:00:00,A,PC,RAIL,DK,2009,9.1,,
ESTAT:TRAN_HV_FRMOD(1.0),16/04/25 11:00:00,A,PC,RAIL,DK,2010,11.5,,
ESTAT:TRAN_HV_FRMOD(1.0),16/04/25 11:00:00,A,PC,RAIL,DK,2011,12.4,,
ESTAT:TRAN_HV_FRMOD(1.0),16/04/25 11:00:00,A,PC,RAIL,DK,2012,10.9,,
ESTAT:TRAN_HV_FRMOD(1.0),16/04/25 11:00:00,A,PC,RAIL,DK,2013,11.3,,
ESTAT:TRAN_HV_FRMOD(1.0),16/04/25 11:00:00,A,PC,RAIL,DK,2014,11.2,,
ESTAT:TRAN_HV_FRMOD(1.0),16/04/25 11:00:00,A,PC,RAIL,DK,2015,12.0,,
ESTAT:TRAN_HV_FRMOD(1.0),16/04/25 11:00:00,A,PC,RAIL,DK,2016,11.3,,
ESTAT:TRAN_HV_FRMOD(1.0),16/04/25 11:00:00,A,PC,RAIL,DK,2017,11.5,,
ESTAT:TRAN_HV_FRMOD(1.0),16/04/25 11:00:00,A,PC,RAIL,DK,2018,11.8,,
ESTAT:TRAN_HV_FRMOD(1.0),16/04/25 11:00:00,A,PC,RAIL,DK,2019,11.5,,
ESTAT:TRAN_HV_FRMOD(1.0),16/04/25 11:00:00,A,PC,RAIL,DK,2020,10.8,,
ESTAT:TRAN_HV_FRMOD(1.0),16/04/25 11:00:00,A,PC,RAIL,DK,2021,8.7,,
ESTAT:TRAN_HV_FRMOD(1.0),16/04/25 11:00:00,A,PC,RAIL,DK,2022,9.6,,
ESTAT:TRAN_HV_FRMOD(1.0),16/04/25 11:00:00,A,PC,RAIL,DK,2023,8.2,,
ESTAT:TRAN_HV_FRMOD(1.0),16/04/25 11:00:00,A,PC,RAIL,EE,2005,80.0,,
ESTAT:TRAN_HV_FRMOD(1.0),16/04/25 11:00:00,A,PC,RAIL,EE,2006,78.4,,
ESTAT:TRAN_HV_FRMOD(1.0),16/04/25 11:00:00,A,PC,RAIL,EE,2007,74.2,,
ESTAT:TRAN_HV_FRMOD(1.0),16/04/25 11:00:00,A,PC,RAIL,EE,2008,68.2,,
ESTAT:TRAN_HV_FRMOD(1.0),16/04/25 11:00:00,A,PC,RAIL,EE,2009,74.1,,
ESTAT:TRAN_HV_FRMOD(1.0),16/04/25 11:00:00,A,PC,RAIL,EE,2010,75.4,,
ESTAT:TRAN_HV_FRMOD(1.0),16/04/25 11:00:00,A,PC,RAIL,EE,2011,71.6,,
ESTAT:TRAN_HV_FRMOD(1.0),16/04/25 11:00:00,A,PC,RAIL,EE,2012,66.9,,
ESTAT:TRAN_HV_FRMOD(1.0),16/04/25 11:00:00,A,PC,RAIL,EE,2013,64.0,,
ESTAT:TRAN_HV_FRMOD(1.0),16/04/25 11:00:00,A,PC,RAIL,EE,2014,55.2,,
ESTAT:TRAN_HV_FRMOD(1.0),16/04/25 11:00:00,A,PC,RAIL,EE,2015,52.4,,
ESTAT:TRAN_HV_FRMOD(1.0),16/04/25 11:00:00,A,PC,RAIL,EE,2016,42.9,,
ESTAT:TRAN_HV_FRMOD(1.0),16/04/25 11:00:00,A,PC,RAIL,EE,2017,44.4,,
ESTAT:TRAN_HV_FRMOD(1.0),16/04/25 11:00:00,A,PC,RAIL,EE,2018,46.2,,
ESTAT:TRAN_HV_FRMOD(1.0),16/04/25 11:00:00,A,PC,RAIL,EE,2019,42.0,,
ESTAT:TRAN_HV_FRMOD(1.0),16/04/25 11:00:00,A,PC,RAIL,EE,2020,38.6,,
ESTAT:TRAN_HV_FRMOD(1.0),16/04/25 11:00:00,A,PC,RAIL,EE,2021,40.1,,
ESTAT:TRAN_HV_FRMOD(1.0),16/04/25 11:00:00,A,PC,RAIL,EE,2022,27.3,,
ESTAT:TRAN_HV_FRMOD(1.0),16/04/25 11:00:00,A,PC,RAIL,EE,2023,20.4,,
ESTAT:TRAN_HV_FRMOD(1.0),16/04/25 11:00:00,A,PC,RAIL,EL,2005,2.7,,
ESTAT:TRAN_HV_FRMOD(1.0),16/04/25 11:00:00,A,PC,RAIL,EL,2006,2.2,,
ESTAT:TRAN_HV_FRMOD(1.0),16/04/25 11:00:00,A,PC,RAIL,EL,2007,3.3,,
ESTAT:TRAN_HV_FRMOD(1.0),16/04/25 11:00:00,A,PC,RAIL,EL,2008,2.9,,
ESTAT:TRAN_HV_FRMOD(1.0),16/04/25 11:00:00,A,PC,RAIL,EL,2009,2.1,,
ESTAT:TRAN_HV_FRMOD(1.0),16/04/25 11:00:00,A,PC,RAIL,EL,2010,2.2,,
ESTAT:TRAN_HV_FRMOD(1.0),16/04/25 11:00:00,A,PC,RAIL,EL,2011,1.8,,
ESTAT:TRAN_HV_FRMOD(1.0),16/04/25 11:00:00,A,PC,RAIL,EL,2012,1.5,,
ESTAT:TRAN_HV_FRMOD(1.0),16/04/25 11:00:00,A,PC,RAIL,EL,2013,1.5,,
ESTAT:TRAN_HV_FRMOD(1.0),16/04/25 11:00:00,A,PC,RAIL,EL,2014,1.7,,
ESTAT:TRAN_HV_FRMOD(1.0),16/04/25 11:00:00,A,PC,RAIL,EL,2015,1.6,,
ESTAT:TRAN_HV_FRMOD(1.0),16/04/25 11:00:00,A,PC,RAIL,EL,2016,1.3,,
ESTAT:TRAN_HV_FRMOD(1.0),16/04/25 11:00:00,A,PC,RAIL,EL,2017,1.8,,
ESTAT:TRAN_HV_FRMOD(1.0),16/04/25 11:00:00,A,PC,RAIL,EL,2018,2.1,,
ESTAT:TRAN_HV_FRMOD(1.0),16/04/25 11:00:00,A,PC,RAIL,EL,2019,2.4,,
ESTAT:TRAN_HV_FRMOD(1.0),16/04/25 11:00:00,A,PC,RAIL,EL,2020,3.1,,
ESTAT:TRAN_HV_FRMOD(1.0),16/04/25 11:00:00,A,PC,RAIL,EL,2021,2.9,,
ESTAT:TRAN_HV_FRMOD(1.0),16/04/25 11:00:00,A,PC,RAIL,EL,2022,2.3,,
ESTAT:TRAN_HV_FRMOD(1.0),16/04/25 11:00:00,A,PC,RAIL,EL,2023,1.1,,
ESTAT:TRAN_HV_FRMOD(1.0),16/04/25 11:00:00,A,PC,RAIL,ES,2005,5.2,,
ESTAT:TRAN_HV_FRMOD(1.0),16/04/25 11:00:00,A,PC,RAIL,ES,2006,5.0,,
ESTAT:TRAN_HV_FRMOD(1.0),16/04/25 11:00:00,A,PC,RAIL,ES,2007,4.5,,
ESTAT:TRAN_HV_FRMOD(1.0),16/04/25 11:00:00,A,PC,RAIL,ES,2008,4.8,,
ESTAT:TRAN_HV_FRMOD(1.0),16/04/25 11:00:00,A,PC,RAIL,ES,2009,4.0,,
ESTAT:TRAN_HV_FRMOD(1.0),16/04/25 11:00:00,A,PC,RAIL,ES,2010,4.6,,
ESTAT:TRAN_HV_FRMOD(1.0),16/04/25 11:00:00,A,PC,RAIL,ES,2011,5.0,,
ESTAT:TRAN_HV_FRMOD(1.0),16/04/25 11:00:00,A,PC,RAIL,ES,2012,5.3,,
ESTAT:TRAN_HV_FRMOD(1.0),16/04/25 11:00:00,A,PC,RAIL,ES,2013,5.3,,
ESTAT:TRAN_HV_FRMOD(1.0),16/04/25 11:00:00,A,PC,RAIL,ES,2014,5.9,,
ESTAT:TRAN_HV_FRMOD(1.0),16/04/25 11:00:00,A,PC,RAIL,ES,2015,5.8,,
ESTAT:TRAN_HV_FRMOD(1.0),16/04/25 11:00:00,A,PC,RAIL,ES,2016,5.3,,
ESTAT:TRAN_HV_FRMOD(1.0),16/04/25 11:00:00,A,PC,RAIL,ES,2017,5.1,,
ESTAT:TRAN_HV_FRMOD(1.0),16/04/25 11:00:00,A,PC,RAIL,ES,2018,5.0,,
ESTAT:TRAN_HV_FRMOD(1.0),16/04/25 11:00:00,A,PC,RAIL,ES,2019,4.8,,
ESTAT:TRAN_HV_FRMOD(1.0),16/04/25 11:00:00,A,PC,RAIL,ES,2020,4.1,,
ESTAT:TRAN_HV_FRMOD(1.0),16/04/25 11:00:00,A,PC,RAIL,ES,2021,4.3,,
ESTAT:TRAN_HV_FRMOD(1.0),16/04/25 11:00:00,A,PC,RAIL,ES,2022,4.4,,
ESTAT:TRAN_HV_FRMOD(1.0),16/04/25 11:00:00,A,PC,RAIL,ES,2023,4.2,,
ESTAT:TRAN_HV_FRMOD(1.0),16/04/25 11:00:00,A,PC,RAIL,EU27_2020,2005,18.5,e,
ESTAT:TRAN_HV_FRMOD(1.0),16/04/25 11:00:00,A,PC,RAIL,EU27_2020,2006,18.9,e,
ESTAT:TRAN_HV_FRMOD(1.0),16/04/25 11:00:00,A,PC,RAIL,EU27_2020,2007,18.8,e,
ESTAT:TRAN_HV_FRMOD(1.0),16/04/25 11:00:00,A,PC,RAIL,EU27_2020,2008,18.7,e,
ESTAT:TRAN_HV_FRMOD(1.0),16/04/25 11:00:00,A,PC,RAIL,EU27_2020,2009,17.3,,
ESTAT:TRAN_HV_FRMOD(1.0),16/04/25 11:00:00,A,PC,RAIL,EU27_2020,2010,18.0,,
ESTAT:TRAN_HV_FRMOD(1.0),16/04/25 11:00:00,A,PC,RAIL,EU27_2020,2011,19.2,,
ESTAT:TRAN_HV_FRMOD(1.0),16/04/25 11:00:00,A,PC,RAIL,EU27_2020,2012,19.1,e,
ESTAT:TRAN_HV_FRMOD(1.0),16/04/25 11:00:00,A,PC,RAIL,EU27_2020,2013,18.6,e,
ESTAT:TRAN_HV_FRMOD(1.0),16/04/25 11:00:00,A,PC,RAIL,EU27_2020,2014,18.8,e,
ESTAT:TRAN_HV_FRMOD(1.0),16/04/25 11:00:00,A,PC,RAIL,EU27_2020,2015,18.8,e,
ESTAT:TRAN_HV_FRMOD(1.0),16/04/25 11:00:00,A,PC,RAIL,EU27_2020,2016,19.1,e,
ESTAT:TRAN_HV_FRMOD(1.0),16/04/25 11:00:00,A,PC,RAIL,EU27_2020,2017,18.5,e,
ESTAT:TRAN_HV_FRMOD(1.0),16/04/25 11:00:00,A,PC,RAIL,EU27_2020,2018,18.9,e,
ESTAT:TRAN_HV_FRMOD(1.0),16/04/25 11:00:00,A,PC,RAIL,EU27_2020,2019,18.0,e,
ESTAT:TRAN_HV_FRMOD(1.0),16/04/25 11:00:00,A,PC,RAIL,EU27_2020,2020,16.8,e,
ESTAT:TRAN_HV_FRMOD(1.0),16/04/25 11:00:00,A,PC,RAIL,EU27_2020,2021,17.1,e,
ESTAT:TRAN_HV_FRMOD(1.0),16/04/25 11:00:00,A,PC,RAIL,EU27_2020,2022,17.2,e,
ESTAT:TRAN_HV_FRMOD(1.0),16/04/25 11:00:00,A,PC,RAIL,EU27_2020,2023,16.9,e,
ESTAT:TRAN_HV_FRMOD(1.0),16/04/25 11:00:00,A,PC,RAIL,EU28,2005,17.9,e,
ESTAT:TRAN_HV_FRMOD(1.0),16/04/25 11:00:00,A,PC,RAIL,EU28,2006,18.2,e,
ESTAT:TRAN_HV_FRMOD(1.0),16/04/25 11:00:00,A,PC,RAIL,EU28,2007,18.1,e,
ESTAT:TRAN_HV_FRMOD(1.0),16/04/25 11:00:00,A,PC,RAIL,EU28,2008,18.1,e,
ESTAT:TRAN_HV_FRMOD(1.0),16/04/25 11:00:00,A,PC,RAIL,EU28,2009,16.9,,
ESTAT:TRAN_HV_FRMOD(1.0),16/04/25 11:00:00,A,PC,RAIL,EU28,2010,17.4,,
ESTAT:TRAN_HV_FRMOD(1.0),16/04/25 11:00:00,A,PC,RAIL,EU28,2011,18.7,,
ESTAT:TRAN_HV_FRMOD(1.0),16/04/25 11:00:00,A,PC,RAIL,EU28,2012,18.5,e,
ESTAT:TRAN_HV_FRMOD(1.0),16/04/25 11:00:00,A,PC,RAIL,EU28,2013,18.3,e,
ESTAT:TRAN_HV_FRMOD(1.0),16/04/25 11:00:00,A,PC,RAIL,EU28,2014,18.4,e,
ESTAT:TRAN_HV_FRMOD(1.0),16/04/25 11:00:00,A,PC,RAIL,EU28,2015,18.2,e,
ESTAT:TRAN_HV_FRMOD(1.0),16/04/25 11:00:00,A,PC,RAIL,EU28,2016,18.4,e,
ESTAT:TRAN_HV_FRMOD(1.0),16/04/25 11:00:00,A,PC,RAIL,EU28,2017,17.9,e,
ESTAT:TRAN_HV_FRMOD(1.0),16/04/25 11:00:00,A,PC,RAIL,EU28,2018,18.2,e,
ESTAT:TRAN_HV_FRMOD(1.0),16/04/25 11:00:00,A,PC,RAIL,EU28,2019,17.4,e,
ESTAT:TRAN_HV_FRMOD(1.0),16/04/25 11:00:00,A,PC,RAIL,FI,2005,25.2,,
ESTAT:TRAN_HV_FRMOD(1.0),16/04/25 11:00:00,A,PC,RAIL,FI,2006,29.4,,
ESTAT:TRAN_HV_FRMOD(1.0),16/04/25 11:00:00,A,PC,RAIL,FI,2007,27.8,,
ESTAT:TRAN_HV_FRMOD(1.0),16/04/25 11:00:00,A,PC,RAIL,FI,2008,27.2,,
ESTAT:TRAN_HV_FRMOD(1.0),16/04/25 11:00:00,A,PC,RAIL,FI,2009,25.8,,
ESTAT:TRAN_HV_FRMOD(1.0),16/04/25 11:00:00,A,PC,RAIL,FI,2010,26.8,,
ESTAT:TRAN_HV_FRMOD(1.0),16/04/25 11:00:00,A,PC,RAIL,FI,2011,27.6,,
ESTAT:TRAN_HV_FRMOD(1.0),16/04/25 11:00:00,A,PC,RAIL,FI,2012,28.6,,
ESTAT:TRAN_HV_FRMOD(1.0),16/04/25 11:00:00,A,PC,RAIL,FI,2013,30.1,,
ESTAT:TRAN_HV_FRMOD(1.0),16/04/25 11:00:00,A,PC,RAIL,FI,2014,30.7,,
ESTAT:TRAN_HV_FRMOD(1.0),16/04/25 11:00:00,A,PC,RAIL,FI,2015,27.0,,
ESTAT:TRAN_HV_FRMOD(1.0),16/04/25 11:00:00,A,PC,RAIL,FI,2016,26.8,,
ESTAT:TRAN_HV_FRMOD(1.0),16/04/25 11:00:00,A,PC,RAIL,FI,2017,27.3,e,
ESTAT:TRAN_HV_FRMOD(1.0),16/04/25 11:00:00,A,PC,RAIL,FI,2018,29.0,e,
ESTAT:TRAN_HV_FRMOD(1.0),16/04/25 11:00:00,A,PC,RAIL,FI,2019,26.9,,
ESTAT:TRAN_HV_FRMOD(1.0),16/04/25 11:00:00,A,PC,RAIL,FI,2020,25.9,,
ESTAT:TRAN_HV_FRMOD(1.0),16/04/25 11:00:00,A,PC,RAIL,FI,2021,26.9,,
ESTAT:TRAN_HV_FRMOD(1.0),16/04/25 11:00:00,A,PC,RAIL,FI,2022,22.5,,
ESTAT:TRAN_HV_FRMOD(1.0),16/04/25 11:00:00,A,PC,RAIL,FI,2023,22.0,,
ESTAT:TRAN_HV_FRMOD(1.0),16/04/25 11:00:00,A,PC,RAIL,FR,2005,11.8,,
ESTAT:TRAN_HV_FRMOD(1.0),16/04/25 11:00:00,A,PC,RAIL,FR,2006,11.6,,
ESTAT:TRAN_HV_FRMOD(1.0),16/04/25 11:00:00,A,PC,RAIL,FR,2007,11.6,,
ESTAT:TRAN_HV_FRMOD(1.0),16/04/25 11:00:00,A,PC,RAIL,FR,2008,11.5,,
ESTAT:TRAN_HV_FRMOD(1.0),16/04/25 11:00:00,A,PC,RAIL,FR,2009,10.6,,
ESTAT:TRAN_HV_FRMOD(1.0),16/04/25 11:00:00,A,PC,RAIL,FR,2010,9.5,,
ESTAT:TRAN_HV_FRMOD(1.0),16/04/25 11:00:00,A,PC,RAIL,FR,2011,10.8,,
ESTAT:TRAN_HV_FRMOD(1.0),16/04/25 11:00:00,A,PC,RAIL,FR,2012,10.8,,
ESTAT:TRAN_HV_FRMOD(1.0),16/04/25 11:00:00,A,PC,RAIL,FR,2013,10.6,,
ESTAT:TRAN_HV_FRMOD(1.0),16/04/25 11:00:00,A,PC,RAIL,FR,2014,10.8,,
ESTAT:TRAN_HV_FRMOD(1.0),16/04/25 11:00:00,A,PC,RAIL,FR,2015,12.3,,
ESTAT:TRAN_HV_FRMOD(1.0),16/04/25 11:00:00,A,PC,RAIL,FR,2016,11.5,,
ESTAT:TRAN_HV_FRMOD(1.0),16/04/25 11:00:00,A,PC,RAIL,FR,2017,11.1,,
ESTAT:TRAN_HV_FRMOD(1.0),16/04/25 11:00:00,A,PC,RAIL,FR,2018,10.5,,
ESTAT:TRAN_HV_FRMOD(1.0),16/04/25 11:00:00,A,PC,RAIL,FR,2019,10.2,,
ESTAT:TRAN_HV_FRMOD(1.0),16/04/25 11:00:00,A,PC,RAIL,FR,2020,9.8,,
ESTAT:TRAN_HV_FRMOD(1.0),16/04/25 11:00:00,A,PC,RAIL,FR,2021,10.6,,
ESTAT:TRAN_HV_FRMOD(1.0),16/04/25 11:00:00,A,PC,RAIL,FR,2022,10.6,,
ESTAT:TRAN_HV_FRMOD(1.0),16/04/25 11:00:00,A,PC,RAIL,FR,2023,9.2,,
ESTAT:TRAN_HV_FRMOD(1.0),16/04/25 11:00:00,A,PC,RAIL,HR,2005,20.0,e,
ESTAT:TRAN_HV_FRMOD(1.0),16/04/25 11:00:00,A,PC,RAIL,HR,2006,21.9,e,
ESTAT:TRAN_HV_FRMOD(1.0),16/04/25 11:00:00,A,PC,RAIL,HR,2007,22.9,e,
ESTAT:TRAN_HV_FRMOD(1.0),16/04/25 11:00:00,A,PC,RAIL,HR,2008,22.6,,
ESTAT:TRAN_HV_FRMOD(1.0),16/04/25 11:00:00,A,PC,RAIL,HR,2009,22.1,,
ESTAT:TRAN_HV_FRMOD(1.0),16/04/25 11:00:00,A,PC,RAIL,HR,2010,22.8,,
ESTAT:TRAN_HV_FRMOD(1.0),16/04/25 11:00:00,A,PC,RAIL,HR,2011,22.4,,
ESTAT:TRAN_HV_FRMOD(1.0),16/04/25 11:00:00,A,PC,RAIL,HR,2012,22.2,,
ESTAT:TRAN_HV_FRMOD(1.0),16/04/25 11:00:00,A,PC,RAIL,HR,2013,19.8,,
ESTAT:TRAN_HV_FRMOD(1.0),16/04/25 11:00:00,A,PC,RAIL,HR,2014,20.4,,
ESTAT:TRAN_HV_FRMOD(1.0),16/04/25 11:00:00,A,PC,RAIL,HR,2015,19.4,,
ESTAT:TRAN_HV_FRMOD(1.0),16/04/25 11:00:00,A,PC,RAIL,HR,2016,19.1,,
ESTAT:TRAN_HV_FRMOD(1.0),16/04/25 11:00:00,A,PC,RAIL,HR,2017,21.3,,
ESTAT:TRAN_HV_FRMOD(1.0),16/04/25 11:00:00,A,PC,RAIL,HR,2018,21.5,,
ESTAT:TRAN_HV_FRMOD(1.0),16/04/25 11:00:00,A,PC,RAIL,HR,2019,24.1,,
ESTAT:TRAN_HV_FRMOD(1.0),16/04/25 11:00:00,A,PC,RAIL,HR,2020,25.3,,
ESTAT:TRAN_HV_FRMOD(1.0),16/04/25 11:00:00,A,PC,RAIL,HR,2021,23.8,,
ESTAT:TRAN_HV_FRMOD(1.0),16/04/25 11:00:00,A,PC,RAIL,HR,2022,25.8,,
ESTAT:TRAN_HV_FRMOD(1.0),16/04/25 11:00:00,A,PC,RAIL,HR,2023,22.7,,
ESTAT:TRAN_HV_FRMOD(1.0),16/04/25 11:00:00,A,PC,RAIL,HU,2005,27.2,,
ESTAT:TRAN_HV_FRMOD(1.0),16/04/25 11:00:00,A,PC,RAIL,HU,2006,28.0,,
ESTAT:TRAN_HV_FRMOD(1.0),16/04/25 11:00:00,A,PC,RAIL,HU,2007,26.2,,
ESTAT:TRAN_HV_FRMOD(1.0),16/04/25 11:00:00,A,PC,RAIL,HU,2008,25.1,,
ESTAT:TRAN_HV_FRMOD(1.0),16/04/25 11:00:00,A,PC,RAIL,HU,2009,24.1,,
ESTAT:TRAN_HV_FRMOD(1.0),16/04/25 11:00:00,A,PC,RAIL,HU,2010,27.1,,
ESTAT:TRAN_HV_FRMOD(1.0),16/04/25 11:00:00,A,PC,RAIL,HU,2011,28.5,,
ESTAT:TRAN_HV_FRMOD(1.0),16/04/25 11:00:00,A,PC,RAIL,HU,2012,29.8,,
ESTAT:TRAN_HV_FRMOD(1.0),16/04/25 11:00:00,A,PC,RAIL,HU,2013,30.7,,
ESTAT:TRAN_HV_FRMOD(1.0),16/04/25 11:00:00,A,PC,RAIL,HU,2014,31.1,,
ESTAT:TRAN_HV_FRMOD(1.0),16/04/25 11:00:00,A,PC,RAIL,HU,2015,29.5,,
ESTAT:TRAN_HV_FRMOD(1.0),16/04/25 11:00:00,A,PC,RAIL,HU,2016,28.6,,
ESTAT:TRAN_HV_FRMOD(1.0),16/04/25 11:00:00,A,PC,RAIL,HU,2017,32.6,,
ESTAT:TRAN_HV_FRMOD(1.0),16/04/25 11:00:00,A,PC,RAIL,HU,2018,27.0,,
ESTAT:TRAN_HV_FRMOD(1.0),16/04/25 11:00:00,A,PC,RAIL,HU,2019,26.5,,
ESTAT:TRAN_HV_FRMOD(1.0),16/04/25 11:00:00,A,PC,RAIL,HU,2020,29.2,,
ESTAT:TRAN_HV_FRMOD(1.0),16/04/25 11:00:00,A,PC,RAIL,HU,2021,26.4,,
ESTAT:TRAN_HV_FRMOD(1.0),16/04/25 11:00:00,A,PC,RAIL,HU,2022,26.6,,
ESTAT:TRAN_HV_FRMOD(1.0),16/04/25 11:00:00,A,PC,RAIL,HU,2023,25.2,,
ESTAT:TRAN_HV_FRMOD(1.0),16/04/25 11:00:00,A,PC,RAIL,IE,2005,1.9,,
ESTAT:TRAN_HV_FRMOD(1.0),16/04/25 11:00:00,A,PC,RAIL,IE,2006,1.3,,
ESTAT:TRAN_HV_FRMOD(1.0),16/04/25 11:00:00,A,PC,RAIL,IE,2007,0.8,,
ESTAT:TRAN_HV_FRMOD(1.0),16/04/25 11:00:00,A,PC,RAIL,IE,2008,0.7,,
ESTAT:TRAN_HV_FRMOD(1.0),16/04/25 11:00:00,A,PC,RAIL,IE,2009,0.8,,
ESTAT:TRAN_HV_FRMOD(1.0),16/04/25 11:00:00,A,PC,RAIL,IE,2010,0.9,,
ESTAT:TRAN_HV_FRMOD(1.0),16/04/25 11:00:00,A,PC,RAIL,IE,2011,1.2,,
ESTAT:TRAN_HV_FRMOD(1.0),16/04/25 11:00:00,A,PC,RAIL,IE,2012,1.0,,
ESTAT:TRAN_HV_FRMOD(1.0),16/04/25 11:00:00,A,PC,RAIL,IE,2013,1.1,,
ESTAT:TRAN_HV_FRMOD(1.0),16/04/25 11:00:00,A,PC,RAIL,IE,2014,1.1,,
ESTAT:TRAN_HV_FRMOD(1.0),16/04/25 11:00:00,A,PC,RAIL,IE,2015,1.0,,
ESTAT:TRAN_HV_FRMOD(1.0),16/04/25 11:00:00,A,PC,RAIL,IE,2016,0.9,,
ESTAT:TRAN_HV_FRMOD(1.0),16/04/25 11:00:00,A,PC,RAIL,IE,2017,0.9,,
ESTAT:TRAN_HV_FRMOD(1.0),16/04/25 11:00:00,A,PC,RAIL,IE,2018,0.8,,
ESTAT:TRAN_HV_FRMOD(1.0),16/04/25 11:00:00,A,PC,RAIL,IE,2019,0.6,,
ESTAT:TRAN_HV_FRMOD(1.0),16/04/25 11:00:00,A,PC,RAIL,IE,2020,0.8,,
ESTAT:TRAN_HV_FRMOD(1.0),16/04/25 11:00:00,A,PC,RAIL,IE,2021,0.6,,
ESTAT:TRAN_HV_FRMOD(1.0),16/04/25 11:00:00,A,PC,RAIL,IE,2022,0.7,,
ESTAT:TRAN_HV_FRMOD(1.0),16/04/25 11:00:00,A,PC,RAIL,IE,2023,0.7,,
ESTAT:TRAN_HV_FRMOD(1.0),16/04/25 11:00:00,A,PC,RAIL,IT,2005,10.0,,
ESTAT:TRAN_HV_FRMOD(1.0),16/04/25 11:00:00,A,PC,RAIL,IT,2006,11.3,,
ESTAT:TRAN_HV_FRMOD(1.0),16/04/25 11:00:00,A,PC,RAIL,IT,2007,11.9,,
ESTAT:TRAN_HV_FRMOD(1.0),16/04/25 11:00:00,A,PC,RAIL,IT,2008,11.3,,
ESTAT:TRAN_HV_FRMOD(1.0),16/04/25 11:00:00,A,PC,RAIL,IT,2009,9.2,,
ESTAT:TRAN_HV_FRMOD(1.0),16/04/25 11:00:00,A,PC,RAIL,IT,2010,9.2,,
ESTAT:TRAN_HV_FRMOD(1.0),16/04/25 11:00:00,A,PC,RAIL,IT,2011,11.2,,
ESTAT:TRAN_HV_FRMOD(1.0),16/04/25 11:00:00,A,PC,RAIL,IT,2012,12.7,,
ESTAT:TRAN_HV_FRMOD(1.0),16/04/25 11:00:00,A,PC,RAIL,IT,2013,11.8,,
ESTAT:TRAN_HV_FRMOD(1.0),16/04/25 11:00:00,A,PC,RAIL,IT,2014,13.2,,
ESTAT:TRAN_HV_FRMOD(1.0),16/04/25 11:00:00,A,PC,RAIL,IT,2015,13.4,,
ESTAT:TRAN_HV_FRMOD(1.0),16/04/25 11:00:00,A,PC,RAIL,IT,2016,14.7,,
ESTAT:TRAN_HV_FRMOD(1.0),16/04/25 11:00:00,A,PC,RAIL,IT,2017,13.6,,
ESTAT:TRAN_HV_FRMOD(1.0),16/04/25 11:00:00,A,PC,RAIL,IT,2018,13.1,,
ESTAT:TRAN_HV_FRMOD(1.0),16/04/25 11:00:00,A,PC,RAIL,IT,2019,11.9,,
ESTAT:TRAN_HV_FRMOD(1.0),16/04/25 11:00:00,A,PC,RAIL,IT,2020,12.0,,
ESTAT:TRAN_HV_FRMOD(1.0),16/04/25 11:00:00,A,PC,RAIL,IT,2021,12.6,,
ESTAT:TRAN_HV_FRMOD(1.0),16/04/25 11:00:00,A,PC,RAIL,IT,2022,12.4,,
ESTAT:TRAN_HV_FRMOD(1.0),16/04/25 11:00:00,A,PC,RAIL,IT,2023,12.0,,
ESTAT:TRAN_HV_FRMOD(1.0),16/04/25 11:00:00,A,PC,RAIL,LT,2005,73.6,,
ESTAT:TRAN_HV_FRMOD(1.0),16/04/25 11:00:00,A,PC,RAIL,LT,2006,71.1,,
ESTAT:TRAN_HV_FRMOD(1.0),16/04/25 11:00:00,A,PC,RAIL,LT,2007,70.9,,
ESTAT:TRAN_HV_FRMOD(1.0),16/04/25 11:00:00,A,PC,RAIL,LT,2008,73.0,,
ESTAT:TRAN_HV_FRMOD(1.0),16/04/25 11:00:00,A,PC,RAIL,LT,2009,70.4,,
ESTAT:TRAN_HV_FRMOD(1.0),16/04/25 11:00:00,A,PC,RAIL,LT,2010,72.8,,
ESTAT:TRAN_HV_FRMOD(1.0),16/04/25 11:00:00,A,PC,RAIL,LT,2011,73.7,,
ESTAT:TRAN_HV_FRMOD(1.0),16/04/25 11:00:00,A,PC,RAIL,LT,2012,70.3,,
ESTAT:TRAN_HV_FRMOD(1.0),16/04/25 11:00:00,A,PC,RAIL,LT,2013,66.6,,
ESTAT:TRAN_HV_FRMOD(1.0),16/04/25 11:00:00,A,PC,RAIL,LT,2014,68.1,,
ESTAT:TRAN_HV_FRMOD(1.0),16/04/25 11:00:00,A,PC,RAIL,LT,2015,65.9,,
ESTAT:TRAN_HV_FRMOD(1.0),16/04/25 11:00:00,A,PC,RAIL,LT,2016,65.0,,
ESTAT:TRAN_HV_FRMOD(1.0),16/04/25 11:00:00,A,PC,RAIL,LT,2017,66.7,,
ESTAT:TRAN_HV_FRMOD(1.0),16/04/25 11:00:00,A,PC,RAIL,LT,2018,67.9,,
ESTAT:TRAN_HV_FRMOD(1.0),16/04/25 11:00:00,A,PC,RAIL,LT,2019,67.4,,
ESTAT:TRAN_HV_FRMOD(1.0),16/04/25 11:00:00,A,PC,RAIL,LT,2020,64.7,,
ESTAT:TRAN_HV_FRMOD(1.0),16/04/25 11:00:00,A,PC,RAIL,LT,2021,62.5,,
ESTAT:TRAN_HV_FRMOD(1.0),16/04/25 11:00:00,A,PC,RAIL,LT,2022,46.4,,
ESTAT:TRAN_HV_FRMOD(1.0),16/04/25 11:00:00,A,PC,RAIL,LT,2023,39.1,,
ESTAT:TRAN_HV_FRMOD(1.0),16/04/25 11:00:00,A,PC,RAIL,LU,2005,15.0,,
ESTAT:TRAN_HV_FRMOD(1.0),16/04/25 11:00:00,A,PC,RAIL,LU,2006,16.2,,
ESTAT:TRAN_HV_FRMOD(1.0),16/04/25 11:00:00,A,PC,RAIL,LU,2007,10.9,,
ESTAT:TRAN_HV_FRMOD(1.0),16/04/25 11:00:00,A,PC,RAIL,LU,2008,9.9,,
ESTAT:TRAN_HV_FRMOD(1.0),16/04/25 11:00:00,A,PC,RAIL,LU,2009,8.2,,
ESTAT:TRAN_HV_FRMOD(1.0),16/04/25 11:00:00,A,PC,RAIL,LU,2010,11.6,,
ESTAT:TRAN_HV_FRMOD(1.0),16/04/25 11:00:00,A,PC,RAIL,LU,2011,10.5,,
ESTAT:TRAN_HV_FRMOD(1.0),16/04/25 11:00:00,A,PC,RAIL,LU,2012,7.1,,
ESTAT:TRAN_HV_FRMOD(1.0),16/04/25 11:00:00,A,PC,RAIL,LU,2013,7.3,,
ESTAT:TRAN_HV_FRMOD(1.0),16/04/25 11:00:00,A,PC,RAIL,LU,2014,6.1,,
ESTAT:TRAN_HV_FRMOD(1.0),16/04/25 11:00:00,A,PC,RAIL,LU,2015,7.1,,
ESTAT:TRAN_HV_FRMOD(1.0),16/04/25 11:00:00,A,PC,RAIL,LU,2016,6.5,,
ESTAT:TRAN_HV_FRMOD(1.0),16/04/25 11:00:00,A,PC,RAIL,LU,2017,6.8,,
ESTAT:TRAN_HV_FRMOD(1.0),16/04/25 11:00:00,A,PC,RAIL,LU,2018,8.1,,
ESTAT:TRAN_HV_FRMOD(1.0),16/04/25 11:00:00,A,PC,RAIL,LU,2019,6.9,,
ESTAT:TRAN_HV_FRMOD(1.0),16/04/25 11:00:00,A,PC,RAIL,LU,2020,6.6,,
ESTAT:TRAN_HV_FRMOD(1.0),16/04/25 11:00:00,A,PC,RAIL,LU,2021,6.5,,
ESTAT:TRAN_HV_FRMOD(1.0),16/04/25 11:00:00,A,PC,RAIL,LU,2022,6.2,,
ESTAT:TRAN_HV_FRMOD(1.0),16/04/25 11:00:00,A,PC,RAIL,LU,2023,7.3,,
ESTAT:TRAN_HV_FRMOD(1.0),16/04/25 11:00:00,A,PC,RAIL,LV,2005,84.1,,
ESTAT:TRAN_HV_FRMOD(1.0),16/04/25 11:00:00,A,PC,RAIL,LV,2006,81.0,,
ESTAT:TRAN_HV_FRMOD(1.0),16/04/25 11:00:00,A,PC,RAIL,LV,2007,80.6,,
ESTAT:TRAN_HV_FRMOD(1.0),16/04/25 11:00:00,A,PC,RAIL,LV,2008,83.4,,
ESTAT:TRAN_HV_FRMOD(1.0),16/04/25 11:00:00,A,PC,RAIL,LV,2009,85.4,,
ESTAT:TRAN_HV_FRMOD(1.0),16/04/25 11:00:00,A,PC,RAIL,LV,2010,82.1,,
ESTAT:TRAN_HV_FRMOD(1.0),16/04/25 11:00:00,A,PC,RAIL,LV,2011,84.2,,
ESTAT:TRAN_HV_FRMOD(1.0),16/04/25 11:00:00,A,PC,RAIL,LV,2012,84.1,,
ESTAT:TRAN_HV_FRMOD(1.0),16/04/25 11:00:00,A,PC,RAIL,LV,2013,81.2,,
ESTAT:TRAN_HV_FRMOD(1.0),16/04/25 11:00:00,A,PC,RAIL,LV,2014,81.2,,
ESTAT:TRAN_HV_FRMOD(1.0),16/04/25 11:00:00,A,PC,RAIL,LV,2015,79.8,,
ESTAT:TRAN_HV_FRMOD(1.0),16/04/25 11:00:00,A,PC,RAIL,LV,2016,76.6,,
ESTAT:TRAN_HV_FRMOD(1.0),16/04/25 11:00:00,A,PC,RAIL,LV,2017,74.0,,
ESTAT:TRAN_HV_FRMOD(1.0),16/04/25 11:00:00,A,PC,RAIL,LV,2018,75.8,,
ESTAT:TRAN_HV_FRMOD(1.0),16/04/25 11:00:00,A,PC,RAIL,LV,2019,73.6,,
ESTAT:TRAN_HV_FRMOD(1.0),16/04/25 11:00:00,A,PC,RAIL,LV,2020,56.5,,
ESTAT:TRAN_HV_FRMOD(1.0),16/04/25 11:00:00,A,PC,RAIL,LV,2021,53.4,,
ESTAT:TRAN_HV_FRMOD(1.0),16/04/25 11:00:00,A,PC,RAIL,LV,2022,53.2,,
ESTAT:TRAN_HV_FRMOD(1.0),16/04/25 11:00:00,A,PC,RAIL,LV,2023,44.0,,
ESTAT:TRAN_HV_FRMOD(1.0),16/04/25 11:00:00,A,PC,RAIL,MT,2005,,m,
ESTAT:TRAN_HV_FRMOD(1.0),16/04/25 11:00:00,A,PC,RAIL,MT,2006,,m,
ESTAT:TRAN_HV_FRMOD(1.0),16/04/25 11:00:00,A,PC,RAIL,MT,2007,,m,
ESTAT:TRAN_HV_FRMOD(1.0),16/04/25 11:00:00,A,PC,RAIL,MT,2008,,m,
ESTAT:TRAN_HV_FRMOD(1.0),16/04/25 11:00:00,A,PC,RAIL,MT,2009,,m,
ESTAT:TRAN_HV_FRMOD(1.0),16/04/25 11:00:00,A,PC,RAIL,MT,2010,,m,
ESTAT:TRAN_HV_FRMOD(1.0),16/04/25 11:00:00,A,PC,RAIL,MT,2011,,m,
ESTAT:TRAN_HV_FRMOD(1.0),16/04/25 11:00:00,A,PC,RAIL,MT,2012,,m,
ESTAT:TRAN_HV_FRMOD(1.0),16/04/25 11:00:00,A,PC,RAIL,MT,2013,,m,
ESTAT:TRAN_HV_FRMOD(1.0),16/04/25 11:00:00,A,PC,RAIL,MT,2014,,m,
ESTAT:TRAN_HV_FRMOD(1.0),16/04/25 11:00:00,A,PC,RAIL,MT,2015,,m,
ESTAT:TRAN_HV_FRMOD(1.0),16/04/25 11:00:00,A,PC,RAIL,MT,2016,,m,
ESTAT:TRAN_HV_FRMOD(1.0),16/04/25 11:00:00,A,PC,RAIL,MT,2017,,m,
ESTAT:TRAN_HV_FRMOD(1.0),16/04/25 11:00:00,A,PC,RAIL,MT,2018,,m,
ESTAT:TRAN_HV_FRMOD(1.0),16/04/25 11:00:00,A,PC,RAIL,MT,2019,,m,
ESTAT:TRAN_HV_FRMOD(1.0),16/04/25 11:00:00,A,PC,RAIL,MT,2020,,m,
ESTAT:TRAN_HV_FRMOD(1.0),16/04/25 11:00:00,A,PC,RAIL,MT,2021,,m,
ESTAT:TRAN_HV_FRMOD(1.0),16/04/25 11:00:00,A,PC,RAIL,MT,2022,,m,
ESTAT:TRAN_HV_FRMOD(1.0),16/04/25 11:00:00,A,PC,RAIL,MT,2023,,m,
ESTAT:TRAN_HV_FRMOD(1.0),16/04/25 11:00:00,A,PC,RAIL,NL,2005,6.0,,
ESTAT:TRAN_HV_FRMOD(1.0),16/04/25 11:00:00,A,PC,RAIL,NL,2006,6.4,,
ESTAT:TRAN_HV_FRMOD(1.0),16/04/25 11:00:00,A,PC,RAIL,NL,2007,7.0,,
ESTAT:TRAN_HV_FRMOD(1.0),16/04/25 11:00:00,A,PC,RAIL,NL,2008,6.7,,
ESTAT:TRAN_HV_FRMOD(1.0),16/04/25 11:00:00,A,PC,RAIL,NL,2009,6.0,,
ESTAT:TRAN_HV_FRMOD(1.0),16/04/25 11:00:00,A,PC,RAIL,NL,2010,5.8,,
ESTAT:TRAN_HV_FRMOD(1.0),16/04/25 11:00:00,A,PC,RAIL,NL,2011,6.3,,
ESTAT:TRAN_HV_FRMOD(1.0),16/04/25 11:00:00,A,PC,RAIL,NL,2012,6.2,,
ESTAT:TRAN_HV_FRMOD(1.0),16/04/25 11:00:00,A,PC,RAIL,NL,2013,5.8,,
ESTAT:TRAN_HV_FRMOD(1.0),16/04/25 11:00:00,A,PC,RAIL,NL,2014,5.8,,
ESTAT:TRAN_HV_FRMOD(1.0),16/04/25 11:00:00,A,PC,RAIL,NL,2015,6.2,,
ESTAT:TRAN_HV_FRMOD(1.0),16/04/25 11:00:00,A,PC,RAIL,NL,2016,6.1,,
ESTAT:TRAN_HV_FRMOD(1.0),16/04/25 11:00:00,A,PC,RAIL,NL,2017,6.1,,
ESTAT:TRAN_HV_FRMOD(1.0),16/04/25 11:00:00,A,PC,RAIL,NL,2018,6.5,,
ESTAT:TRAN_HV_FRMOD(1.0),16/04/25 11:00:00,A,PC,RAIL,NL,2019,6.4,,
ESTAT:TRAN_HV_FRMOD(1.0),16/04/25 11:00:00,A,PC,RAIL,NL,2020,6.2,,
ESTAT:TRAN_HV_FRMOD(1.0),16/04/25 11:00:00,A,PC,RAIL,NL,2021,6.4,,
ESTAT:TRAN_HV_FRMOD(1.0),16/04/25 11:00:00,A,PC,RAIL,NL,2022,6.6,,
ESTAT:TRAN_HV_FRMOD(1.0),16/04/25 11:00:00,A,PC,RAIL,NL,2023,6.4,,
ESTAT:TRAN_HV_FRMOD(1.0),16/04/25 11:00:00,A,PC,RAIL,NO,2005,15.7,,
ESTAT:TRAN_HV_FRMOD(1.0),16/04/25 11:00:00,A,PC,RAIL,NO,2006,15.8,,
ESTAT:TRAN_HV_FRMOD(1.0),16/04/25 11:00:00,A,PC,RAIL,NO,2007,16.4,,
ESTAT:TRAN_HV_FRMOD(1.0),16/04/25 11:00:00,A,PC,RAIL,NO,2008,15.6,,
ESTAT:TRAN_HV_FRMOD(1.0),16/04/25 11:00:00,A,PC,RAIL,NO,2009,16.4,,
ESTAT:TRAN_HV_FRMOD(1.0),16/04/25 11:00:00,A,PC,RAIL,NO,2010,15.4,,
ESTAT:TRAN_HV_FRMOD(1.0),16/04/25 11:00:00,A,PC,RAIL,NO,2011,15.8,,
ESTAT:TRAN_HV_FRMOD(1.0),16/04/25 11:00:00,A,PC,RAIL,NO,2012,14.8,,
ESTAT:TRAN_HV_FRMOD(1.0),16/04/25 11:00:00,A,PC,RAIL,NO,2013,13.3,,
ESTAT:TRAN_HV_FRMOD(1.0),16/04/25 11:00:00,A,PC,RAIL,NO,2014,13.7,,
ESTAT:TRAN_HV_FRMOD(1.0),16/04/25 11:00:00,A,PC,RAIL,NO,2015,12.9,,
ESTAT:TRAN_HV_FRMOD(1.0),16/04/25 11:00:00,A,PC,RAIL,NO,2016,13.0,,
ESTAT:TRAN_HV_FRMOD(1.0),16/04/25 11:00:00,A,PC,RAIL,NO,2017,15.2,,
ESTAT:TRAN_HV_FRMOD(1.0),16/04/25 11:00:00,A,PC,RAIL,NO,2018,15.0,,
ESTAT:TRAN_HV_FRMOD(1.0),16/04/25 11:00:00,A,PC,RAIL,NO,2019,14.6,,
ESTAT:TRAN_HV_FRMOD(1.0),16/04/25 11:00:00,A,PC,RAIL,NO,2020,15.3,,
ESTAT:TRAN_HV_FRMOD(1.0),16/04/25 11:00:00,A,PC,RAIL,NO,2021,15.1,,
ESTAT:TRAN_HV_FRMOD(1.0),16/04/25 11:00:00,A,PC,RAIL,NO,2022,14.5,,
ESTAT:TRAN_HV_FRMOD(1.0),16/04/25 11:00:00,A,PC,RAIL,NO,2023,13.4,,
ESTAT:TRAN_HV_FRMOD(1.0),16/04/25 11:00:00,A,PC,RAIL,PL,2005,36.5,,
ESTAT:TRAN_HV_FRMOD(1.0),16/04/25 11:00:00,A,PC,RAIL,PL,2006,37.1,,
ESTAT:TRAN_HV_FRMOD(1.0),16/04/25 11:00:00,A,PC,RAIL,PL,2007,36.2,,
ESTAT:TRAN_HV_FRMOD(1.0),16/04/25 11:00:00,A,PC,RAIL,PL,2008,33.8,,
ESTAT:TRAN_HV_FRMOD(1.0),16/04/25 11:00:00,A,PC,RAIL,PL,2009,28.8,,
ESTAT:TRAN_HV_FRMOD(1.0),16/04/25 11:00:00,A,PC,RAIL,PL,2010,29.5,,
ESTAT:TRAN_HV_FRMOD(1.0),16/04/25 11:00:00,A,PC,RAIL,PL,2011,29.9,,
ESTAT:TRAN_HV_FRMOD(1.0),16/04/25 11:00:00,A,PC,RAIL,PL,2012,27.6,,
ESTAT:TRAN_HV_FRMOD(1.0),16/04/25 11:00:00,A,PC,RAIL,PL,2013,26.4,,
ESTAT:TRAN_HV_FRMOD(1.0),16/04/25 11:00:00,A,PC,RAIL,PL,2014,26.5,,
ESTAT:TRAN_HV_FRMOD(1.0),16/04/25 11:00:00,A,PC,RAIL,PL,2015,25.5,,
ESTAT:TRAN_HV_FRMOD(1.0),16/04/25 11:00:00,A,PC,RAIL,PL,2016,24.7,,
ESTAT:TRAN_HV_FRMOD(1.0),16/04/25 11:00:00,A,PC,RAIL,PL,2017,23.9,,
ESTAT:TRAN_HV_FRMOD(1.0),16/04/25 11:00:00,A,PC,RAIL,PL,2018,26.8,,
ESTAT:TRAN_HV_FRMOD(1.0),16/04/25 11:00:00,A,PC,RAIL,PL,2019,24.0,,
ESTAT:TRAN_HV_FRMOD(1.0),16/04/25 11:00:00,A,PC,RAIL,PL,2020,22.6,,
ESTAT:TRAN_HV_FRMOD(1.0),16/04/25 11:00:00,A,PC,RAIL,PL,2021,22.3,,
ESTAT:TRAN_HV_FRMOD(1.0),16/04/25 11:00:00,A,PC,RAIL,PL,2022,23.2,,
ESTAT:TRAN_HV_FRMOD(1.0),16/04/25 11:00:00,A,PC,RAIL,PL,2023,24.1,,
ESTAT:TRAN_HV_FRMOD(1.0),16/04/25 11:00:00,A,PC,RAIL,PT,2005,9.2,,
ESTAT:TRAN_HV_FRMOD(1.0),16/04/25 11:00:00,A,PC,RAIL,PT,2006,9.0,,
ESTAT:TRAN_HV_FRMOD(1.0),16/04/25 11:00:00,A,PC,RAIL,PT,2007,9.1,,
ESTAT:TRAN_HV_FRMOD(1.0),16/04/25 11:00:00,A,PC,RAIL,PT,2008,9.7,,
ESTAT:TRAN_HV_FRMOD(1.0),16/04/25 11:00:00,A,PC,RAIL,PT,2009,9.4,,
ESTAT:TRAN_HV_FRMOD(1.0),16/04/25 11:00:00,A,PC,RAIL,PT,2010,10.9,,
ESTAT:TRAN_HV_FRMOD(1.0),16/04/25 11:00:00,A,PC,RAIL,PT,2011,10.9,,
ESTAT:TRAN_HV_FRMOD(1.0),16/04/25 11:00:00,A,PC,RAIL,PT,2012,12.8,,
ESTAT:TRAN_HV_FRMOD(1.0),16/04/25 11:00:00,A,PC,RAIL,PT,2013,12.7,,
ESTAT:TRAN_HV_FRMOD(1.0),16/04/25 11:00:00,A,PC,RAIL,PT,2014,12.8,,
ESTAT:TRAN_HV_FRMOD(1.0),16/04/25 11:00:00,A,PC,RAIL,PT,2015,14.1,,
ESTAT:TRAN_HV_FRMOD(1.0),16/04/25 11:00:00,A,PC,RAIL,PT,2016,14.5,,
ESTAT:TRAN_HV_FRMOD(1.0),16/04/25 11:00:00,A,PC,RAIL,PT,2017,14.1,,
ESTAT:TRAN_HV_FRMOD(1.0),16/04/25 11:00:00,A,PC,RAIL,PT,2018,14.2,,
ESTAT:TRAN_HV_FRMOD(1.0),16/04/25 11:00:00,A,PC,RAIL,PT,2019,13.0,,
ESTAT:TRAN_HV_FRMOD(1.0),16/04/25 11:00:00,A,PC,RAIL,PT,2020,14.2,,
ESTAT:TRAN_HV_FRMOD(1.0),16/04/25 11:00:00,A,PC,RAIL,PT,2021,10.7,,
ESTAT:TRAN_HV_FRMOD(1.0),16/04/25 11:00:00,A,PC,RAIL,PT,2022,12.3,,
ESTAT:TRAN_HV_FRMOD(1.0),16/04/25 11:00:00,A,PC,RAIL,PT,2023,14.1,,
ESTAT:TRAN_HV_FRMOD(1.0),16/04/25 11:00:00,A,PC,RAIL,RO,2005,26.0,e,
ESTAT:TRAN_HV_FRMOD(1.0),16/04/25 11:00:00,A,PC,RAIL,RO,2006,25.0,e,
ESTAT:TRAN_HV_FRMOD(1.0),16/04/25 11:00:00,A,PC,RAIL,RO,2007,23.7,e,
ESTAT:TRAN_HV_FRMOD(1.0),16/04/25 11:00:00,A,PC,RAIL,RO,2008,24.5,e,
ESTAT:TRAN_HV_FRMOD(1.0),16/04/25 11:00:00,A,PC,RAIL,RO,2009,23.1,,
ESTAT:TRAN_HV_FRMOD(1.0),16/04/25 11:00:00,A,PC,RAIL,RO,2010,29.2,,
ESTAT:TRAN_HV_FRMOD(1.0),16/04/25 11:00:00,A,PC,RAIL,RO,2011,35.4,,
ESTAT:TRAN_HV_FRMOD(1.0),16/04/25 11:00:00,A,PC,RAIL,RO,2012,31.4,,
ESTAT:TRAN_HV_FRMOD(1.0),16/04/25 11:00:00,A,PC,RAIL,RO,2013,30.7,,
ESTAT:TRAN_HV_FRMOD(1.0),16/04/25 11:00:00,A,PC,RAIL,RO,2014,30.2,,
ESTAT:TRAN_HV_FRMOD(1.0),16/04/25 11:00:00,A,PC,RAIL,RO,2015,31.6,,
ESTAT:TRAN_HV_FRMOD(1.0),16/04/25 11:00:00,A,PC,RAIL,RO,2016,30.3,,
ESTAT:TRAN_HV_FRMOD(1.0),16/04/25 11:00:00,A,PC,RAIL,RO,2017,30.2,,
ESTAT:TRAN_HV_FRMOD(1.0),16/04/25 11:00:00,A,PC,RAIL,RO,2018,28.9,,
ESTAT:TRAN_HV_FRMOD(1.0),16/04/25 11:00:00,A,PC,RAIL,RO,2019,26.9,,
ESTAT:TRAN_HV_FRMOD(1.0),16/04/25 11:00:00,A,PC,RAIL,RO,2020,25.8,,
ESTAT:TRAN_HV_FRMOD(1.0),16/04/25 11:00:00,A,PC,RAIL,RO,2021,25.3,,
ESTAT:TRAN_HV_FRMOD(1.0),16/04/25 11:00:00,A,PC,RAIL,RO,2022,25.4,,
ESTAT:TRAN_HV_FRMOD(1.0),16/04/25 11:00:00,A,PC,RAIL,RO,2023,24.0,,
ESTAT:TRAN_HV_FRMOD(1.0),16/04/25 11:00:00,A,PC,RAIL,SE,2005,32.4,,
ESTAT:TRAN_HV_FRMOD(1.0),16/04/25 11:00:00,A,PC,RAIL,SE,2006,32.2,,
ESTAT:TRAN_HV_FRMOD(1.0),16/04/25 11:00:00,A,PC,RAIL,SE,2007,32.7,,
ESTAT:TRAN_HV_FRMOD(1.0),16/04/25 11:00:00,A,PC,RAIL,SE,2008,31.9,,
ESTAT:TRAN_HV_FRMOD(1.0),16/04/25 11:00:00,A,PC,RAIL,SE,2009,33.3,,
ESTAT:TRAN_HV_FRMOD(1.0),16/04/25 11:00:00,A,PC,RAIL,SE,2010,35.6,,
ESTAT:TRAN_HV_FRMOD(1.0),16/04/25 11:00:00,A,PC,RAIL,SE,2011,34.8,,
ESTAT:TRAN_HV_FRMOD(1.0),16/04/25 11:00:00,A,PC,RAIL,SE,2012,35.8,,
ESTAT:TRAN_HV_FRMOD(1.0),16/04/25 11:00:00,A,PC,RAIL,SE,2013,33.7,,
ESTAT:TRAN_HV_FRMOD(1.0),16/04/25 11:00:00,A,PC,RAIL,SE,2014,30.4,,
ESTAT:TRAN_HV_FRMOD(1.0),16/04/25 11:00:00,A,PC,RAIL,SE,2015,29.5,,
ESTAT:TRAN_HV_FRMOD(1.0),16/04/25 11:00:00,A,PC,RAIL,SE,2016,29.5,,
ESTAT:TRAN_HV_FRMOD(1.0),16/04/25 11:00:00,A,PC,RAIL,SE,2017,30.2,,
ESTAT:TRAN_HV_FRMOD(1.0),16/04/25 11:00:00,A,PC,RAIL,SE,2018,30.1,,
ESTAT:TRAN_HV_FRMOD(1.0),16/04/25 11:00:00,A,PC,RAIL,SE,2019,30.1,,
ESTAT:TRAN_HV_FRMOD(1.0),16/04/25 11:00:00,A,PC,RAIL,SE,2020,29.7,,
ESTAT:TRAN_HV_FRMOD(1.0),16/04/25 11:00:00,A,PC,RAIL,SE,2021,28.9,,
ESTAT:TRAN_HV_FRMOD(1.0),16/04/25 11:00:00,A,PC,RAIL,SE,2022,28.7,,
ESTAT:TRAN_HV_FRMOD(1.0),16/04/25 11:00:00,A,PC,RAIL,SE,2023,29.7,,
ESTAT:TRAN_HV_FRMOD(1.0),16/04/25 11:00:00,A,PC,RAIL,SI,2005,31.1,,
ESTAT:TRAN_HV_FRMOD(1.0),16/04/25 11:00:00,A,PC,RAIL,SI,2006,29.8,,
ESTAT:TRAN_HV_FRMOD(1.0),16/04/25 11:00:00,A,PC,RAIL,SI,2007,30.1,,
ESTAT:TRAN_HV_FRMOD(1.0),16/04/25 11:00:00,A,PC,RAIL,SI,2008,29.7,,
ESTAT:TRAN_HV_FRMOD(1.0),16/04/25 11:00:00,A,PC,RAIL,SI,2009,28.0,,
ESTAT:TRAN_HV_FRMOD(1.0),16/04/25 11:00:00,A,PC,RAIL,SI,2010,31.8,,
ESTAT:TRAN_HV_FRMOD(1.0),16/04/25 11:00:00,A,PC,RAIL,SI,2011,34.0,,
ESTAT:TRAN_HV_FRMOD(1.0),16/04/25 11:00:00,A,PC,RAIL,SI,2012,32.8,,
ESTAT:TRAN_HV_FRMOD(1.0),16/04/25 11:00:00,A,PC,RAIL,SI,2013,34.8,,
ESTAT:TRAN_HV_FRMOD(1.0),16/04/25 11:00:00,A,PC,RAIL,SI,2014,36.0,,
ESTAT:TRAN_HV_FRMOD(1.0),16/04/25 11:00:00,A,PC,RAIL,SI,2015,35.0,,
ESTAT:TRAN_HV_FRMOD(1.0),16/04/25 11:00:00,A,PC,RAIL,SI,2016,33.8,,
ESTAT:TRAN_HV_FRMOD(1.0),16/04/25 11:00:00,A,PC,RAIL,SI,2017,36.3,,
ESTAT:TRAN_HV_FRMOD(1.0),16/04/25 11:00:00,A,PC,RAIL,SI,2018,35.5,,
ESTAT:TRAN_HV_FRMOD(1.0),16/04/25 11:00:00,A,PC,RAIL,SI,2019,36.3,,
ESTAT:TRAN_HV_FRMOD(1.0),16/04/25 11:00:00,A,PC,RAIL,SI,2020,35.1,,
ESTAT:TRAN_HV_FRMOD(1.0),16/04/25 11:00:00,A,PC,RAIL,SI,2021,33.5,,
ESTAT:TRAN_HV_FRMOD(1.0),16/04/25 11:00:00,A,PC,RAIL,SI,2022,32.7,,
ESTAT:TRAN_HV_FRMOD(1.0),16/04/25 11:00:00,A,PC,RAIL,SI,2023,30.2,,
ESTAT:TRAN_HV_FRMOD(1.0),16/04/25 11:00:00,A,PC,RAIL,SK,2005,45.4,e,
ESTAT:TRAN_HV_FRMOD(1.0),16/04/25 11:00:00,A,PC,RAIL,SK,2006,46.9,e,
ESTAT:TRAN_HV_FRMOD(1.0),16/04/25 11:00:00,A,PC,RAIL,SK,2007,42.3,,
ESTAT:TRAN_HV_FRMOD(1.0),16/04/25 11:00:00,A,PC,RAIL,SK,2008,40.3,,
ESTAT:TRAN_HV_FRMOD(1.0),16/04/25 11:00:00,A,PC,RAIL,SK,2009,35.8,,
ESTAT:TRAN_HV_FRMOD(1.0),16/04/25 11:00:00,A,PC,RAIL,SK,2010,38.5,,
ESTAT:TRAN_HV_FRMOD(1.0),16/04/25 11:00:00,A,PC,RAIL,SK,2011,38.2,,
ESTAT:TRAN_HV_FRMOD(1.0),16/04/25 11:00:00,A,PC,RAIL,SK,2012,36.5,,
ESTAT:TRAN_HV_FRMOD(1.0),16/04/25 11:00:00,A,PC,RAIL,SK,2013,39.0,,
ESTAT:TRAN_HV_FRMOD(1.0),16/04/25 11:00:00,A,PC,RAIL,SK,2014,38.9,,
ESTAT:TRAN_HV_FRMOD(1.0),16/04/25 11:00:00,A,PC,RAIL,SK,2015,36.6,,
ESTAT:TRAN_HV_FRMOD(1.0),16/04/25 11:00:00,A,PC,RAIL,SK,2016,34.6,,
ESTAT:TRAN_HV_FRMOD(1.0),16/04/25 11:00:00,A,PC,RAIL,SK,2017,33.0,,
ESTAT:TRAN_HV_FRMOD(1.0),16/04/25 11:00:00,A,PC,RAIL,SK,2018,32.6,,
ESTAT:TRAN_HV_FRMOD(1.0),16/04/25 11:00:00,A,PC,RAIL,SK,2019,31.1,,
ESTAT:TRAN_HV_FRMOD(1.0),16/04/25 11:00:00,A,PC,RAIL,SK,2020,28.6,,
ESTAT:TRAN_HV_FRMOD(1.0),16/04/25 11:00:00,A,PC,RAIL,SK,2021,32.1,,
ESTAT:TRAN_HV_FRMOD(1.0),16/04/25 11:00:00,A,PC,RAIL,SK,2022,30.4,,
ESTAT:TRAN_HV_FRMOD(1.0),16/04/25 11:00:00,A,PC,RAIL,SK,2023,30.4,,
ESTAT:TRAN_HV_FRMOD(1.0),16/04/25 11:00:00,A,PC,RAIL,UK,2005,11.3,,
ESTAT:TRAN_HV_FRMOD(1.0),16/04/25 11:00:00,A,PC,RAIL,UK,2006,11.3,,
ESTAT:TRAN_HV_FRMOD(1.0),16/04/25 11:00:00,A,PC,RAIL,UK,2007,10.7,,
ESTAT:TRAN_HV_FRMOD(1.0),16/04/25 11:00:00,A,PC,RAIL,UK,2008,11.2,,
ESTAT:TRAN_HV_FRMOD(1.0),16/04/25 11:00:00,A,PC,RAIL,UK,2009,11.7,,
ESTAT:TRAN_HV_FRMOD(1.0),16/04/25 11:00:00,A,PC,RAIL,UK,2010,10.9,,
ESTAT:TRAN_HV_FRMOD(1.0),16/04/25 11:00:00,A,PC,RAIL,UK,2011,12.1,,
ESTAT:TRAN_HV_FRMOD(1.0),16/04/25 11:00:00,A,PC,RAIL,UK,2012,12.1,,
ESTAT:TRAN_HV_FRMOD(1.0),16/04/25 11:00:00,A,PC,RAIL,UK,2013,13.4,,
ESTAT:TRAN_HV_FRMOD(1.0),16/04/25 11:00:00,A,PC,RAIL,UK,2014,13.5,,
ESTAT:TRAN_HV_FRMOD(1.0),16/04/25 11:00:00,A,PC,RAIL,UK,2015,10.9,,
ESTAT:TRAN_HV_FRMOD(1.0),16/04/25 11:00:00,A,PC,RAIL,UK,2016,9.4,,
ESTAT:TRAN_HV_FRMOD(1.0),16/04/25 11:00:00,A,PC,RAIL,UK,2017,9.6,,
ESTAT:TRAN_HV_FRMOD(1.0),16/04/25 11:00:00,A,PC,RAIL,UK,2018,9.4,,
ESTAT:TRAN_HV_FRMOD(1.0),16/04/25 11:00:00,A,PC,RAIL,UK,2019,9.1,,
ESTAT:TRAN_HV_FRMOD(1.0),16/04/25 11:00:00,A,PC,RAIL_IWW_AVD,AT,2005,39.0,,
ESTAT:TRAN_HV_FRMOD(1.0),16/04/25 11:00:00,A,PC,RAIL_IWW_AVD,AT,2006,39.2,,
ESTAT:TRAN_HV_FRMOD(1.0),16/04/25 11:00:00,A,PC,RAIL_IWW_AVD,AT,2007,38.3,,
ESTAT:TRAN_HV_FRMOD(1.0),16/04/25 11:00:00,A,PC,RAIL_IWW_AVD,AT,2008,37.2,,
ESTAT:TRAN_HV_FRMOD(1.0),16/04/25 11:00:00,A,PC,RAIL_IWW_AVD,AT,2009,35.7,,
ESTAT:TRAN_HV_FRMOD(1.0),16/04/25 11:00:00,A,PC,RAIL_IWW_AVD,AT,2010,37.0,,
ESTAT:TRAN_HV_FRMOD(1.0),16/04/25 11:00:00,A,PC,RAIL_IWW_AVD,AT,2011,36.5,,
ESTAT:TRAN_HV_FRMOD(1.0),16/04/25 11:00:00,A,PC,RAIL_IWW_AVD,AT,2012,36.3,,
ESTAT:TRAN_HV_FRMOD(1.0),16/04/25 11:00:00,A,PC,RAIL_IWW_AVD,AT,2013,36.0,,
ESTAT:TRAN_HV_FRMOD(1.0),16/04/25 11:00:00,A,PC,RAIL_IWW_AVD,AT,2014,36.6,,
ESTAT:TRAN_HV_FRMOD(1.0),16/04/25 11:00:00,A,PC,RAIL_IWW_AVD,AT,2015,35.3,,
ESTAT:TRAN_HV_FRMOD(1.0),16/04/25 11:00:00,A,PC,RAIL_IWW_AVD,AT,2016,35.1,,
ESTAT:TRAN_HV_FRMOD(1.0),16/04/25 11:00:00,A,PC,RAIL_IWW_AVD,AT,2017,34.9,,
ESTAT:TRAN_HV_FRMOD(1.0),16/04/25 11:00:00,A,PC,RAIL_IWW_AVD,AT,2018,33.7,,
ESTAT:TRAN_HV_FRMOD(1.0),16/04/25 11:00:00,A,PC,RAIL_IWW_AVD,AT,2019,33.5,,
ESTAT:TRAN_HV_FRMOD(1.0),16/04/25 11:00:00,A,PC,RAIL_IWW_AVD,AT,2020,32.1,,
ESTAT:TRAN_HV_FRMOD(1.0),16/04/25 11:00:00,A,PC,RAIL_IWW_AVD,AT,2021,32.0,,
ESTAT:TRAN_HV_FRMOD(1.0),16/04/25 11:00:00,A,PC,RAIL_IWW_AVD,AT,2022,31.9,,
ESTAT:TRAN_HV_FRMOD(1.0),16/04/25 11:00:00,A,PC,RAIL_IWW_AVD,AT,2023,31.1,,
ESTAT:TRAN_HV_FRMOD(1.0),16/04/25 11:00:00,A,PC,RAIL_IWW_AVD,BE,2005,26.3,,
ESTAT:TRAN_HV_FRMOD(1.0),16/04/25 11:00:00,A,PC,RAIL_IWW_AVD,BE,2006,26.7,,
ESTAT:TRAN_HV_FRMOD(1.0),16/04/25 11:00:00,A,PC,RAIL_IWW_AVD,BE,2007,27.1,,
ESTAT:TRAN_HV_FRMOD(1.0),16/04/25 11:00:00,A,PC,RAIL_IWW_AVD,BE,2008,27.2,,
ESTAT:TRAN_HV_FRMOD(1.0),16/04/25 11:00:00,A,PC,RAIL_IWW_AVD,BE,2009,23.3,,
ESTAT:TRAN_HV_FRMOD(1.0),16/04/25 11:00:00,A,PC,RAIL_IWW_AVD,BE,2010,26.6,,
ESTAT:TRAN_HV_FRMOD(1.0),16/04/25 11:00:00,A,PC,RAIL_IWW_AVD,BE,2011,27.0,,
ESTAT:TRAN_HV_FRMOD(1.0),16/04/25 11:00:00,A,PC,RAIL_IWW_AVD,BE,2012,27.8,e,
ESTAT:TRAN_HV_FRMOD(1.0),16/04/25 11:00:00,A,PC,RAIL_IWW_AVD,BE,2013,26.9,e,
ESTAT:TRAN_HV_FRMOD(1.0),16/04/25 11:00:00,A,PC,RAIL_IWW_AVD,BE,2014,27.0,e,
ESTAT:TRAN_HV_FRMOD(1.0),16/04/25 11:00:00,A,PC,RAIL_IWW_AVD,BE,2015,26.4,e,
ESTAT:TRAN_HV_FRMOD(1.0),16/04/25 11:00:00,A,PC,RAIL_IWW_AVD,BE,2016,25.7,e,
ESTAT:TRAN_HV_FRMOD(1.0),16/04/25 11:00:00,A,PC,RAIL_IWW_AVD,BE,2017,26.7,e,
ESTAT:TRAN_HV_FRMOD(1.0),16/04/25 11:00:00,A,PC,RAIL_IWW_AVD,BE,2018,24.2,be,
ESTAT:TRAN_HV_FRMOD(1.0),16/04/25 11:00:00,A,PC,RAIL_IWW_AVD,BE,2019,23.4,e,
ESTAT:TRAN_HV_FRMOD(1.0),16/04/25 11:00:00,A,PC,RAIL_IWW_AVD,BE,2020,22.6,e,
ESTAT:TRAN_HV_FRMOD(1.0),16/04/25 11:00:00,A,PC,RAIL_IWW_AVD,BE,2021,23.3,e,
ESTAT:TRAN_HV_FRMOD(1.0),16/04/25 11:00:00,A,PC,RAIL_IWW_AVD,BE,2022,23.5,e,
ESTAT:TRAN_HV_FRMOD(1.0),16/04/25 11:00:00,A,PC,RAIL_IWW_AVD,BE,2023,22.4,e,
ESTAT:TRAN_HV_FRMOD(1.0),16/04/25 11:00:00,A,PC,RAIL_IWW_AVD,BG,2005,52.4,e,
ESTAT:TRAN_HV_FRMOD(1.0),16/04/25 11:00:00,A,PC,RAIL_IWW_AVD,BG,2006,52.6,e,
ESTAT:TRAN_HV_FRMOD(1.0),16/04/25 11:00:00,A,PC,RAIL_IWW_AVD,BG,2007,53.9,e,
ESTAT:TRAN_HV_FRMOD(1.0),16/04/25 11:00:00,A,PC,RAIL_IWW_AVD,BG,2008,54.9,e,
ESTAT:TRAN_HV_FRMOD(1.0),16/04/25 11:00:00,A,PC,RAIL_IWW_AVD,BG,2009,49.5,,
ESTAT:TRAN_HV_FRMOD(1.0),16/04/25 11:00:00,A,PC,RAIL_IWW_AVD,BG,2010,50.6,,
ESTAT:TRAN_HV_FRMOD(1.0),16/04/25 11:00:00,A,PC,RAIL_IWW_AVD,BG,2011,43.9,,
ESTAT:TRAN_HV_FRMOD(1.0),16/04/25 11:00:00,A,PC,RAIL_IWW_AVD,BG,2012,47.1,,
ESTAT:TRAN_HV_FRMOD(1.0),16/04/25 11:00:00,A,PC,RAIL_IWW_AVD,BG,2013,44.0,,
ESTAT:TRAN_HV_FRMOD(1.0),16/04/25 11:00:00,A,PC,RAIL_IWW_AVD,BG,2014,45.1,,
ESTAT:TRAN_HV_FRMOD(1.0),16/04/25 11:00:00,A,PC,RAIL_IWW_AVD,BG,2015,45.3,,
ESTAT:TRAN_HV_FRMOD(1.0),16/04/25 11:00:00,A,PC,RAIL_IWW_AVD,BG,2016,44.4,,
ESTAT:TRAN_HV_FRMOD(1.0),16/04/25 11:00:00,A,PC,RAIL_IWW_AVD,BG,2017,43.5,,
ESTAT:TRAN_HV_FRMOD(1.0),16/04/25 11:00:00,A,PC,RAIL_IWW_AVD,BG,2018,43.8,,
ESTAT:TRAN_HV_FRMOD(1.0),16/04/25 11:00:00,A,PC,RAIL_IWW_AVD,BG,2019,53.2,,
ESTAT:TRAN_HV_FRMOD(1.0),16/04/25 11:00:00,A,PC,RAIL_IWW_AVD,BG,2020,49.5,,
ESTAT:TRAN_HV_FRMOD(1.0),16/04/25 11:00:00,A,PC,RAIL_IWW_AVD,BG,2021,44.0,,
ESTAT:TRAN_HV_FRMOD(1.0),16/04/25 11:00:00,A,PC,RAIL_IWW_AVD,BG,2022,39.5,,
ESTAT:TRAN_HV_FRMOD(1.0),16/04/25 11:00:00,A,PC,RAIL_IWW_AVD,BG,2023,37.0,,
ESTAT:TRAN_HV_FRMOD(1.0),16/04/25 11:00:00,A,PC,RAIL_IWW_AVD,CH,2005,33.7,e,
ESTAT:TRAN_HV_FRMOD(1.0),16/04/25 11:00:00,A,PC,RAIL_IWW_AVD,CH,2006,35.0,e,
ESTAT:TRAN_HV_FRMOD(1.0),16/04/25 11:00:00,A,PC,RAIL_IWW_AVD,CH,2007,35.2,e,
ESTAT:TRAN_HV_FRMOD(1.0),16/04/25 11:00:00,A,PC,RAIL_IWW_AVD,CH,2008,35.6,,
ESTAT:TRAN_HV_FRMOD(1.0),16/04/25 11:00:00,A,PC,RAIL_IWW_AVD,CH,2009,33.7,,
ESTAT:TRAN_HV_FRMOD(1.0),16/04/25 11:00:00,A,PC,RAIL_IWW_AVD,CH,2010,34.0,,
ESTAT:TRAN_HV_FRMOD(1.0),16/04/25 11:00:00,A,PC,RAIL_IWW_AVD,CH,2011,35.3,,
ESTAT:TRAN_HV_FRMOD(1.0),16/04/25 11:00:00,A,PC,RAIL_IWW_AVD,CH,2012,34.8,,
ESTAT:TRAN_HV_FRMOD(1.0),16/04/25 11:00:00,A,PC,RAIL_IWW_AVD,CH,2013,36.3,,
ESTAT:TRAN_HV_FRMOD(1.0),16/04/25 11:00:00,A,PC,RAIL_IWW_AVD,CH,2014,36.3,,
ESTAT:TRAN_HV_FRMOD(1.0),16/04/25 11:00:00,A,PC,RAIL_IWW_AVD,CH,2015,37.5,,
ESTAT:TRAN_HV_FRMOD(1.0),16/04/25 11:00:00,A,PC,RAIL_IWW_AVD,CH,2016,37.6,,
ESTAT:TRAN_HV_FRMOD(1.0),16/04/25 11:00:00,A,PC,RAIL_IWW_AVD,CH,2017,34.9,e,
ESTAT:TRAN_HV_FRMOD(1.0),16/04/25 11:00:00,A,PC,RAIL_IWW_AVD,CH,2018,34.8,e,
ESTAT:TRAN_HV_FRMOD(1.0),16/04/25 11:00:00,A,PC,RAIL_IWW_AVD,CH,2019,34.4,e,
ESTAT:TRAN_HV_FRMOD(1.0),16/04/25 11:00:00,A,PC,RAIL_IWW_AVD,CH,2020,32.6,e,
ESTAT:TRAN_HV_FRMOD(1.0),16/04/25 11:00:00,A,PC,RAIL_IWW_AVD,CH,2021,33.7,e,
ESTAT:TRAN_HV_FRMOD(1.0),16/04/25 11:00:00,A,PC,RAIL_IWW_AVD,CH,2022,33.7,e,
ESTAT:TRAN_HV_FRMOD(1.0),16/04/25 11:00:00,A,PC,RAIL_IWW_AVD,CH,2023,34.4,e,
ESTAT:TRAN_HV_FRMOD(1.0),16/04/25 11:00:00,A,PC,RAIL_IWW_AVD,CY,2005,,m,
ESTAT:TRAN_HV_FRMOD(1.0),16/04/25 11:00:00,A,PC,RAIL_IWW_AVD,CY,2006,,m,
ESTAT:TRAN_HV_FRMOD(1.0),16/04/25 11:00:00,A,PC,RAIL_IWW_AVD,CY,2007,,m,
ESTAT:TRAN_HV_FRMOD(1.0),16/04/25 11:00:00,A,PC,RAIL_IWW_AVD,CY,2008,,m,
ESTAT:TRAN_HV_FRMOD(1.0),16/04/25 11:00:00,A,PC,RAIL_IWW_AVD,CY,2009,,m,
ESTAT:TRAN_HV_FRMOD(1.0),16/04/25 11:00:00,A,PC,RAIL_IWW_AVD,CY,2010,,m,
ESTAT:TRAN_HV_FRMOD(1.0),16/04/25 11:00:00,A,PC,RAIL_IWW_AVD,CY,2011,,m,
ESTAT:TRAN_HV_FRMOD(1.0),16/04/25 11:00:00,A,PC,RAIL_IWW_AVD,CY,2012,,m,
ESTAT:TRAN_HV_FRMOD(1.0),16/04/25 11:00:00,A,PC,RAIL_IWW_AVD,CY,2013,,m,
ESTAT:TRAN_HV_FRMOD(1.0),16/04/25 11:00:00,A,PC,RAIL_IWW_AVD,CY,2014,,m,
ESTAT:TRAN_HV_FRMOD(1.0),16/04/25 11:00:00,A,PC,RAIL_IWW_AVD,CY,2015,,m,
ESTAT:TRAN_HV_FRMOD(1.0),16/04/25 11:00:00,A,PC,RAIL_IWW_AVD,CY,2016,,m,
ESTAT:TRAN_HV_FRMOD(1.0),16/04/25 11:00:00,A,PC,RAIL_IWW_AVD,CY,2017,,m,
ESTAT:TRAN_HV_FRMOD(1.0),16/04/25 11:00:00,A,PC,RAIL_IWW_AVD,CY,2018,,m,
ESTAT:TRAN_HV_FRMOD(1.0),16/04/25 11:00:00,A,PC,RAIL_IWW_AVD,CY,2019,,m,
ESTAT:TRAN_HV_FRMOD(1.0),16/04/25 11:00:00,A,PC,RAIL_IWW_AVD,CY,2020,,m,
ESTAT:TRAN_HV_FRMOD(1.0),16/04/25 11:00:00,A,PC,RAIL_IWW_AVD,CY,2021,,m,
ESTAT:TRAN_HV_FRMOD(1.0),16/04/25 11:00:00,A,PC,RAIL_IWW_AVD,CY,2022,,m,
ESTAT:TRAN_HV_FRMOD(1.0),16/04/25 11:00:00,A,PC,RAIL_IWW_AVD,CY,2023,,m,
ESTAT:TRAN_HV_FRMOD(1.0),16/04/25 11:00:00,A,PC,RAIL_IWW_AVD,CZ,2005,31.5,,
ESTAT:TRAN_HV_FRMOD(1.0),16/04/25 11:00:00,A,PC,RAIL_IWW_AVD,CZ,2006,31.9,,
ESTAT:TRAN_HV_FRMOD(1.0),16/04/25 11:00:00,A,PC,RAIL_IWW_AVD,CZ,2007,32.2,,
ESTAT:TRAN_HV_FRMOD(1.0),16/04/25 11:00:00,A,PC,RAIL_IWW_AVD,CZ,2008,32.2,,
ESTAT:TRAN_HV_FRMOD(1.0),16/04/25 11:00:00,A,PC,RAIL_IWW_AVD,CZ,2009,30.5,,
ESTAT:TRAN_HV_FRMOD(1.0),16/04/25 11:00:00,A,PC,RAIL_IWW_AVD,CZ,2010,30.2,,
ESTAT:TRAN_HV_FRMOD(1.0),16/04/25 11:00:00,A,PC,RAIL_IWW_AVD,CZ,2011,30.2,,
ESTAT:TRAN_HV_FRMOD(1.0),16/04/25 11:00:00,A,PC,RAIL_IWW_AVD,CZ,2012,30.6,,
ESTAT:TRAN_HV_FRMOD(1.0),16/04/25 11:00:00,A,PC,RAIL_IWW_AVD,CZ,2013,28.3,,
ESTAT:TRAN_HV_FRMOD(1.0),16/04/25 11:00:00,A,PC,RAIL_IWW_AVD,CZ,2014,28.3,,
ESTAT:TRAN_HV_FRMOD(1.0),16/04/25 11:00:00,A,PC,RAIL_IWW_AVD,CZ,2015,26.4,,
ESTAT:TRAN_HV_FRMOD(1.0),16/04/25 11:00:00,A,PC,RAIL_IWW_AVD,CZ,2016,26.6,,
ESTAT:TRAN_HV_FRMOD(1.0),16/04/25 11:00:00,A,PC,RAIL_IWW_AVD,CZ,2017,27.0,,
ESTAT:TRAN_HV_FRMOD(1.0),16/04/25 11:00:00,A,PC,RAIL_IWW_AVD,CZ,2018,27.6,,
ESTAT:TRAN_HV_FRMOD(1.0),16/04/25 11:00:00,A,PC,RAIL_IWW_AVD,CZ,2019,26.3,,
ESTAT:TRAN_HV_FRMOD(1.0),16/04/25 11:00:00,A,PC,RAIL_IWW_AVD,CZ,2020,22.8,,
ESTAT:TRAN_HV_FRMOD(1.0),16/04/25 11:00:00,A,PC,RAIL_IWW_AVD,CZ,2021,22.9,,
ESTAT:TRAN_HV_FRMOD(1.0),16/04/25 11:00:00,A,PC,RAIL_IWW_AVD,CZ,2022,22.2,,
ESTAT:TRAN_HV_FRMOD(1.0),16/04/25 11:00:00,A,PC,RAIL_IWW_AVD,CZ,2023,21.7,,
ESTAT:TRAN_HV_FRMOD(1.0),16/04/25 11:00:00,A,PC,RAIL_IWW_AVD,DE,2005,30.1,,
ESTAT:TRAN_HV_FRMOD(1.0),16/04/25 11:00:00,A,PC,RAIL_IWW_AVD,DE,2006,30.2,,
ESTAT:TRAN_HV_FRMOD(1.0),16/04/25 11:00:00,A,PC,RAIL_IWW_AVD,DE,2007,30.3,,
ESTAT:TRAN_HV_FRMOD(1.0),16/04/25 11:00:00,A,PC,RAIL_IWW_AVD,DE,2008,30.0,,
ESTAT:TRAN_HV_FRMOD(1.0),16/04/25 11:00:00,A,PC,RAIL_IWW_AVD,DE,2009,28.2,,
ESTAT:TRAN_HV_FRMOD(1.0),16/04/25 11:00:00,A,PC,RAIL_IWW_AVD,DE,2010,29.5,,
ESTAT:TRAN_HV_FRMOD(1.0),16/04/25 11:00:00,A,PC,RAIL_IWW_AVD,DE,2011,28.7,,
ESTAT:TRAN_HV_FRMOD(1.0),16/04/25 11:00:00,A,PC,RAIL_IWW_AVD,DE,2012,29.2,,
ESTAT:TRAN_HV_FRMOD(1.0),16/04/25 11:00:00,A,PC,RAIL_IWW_AVD,DE,2013,29.1,,
ESTAT:TRAN_HV_FRMOD(1.0),16/04/25 11:00:00,A,PC,RAIL_IWW_AVD,DE,2014,28.7,,
ESTAT:TRAN_HV_FRMOD(1.0),16/04/25 11:00:00,A,PC,RAIL_IWW_AVD,DE,2015,28.1,,
ESTAT:TRAN_HV_FRMOD(1.0),16/04/25 11:00:00,A,PC,RAIL_IWW_AVD,DE,2016,29.8,,
ESTAT:TRAN_HV_FRMOD(1.0),16/04/25 11:00:00,A,PC,RAIL_IWW_AVD,DE,2017,28.3,,
ESTAT:TRAN_HV_FRMOD(1.0),16/04/25 11:00:00,A,PC,RAIL_IWW_AVD,DE,2018,27.6,,
ESTAT:TRAN_HV_FRMOD(1.0),16/04/25 11:00:00,A,PC,RAIL_IWW_AVD,DE,2019,27.7,,
ESTAT:TRAN_HV_FRMOD(1.0),16/04/25 11:00:00,A,PC,RAIL_IWW_AVD,DE,2020,25.0,,
ESTAT:TRAN_HV_FRMOD(1.0),16/04/25 11:00:00,A,PC,RAIL_IWW_AVD,DE,2021,26.4,,
ESTAT:TRAN_HV_FRMOD(1.0),16/04/25 11:00:00,A,PC,RAIL_IWW_AVD,DE,2022,26.6,,
ESTAT:TRAN_HV_FRMOD(1.0),16/04/25 11:00:00,A,PC,RAIL_IWW_AVD,DE,2023,27.2,,
ESTAT:TRAN_HV_FRMOD(1.0),16/04/25 11:00:00,A,PC,RAIL_IWW_AVD,DK,2005,10.6,,
ESTAT:TRAN_HV_FRMOD(1.0),16/04/25 11:00:00,A,PC,RAIL_IWW_AVD,DK,2006,9.7,,
ESTAT:TRAN_HV_FRMOD(1.0),16/04/25 11:00:00,A,PC,RAIL_IWW_AVD,DK,2007,8.9,,
ESTAT:TRAN_HV_FRMOD(1.0),16/04/25 11:00:00,A,PC,RAIL_IWW_AVD,DK,2008,9.0,,
ESTAT:TRAN_HV_FRMOD(1.0),16/04/25 11:00:00,A,PC,RAIL_IWW_AVD,DK,2009,9.1,,
ESTAT:TRAN_HV_FRMOD(1.0),16/04/25 11:00:00,A,PC,RAIL_IWW_AVD,DK,2010,11.5,,
ESTAT:TRAN_HV_FRMOD(1.0),16/04/25 11:00:00,A,PC,RAIL_IWW_AVD,DK,2011,12.4,,
ESTAT:TRAN_HV_FRMOD(1.0),16/04/25 11:00:00,A,PC,RAIL_IWW_AVD,DK,2012,10.9,,
ESTAT:TRAN_HV_FRMOD(1.0),16/04/25 11:00:00,A,PC,RAIL_IWW_AVD,DK,2013,11.3,,
ESTAT:TRAN_HV_FRMOD(1.0),16/04/25 11:00:00,A,PC,RAIL_IWW_AVD,DK,2014,11.2,,
ESTAT:TRAN_HV_FRMOD(1.0),16/04/25 11:00:00,A,PC,RAIL_IWW_AVD,DK,2015,12.0,,
ESTAT:TRAN_HV_FRMOD(1.0),16/04/25 11:00:00,A,PC,RAIL_IWW_AVD,DK,2016,11.3,,
ESTAT:TRAN_HV_FRMOD(1.0),16/04/25 11:00:00,A,PC,RAIL_IWW_AVD,DK,2017,11.5,,
ESTAT:TRAN_HV_FRMOD(1.0),16/04/25 11:00:00,A,PC,RAIL_IWW_AVD,DK,2018,11.8,,
ESTAT:TRAN_HV_FRMOD(1.0),16/04/25 11:00:00,A,PC,RAIL_IWW_AVD,DK,2019,11.5,,
ESTAT:TRAN_HV_FRMOD(1.0),16/04/25 11:00:00,A,PC,RAIL_IWW_AVD,DK,2020,10.8,,
ESTAT:TRAN_HV_FRMOD(1.0),16/04/25 11:00:00,A,PC,RAIL_IWW_AVD,DK,2021,8.7,,
ESTAT:TRAN_HV_FRMOD(1.0),16/04/25 11:00:00,A,PC,RAIL_IWW_AVD,DK,2022,9.6,,
ESTAT:TRAN_HV_FRMOD(1.0),16/04/25 11:00:00,A,PC,RAIL_IWW_AVD,DK,2023,8.2,,
ESTAT:TRAN_HV_FRMOD(1.0),16/04/25 11:00:00,A,PC,RAIL_IWW_AVD,EE,2005,80.0,,
ESTAT:TRAN_HV_FRMOD(1.0),16/04/25 11:00:00,A,PC,RAIL_IWW_AVD,EE,2006,78.4,,
ESTAT:TRAN_HV_FRMOD(1.0),16/04/25 11:00:00,A,PC,RAIL_IWW_AVD,EE,2007,74.2,,
ESTAT:TRAN_HV_FRMOD(1.0),16/04/25 11:00:00,A,PC,RAIL_IWW_AVD,EE,2008,68.2,,
ESTAT:TRAN_HV_FRMOD(1.0),16/04/25 11:00:00,A,PC,RAIL_IWW_AVD,EE,2009,74.1,,
ESTAT:TRAN_HV_FRMOD(1.0),16/04/25 11:00:00,A,PC,RAIL_IWW_AVD,EE,2010,75.4,,
ESTAT:TRAN_HV_FRMOD(1.0),16/04/25 11:00:00,A,PC,RAIL_IWW_AVD,EE,2011,71.6,,
ESTAT:TRAN_HV_FRMOD(1.0),16/04/25 11:00:00,A,PC,RAIL_IWW_AVD,EE,2012,66.9,,
ESTAT:TRAN_HV_FRMOD(1.0),16/04/25 11:00:00,A,PC,RAIL_IWW_AVD,EE,2013,64.0,,
ESTAT:TRAN_HV_FRMOD(1.0),16/04/25 11:00:00,A,PC,RAIL_IWW_AVD,EE,2014,55.2,,
ESTAT:TRAN_HV_FRMOD(1.0),16/04/25 11:00:00,A,PC,RAIL_IWW_AVD,EE,2015,52.4,,
ESTAT:TRAN_HV_FRMOD(1.0),16/04/25 11:00:00,A,PC,RAIL_IWW_AVD,EE,2016,42.9,,
ESTAT:TRAN_HV_FRMOD(1.0),16/04/25 11:00:00,A,PC,RAIL_IWW_AVD,EE,2017,44.4,,
ESTAT:TRAN_HV_FRMOD(1.0),16/04/25 11:00:00,A,PC,RAIL_IWW_AVD,EE,2018,46.2,,
ESTAT:TRAN_HV_FRMOD(1.0),16/04/25 11:00:00,A,PC,RAIL_IWW_AVD,EE,2019,42.0,,
ESTAT:TRAN_HV_FRMOD(1.0),16/04/25 11:00:00,A,PC,RAIL_IWW_AVD,EE,2020,38.6,,
ESTAT:TRAN_HV_FRMOD(1.0),16/04/25 11:00:00,A,PC,RAIL_IWW_AVD,EE,2021,40.1,,
ESTAT:TRAN_HV_FRMOD(1.0),16/04/25 11:00:00,A,PC,RAIL_IWW_AVD,EE,2022,27.3,,
ESTAT:TRAN_HV_FRMOD(1.0),16/04/25 11:00:00,A,PC,RAIL_IWW_AVD,EE,2023,20.4,,
ESTAT:TRAN_HV_FRMOD(1.0),16/04/25 11:00:00,A,PC,RAIL_IWW_AVD,EL,2005,2.7,,
ESTAT:TRAN_HV_FRMOD(1.0),16/04/25 11:00:00,A,PC,RAIL_IWW_AVD,EL,2006,2.2,,
ESTAT:TRAN_HV_FRMOD(1.0),16/04/25 11:00:00,A,PC,RAIL_IWW_AVD,EL,2007,3.3,,
ESTAT:TRAN_HV_FRMOD(1.0),16/04/25 11:00:00,A,PC,RAIL_IWW_AVD,EL,2008,2.9,,
ESTAT:TRAN_HV_FRMOD(1.0),16/04/25 11:00:00,A,PC,RAIL_IWW_AVD,EL,2009,2.1,,
ESTAT:TRAN_HV_FRMOD(1.0),16/04/25 11:00:00,A,PC,RAIL_IWW_AVD,EL,2010,2.2,,
ESTAT:TRAN_HV_FRMOD(1.0),16/04/25 11:00:00,A,PC,RAIL_IWW_AVD,EL,2011,1.8,,
ESTAT:TRAN_HV_FRMOD(1.0),16/04/25 11:00:00,A,PC,RAIL_IWW_AVD,EL,2012,1.5,,
ESTAT:TRAN_HV_FRMOD(1.0),16/04/25 11:00:00,A,PC,RAIL_IWW_AVD,EL,2013,1.5,,
ESTAT:TRAN_HV_FRMOD(1.0),16/04/25 11:00:00,A,PC,RAIL_IWW_AVD,EL,2014,1.7,,
ESTAT:TRAN_HV_FRMOD(1.0),16/04/25 11:00:00,A,PC,RAIL_IWW_AVD,EL,2015,1.6,,
ESTAT:TRAN_HV_FRMOD(1.0),16/04/25 11:00:00,A,PC,RAIL_IWW_AVD,EL,2016,1.3,,
ESTAT:TRAN_HV_FRMOD(1.0),16/04/25 11:00:00,A,PC,RAIL_IWW_AVD,EL,2017,1.8,,
ESTAT:TRAN_HV_FRMOD(1.0),16/04/25 11:00:00,A,PC,RAIL_IWW_AVD,EL,2018,2.1,,
ESTAT:TRAN_HV_FRMOD(1.0),16/04/25 11:00:00,A,PC,RAIL_IWW_AVD,EL,2019,2.4,,
ESTAT:TRAN_HV_FRMOD(1.0),16/04/25 11:00:00,A,PC,RAIL_IWW_AVD,EL,2020,3.1,,
ESTAT:TRAN_HV_FRMOD(1.0),16/04/25 11:00:00,A,PC,RAIL_IWW_AVD,EL,2021,2.9,,
ESTAT:TRAN_HV_FRMOD(1.0),16/04/25 11:00:00,A,PC,RAIL_IWW_AVD,EL,2022,2.3,,
ESTAT:TRAN_HV_FRMOD(1.0),16/04/25 11:00:00,A,PC,RAIL_IWW_AVD,EL,2023,1.1,,
ESTAT:TRAN_HV_FRMOD(1.0),16/04/25 11:00:00,A,PC,RAIL_IWW_AVD,ES,2005,5.2,,
ESTAT:TRAN_HV_FRMOD(1.0),16/04/25 11:00:00,A,PC,RAIL_IWW_AVD,ES,2006,5.0,,
ESTAT:TRAN_HV_FRMOD(1.0),16/04/25 11:00:00,A,PC,RAIL_IWW_AVD,ES,2007,4.5,,
ESTAT:TRAN_HV_FRMOD(1.0),16/04/25 11:00:00,A,PC,RAIL_IWW_AVD,ES,2008,4.8,,
ESTAT:TRAN_HV_FRMOD(1.0),16/04/25 11:00:00,A,PC,RAIL_IWW_AVD,ES,2009,4.0,,
ESTAT:TRAN_HV_FRMOD(1.0),16/04/25 11:00:00,A,PC,RAIL_IWW_AVD,ES,2010,4.6,,
ESTAT:TRAN_HV_FRMOD(1.0),16/04/25 11:00:00,A,PC,RAIL_IWW_AVD,ES,2011,5.0,,
ESTAT:TRAN_HV_FRMOD(1.0),16/04/25 11:00:00,A,PC,RAIL_IWW_AVD,ES,2012,5.3,,
ESTAT:TRAN_HV_FRMOD(1.0),16/04/25 11:00:00,A,PC,RAIL_IWW_AVD,ES,2013,5.3,,
ESTAT:TRAN_HV_FRMOD(1.0),16/04/25 11:00:00,A,PC,RAIL_IWW_AVD,ES,2014,5.9,,
ESTAT:TRAN_HV_FRMOD(1.0),16/04/25 11:00:00,A,PC,RAIL_IWW_AVD,ES,2015,5.8,,
ESTAT:TRAN_HV_FRMOD(1.0),16/04/25 11:00:00,A,PC,RAIL_IWW_AVD,ES,2016,5.3,,
ESTAT:TRAN_HV_FRMOD(1.0),16/04/25 11:00:00,A,PC,RAIL_IWW_AVD,ES,2017,5.1,,
ESTAT:TRAN_HV_FRMOD(1.0),16/04/25 11:00:00,A,PC,RAIL_IWW_AVD,ES,2018,5.0,,
ESTAT:TRAN_HV_FRMOD(1.0),16/04/25 11:00:00,A,PC,RAIL_IWW_AVD,ES,2019,4.8,,
ESTAT:TRAN_HV_FRMOD(1.0),16/04/25 11:00:00,A,PC,RAIL_IWW_AVD,ES,2020,4.1,,
ESTAT:TRAN_HV_FRMOD(1.0),16/04/25 11:00:00,A,PC,RAIL_IWW_AVD,ES,2021,4.3,,
ESTAT:TRAN_HV_FRMOD(1.0),16/04/25 11:00:00,A,PC,RAIL_IWW_AVD,ES,2022,4.4,,
ESTAT:TRAN_HV_FRMOD(1.0),16/04/25 11:00:00,A,PC,RAIL_IWW_AVD,ES,2023,4.2,,
ESTAT:TRAN_HV_FRMOD(1.0),16/04/25 11:00:00,A,PC,RAIL_IWW_AVD,EU27_2020,2005,25.6,e,
ESTAT:TRAN_HV_FRMOD(1.0),16/04/25 11:00:00,A,PC,RAIL_IWW_AVD,EU27_2020,2006,25.7,e,
ESTAT:TRAN_HV_FRMOD(1.0),16/04/25 11:00:00,A,PC,RAIL_IWW_AVD,EU27_2020,2007,25.8,e,
ESTAT:TRAN_HV_FRMOD(1.0),16/04/25 11:00:00,A,PC,RAIL_IWW_AVD,EU27_2020,2008,25.7,e,
ESTAT:TRAN_HV_FRMOD(1.0),16/04/25 11:00:00,A,PC,RAIL_IWW_AVD,EU27_2020,2009,23.9,,
ESTAT:TRAN_HV_FRMOD(1.0),16/04/25 11:00:00,A,PC,RAIL_IWW_AVD,EU27_2020,2010,25.4,,
ESTAT:TRAN_HV_FRMOD(1.0),16/04/25 11:00:00,A,PC,RAIL_IWW_AVD,EU27_2020,2011,26.0,,
ESTAT:TRAN_HV_FRMOD(1.0),16/04/25 11:00:00,A,PC,RAIL_IWW_AVD,EU27_2020,2012,26.5,e,
ESTAT:TRAN_HV_FRMOD(1.0),16/04/25 11:00:00,A,PC,RAIL_IWW_AVD,EU27_2020,2013,26.0,e,
ESTAT:TRAN_HV_FRMOD(1.0),16/04/25 11:00:00,A,PC,RAIL_IWW_AVD,EU27_2020,2014,26.1,e,
ESTAT:TRAN_HV_FRMOD(1.0),16/04/25 11:00:00,A,PC,RAIL_IWW_AVD,EU27_2020,2015,25.8,e,
ESTAT:TRAN_HV_FRMOD(1.0),16/04/25 11:00:00,A,PC,RAIL_IWW_AVD,EU27_2020,2016,25.8,e,
ESTAT:TRAN_HV_FRMOD(1.0),16/04/25 11:00:00,A,PC,RAIL_IWW_AVD,EU27_2020,2017,25.0,e,
ESTAT:TRAN_HV_FRMOD(1.0),16/04/25 11:00:00,A,PC,RAIL_IWW_AVD,EU27_2020,2018,24.7,e,
ESTAT:TRAN_HV_FRMOD(1.0),16/04/25 11:00:00,A,PC,RAIL_IWW_AVD,EU27_2020,2019,24.0,e,
ESTAT:TRAN_HV_FRMOD(1.0),16/04/25 11:00:00,A,PC,RAIL_IWW_AVD,EU27_2020,2020,22.6,e,
ESTAT:TRAN_HV_FRMOD(1.0),16/04/25 11:00:00,A,PC,RAIL_IWW_AVD,EU27_2020,2021,22.7,e,
ESTAT:TRAN_HV_FRMOD(1.0),16/04/25 11:00:00,A,PC,RAIL_IWW_AVD,EU27_2020,2022,22.2,e,
ESTAT:TRAN_HV_FRMOD(1.0),16/04/25 11:00:00,A,PC,RAIL_IWW_AVD,EU27_2020,2023,21.9,e,
ESTAT:TRAN_HV_FRMOD(1.0),16/04/25 11:00:00,A,PC,RAIL_IWW_AVD,EU28,2005,24.4,e,
ESTAT:TRAN_HV_FRMOD(1.0),16/04/25 11:00:00,A,PC,RAIL_IWW_AVD,EU28,2006,24.6,e,
ESTAT:TRAN_HV_FRMOD(1.0),16/04/25 11:00:00,A,PC,RAIL_IWW_AVD,EU28,2007,24.6,e,
ESTAT:TRAN_HV_FRMOD(1.0),16/04/25 11:00:00,A,PC,RAIL_IWW_AVD,EU28,2008,24.6,e,
ESTAT:TRAN_HV_FRMOD(1.0),16/04/25 11:00:00,A,PC,RAIL_IWW_AVD,EU28,2009,23.0,,
ESTAT:TRAN_HV_FRMOD(1.0),16/04/25 11:00:00,A,PC,RAIL_IWW_AVD,EU28,2010,24.3,,
ESTAT:TRAN_HV_FRMOD(1.0),16/04/25 11:00:00,A,PC,RAIL_IWW_AVD,EU28,2011,25.0,,
ESTAT:TRAN_HV_FRMOD(1.0),16/04/25 11:00:00,A,PC,RAIL_IWW_AVD,EU28,2012,25.3,e,
ESTAT:TRAN_HV_FRMOD(1.0),16/04/25 11:00:00,A,PC,RAIL_IWW_AVD,EU28,2013,25.1,e,
ESTAT:TRAN_HV_FRMOD(1.0),16/04/25 11:00:00,A,PC,RAIL_IWW_AVD,EU28,2014,25.2,e,
ESTAT:TRAN_HV_FRMOD(1.0),16/04/25 11:00:00,A,PC,RAIL_IWW_AVD,EU28,2015,24.6,e,
ESTAT:TRAN_HV_FRMOD(1.0),16/04/25 11:00:00,A,PC,RAIL_IWW_AVD,EU28,2016,24.5,e,
ESTAT:TRAN_HV_FRMOD(1.0),16/04/25 11:00:00,A,PC,RAIL_IWW_AVD,EU28,2017,23.9,e,
ESTAT:TRAN_HV_FRMOD(1.0),16/04/25 11:00:00,A,PC,RAIL_IWW_AVD,EU28,2018,23.5,e,
ESTAT:TRAN_HV_FRMOD(1.0),16/04/25 11:00:00,A,PC,RAIL_IWW_AVD,EU28,2019,22.9,e,
ESTAT:TRAN_HV_FRMOD(1.0),16/04/25 11:00:00,A,PC,RAIL_IWW_AVD,FI,2005,25.3,,
ESTAT:TRAN_HV_FRMOD(1.0),16/04/25 11:00:00,A,PC,RAIL_IWW_AVD,FI,2006,29.6,,
ESTAT:TRAN_HV_FRMOD(1.0),16/04/25 11:00:00,A,PC,RAIL_IWW_AVD,FI,2007,28.0,,
ESTAT:TRAN_HV_FRMOD(1.0),16/04/25 11:00:00,A,PC,RAIL_IWW_AVD,FI,2008,27.4,,
ESTAT:TRAN_HV_FRMOD(1.0),16/04/25 11:00:00,A,PC,RAIL_IWW_AVD,FI,2009,26.0,,
ESTAT:TRAN_HV_FRMOD(1.0),16/04/25 11:00:00,A,PC,RAIL_IWW_AVD,FI,2010,27.1,,
ESTAT:TRAN_HV_FRMOD(1.0),16/04/25 11:00:00,A,PC,RAIL_IWW_AVD,FI,2011,27.8,,
ESTAT:TRAN_HV_FRMOD(1.0),16/04/25 11:00:00,A,PC,RAIL_IWW_AVD,FI,2012,29.0,,
ESTAT:TRAN_HV_FRMOD(1.0),16/04/25 11:00:00,A,PC,RAIL_IWW_AVD,FI,2013,30.5,,
ESTAT:TRAN_HV_FRMOD(1.0),16/04/25 11:00:00,A,PC,RAIL_IWW_AVD,FI,2014,31.2,,
ESTAT:TRAN_HV_FRMOD(1.0),16/04/25 11:00:00,A,PC,RAIL_IWW_AVD,FI,2015,27.4,,
ESTAT:TRAN_HV_FRMOD(1.0),16/04/25 11:00:00,A,PC,RAIL_IWW_AVD,FI,2016,27.1,,
ESTAT:TRAN_HV_FRMOD(1.0),16/04/25 11:00:00,A,PC,RAIL_IWW_AVD,FI,2017,27.7,,
ESTAT:TRAN_HV_FRMOD(1.0),16/04/25 11:00:00,A,PC,RAIL_IWW_AVD,FI,2018,29.3,,
ESTAT:TRAN_HV_FRMOD(1.0),16/04/25 11:00:00,A,PC,RAIL_IWW_AVD,FI,2019,27.2,,
ESTAT:TRAN_HV_FRMOD(1.0),16/04/25 11:00:00,A,PC,RAIL_IWW_AVD,FI,2020,26.2,,
ESTAT:TRAN_HV_FRMOD(1.0),16/04/25 11:00:00,A,PC,RAIL_IWW_AVD,FI,2021,27.3,,
ESTAT:TRAN_HV_FRMOD(1.0),16/04/25 11:00:00,A,PC,RAIL_IWW_AVD,FI,2022,23.0,,
ESTAT:TRAN_HV_FRMOD(1.0),16/04/25 11:00:00,A,PC,RAIL_IWW_AVD,FI,2023,22.6,,
ESTAT:TRAN_HV_FRMOD(1.0),16/04/25 11:00:00,A,PC,RAIL_IWW_AVD,FR,2005,14.4,,
ESTAT:TRAN_HV_FRMOD(1.0),16/04/25 11:00:00,A,PC,RAIL_IWW_AVD,FR,2006,14.2,,
ESTAT:TRAN_HV_FRMOD(1.0),16/04/25 11:00:00,A,PC,RAIL_IWW_AVD,FR,2007,14.1,,
ESTAT:TRAN_HV_FRMOD(1.0),16/04/25 11:00:00,A,PC,RAIL_IWW_AVD,FR,2008,14.1,,
ESTAT:TRAN_HV_FRMOD(1.0),16/04/25 11:00:00,A,PC,RAIL_IWW_AVD,FR,2009,13.5,,
ESTAT:TRAN_HV_FRMOD(1.0),16/04/25 11:00:00,A,PC,RAIL_IWW_AVD,FR,2010,12.5,,
ESTAT:TRAN_HV_FRMOD(1.0),16/04/25 11:00:00,A,PC,RAIL_IWW_AVD,FR,2011,13.6,,
ESTAT:TRAN_HV_FRMOD(1.0),16/04/25 11:00:00,A,PC,RAIL_IWW_AVD,FR,2012,13.8,,
ESTAT:TRAN_HV_FRMOD(1.0),16/04/25 11:00:00,A,PC,RAIL_IWW_AVD,FR,2013,13.5,,
ESTAT:TRAN_HV_FRMOD(1.0),16/04/25 11:00:00,A,PC,RAIL_IWW_AVD,FR,2014,13.7,,
ESTAT:TRAN_HV_FRMOD(1.0),16/04/25 11:00:00,A,PC,RAIL_IWW_AVD,FR,2015,15.1,,
ESTAT:TRAN_HV_FRMOD(1.0),16/04/25 11:00:00,A,PC,RAIL_IWW_AVD,FR,2016,14.3,,
ESTAT:TRAN_HV_FRMOD(1.0),16/04/25 11:00:00,A,PC,RAIL_IWW_AVD,FR,2017,13.4,,
ESTAT:TRAN_HV_FRMOD(1.0),16/04/25 11:00:00,A,PC,RAIL_IWW_AVD,FR,2018,12.7,,
ESTAT:TRAN_HV_FRMOD(1.0),16/04/25 11:00:00,A,PC,RAIL_IWW_AVD,FR,2019,12.7,,
ESTAT:TRAN_HV_FRMOD(1.0),16/04/25 11:00:00,A,PC,RAIL_IWW_AVD,FR,2020,12.0,,
ESTAT:TRAN_HV_FRMOD(1.0),16/04/25 11:00:00,A,PC,RAIL_IWW_AVD,FR,2021,12.7,,
ESTAT:TRAN_HV_FRMOD(1.0),16/04/25 11:00:00,A,PC,RAIL_IWW_AVD,FR,2022,12.6,,
ESTAT:TRAN_HV_FRMOD(1.0),16/04/25 11:00:00,A,PC,RAIL_IWW_AVD,FR,2023,11.1,,
ESTAT:TRAN_HV_FRMOD(1.0),16/04/25 11:00:00,A,PC,RAIL_IWW_AVD,HR,2005,25.1,e,
ESTAT:TRAN_HV_FRMOD(1.0),16/04/25 11:00:00,A,PC,RAIL_IWW_AVD,HR,2006,26.9,e,
ESTAT:TRAN_HV_FRMOD(1.0),16/04/25 11:00:00,A,PC,RAIL_IWW_AVD,HR,2007,28.5,e,
ESTAT:TRAN_HV_FRMOD(1.0),16/04/25 11:00:00,A,PC,RAIL_IWW_AVD,HR,2008,28.3,,
ESTAT:TRAN_HV_FRMOD(1.0),16/04/25 11:00:00,A,PC,RAIL_IWW_AVD,HR,2009,28.2,,
ESTAT:TRAN_HV_FRMOD(1.0),16/04/25 11:00:00,A,PC,RAIL_IWW_AVD,HR,2010,31.0,,
ESTAT:TRAN_HV_FRMOD(1.0),16/04/25 11:00:00,A,PC,RAIL_IWW_AVD,HR,2011,28.8,,
ESTAT:TRAN_HV_FRMOD(1.0),16/04/25 11:00:00,A,PC,RAIL_IWW_AVD,HR,2012,29.5,,
ESTAT:TRAN_HV_FRMOD(1.0),16/04/25 11:00:00,A,PC,RAIL_IWW_AVD,HR,2013,27.1,,
ESTAT:TRAN_HV_FRMOD(1.0),16/04/25 11:00:00,A,PC,RAIL_IWW_AVD,HR,2014,27.3,,
ESTAT:TRAN_HV_FRMOD(1.0),16/04/25 11:00:00,A,PC,RAIL_IWW_AVD,HR,2015,27.1,,
ESTAT:TRAN_HV_FRMOD(1.0),16/04/25 11:00:00,A,PC,RAIL_IWW_AVD,HR,2016,26.5,,
ESTAT:TRAN_HV_FRMOD(1.0),16/04/25 11:00:00,A,PC,RAIL_IWW_AVD,HR,2017,28.0,,
ESTAT:TRAN_HV_FRMOD(1.0),16/04/25 11:00:00,A,PC,RAIL_IWW_AVD,HR,2018,26.9,,
ESTAT:TRAN_HV_FRMOD(1.0),16/04/25 11:00:00,A,PC,RAIL_IWW_AVD,HR,2019,30.9,,
ESTAT:TRAN_HV_FRMOD(1.0),16/04/25 11:00:00,A,PC,RAIL_IWW_AVD,HR,2020,32.3,,
ESTAT:TRAN_HV_FRMOD(1.0),16/04/25 11:00:00,A,PC,RAIL_IWW_AVD,HR,2021,30.1,,
ESTAT:TRAN_HV_FRMOD(1.0),16/04/25 11:00:00,A,PC,RAIL_IWW_AVD,HR,2022,30.2,,
ESTAT:TRAN_HV_FRMOD(1.0),16/04/25 11:00:00,A,PC,RAIL_IWW_AVD,HR,2023,26.3,,
ESTAT:TRAN_HV_FRMOD(1.0),16/04/25 11:00:00,A,PC,RAIL_IWW_AVD,HU,2005,33.6,,
ESTAT:TRAN_HV_FRMOD(1.0),16/04/25 11:00:00,A,PC,RAIL_IWW_AVD,HU,2006,33.3,,
ESTAT:TRAN_HV_FRMOD(1.0),16/04/25 11:00:00,A,PC,RAIL_IWW_AVD,HU,2007,31.9,,
ESTAT:TRAN_HV_FRMOD(1.0),16/04/25 11:00:00,A,PC,RAIL_IWW_AVD,HU,2008,30.9,,
ESTAT:TRAN_HV_FRMOD(1.0),16/04/25 11:00:00,A,PC,RAIL_IWW_AVD,HU,2009,29.9,,
ESTAT:TRAN_HV_FRMOD(1.0),16/04/25 11:00:00,A,PC,RAIL_IWW_AVD,HU,2010,34.5,,
ESTAT:TRAN_HV_FRMOD(1.0),16/04/25 11:00:00,A,PC,RAIL_IWW_AVD,HU,2011,34.2,,
ESTAT:TRAN_HV_FRMOD(1.0),16/04/25 11:00:00,A,PC,RAIL_IWW_AVD,HU,2012,36.2,,
ESTAT:TRAN_HV_FRMOD(1.0),16/04/25 11:00:00,A,PC,RAIL_IWW_AVD,HU,2013,36.7,,
ESTAT:TRAN_HV_FRMOD(1.0),16/04/25 11:00:00,A,PC,RAIL_IWW_AVD,HU,2014,36.6,,
ESTAT:TRAN_HV_FRMOD(1.0),16/04/25 11:00:00,A,PC,RAIL_IWW_AVD,HU,2015,34.9,,
ESTAT:TRAN_HV_FRMOD(1.0),16/04/25 11:00:00,A,PC,RAIL_IWW_AVD,HU,2016,34.0,,
ESTAT:TRAN_HV_FRMOD(1.0),16/04/25 11:00:00,A,PC,RAIL_IWW_AVD,HU,2017,37.5,,
ESTAT:TRAN_HV_FRMOD(1.0),16/04/25 11:00:00,A,PC,RAIL_IWW_AVD,HU,2018,31.1,,
ESTAT:TRAN_HV_FRMOD(1.0),16/04/25 11:00:00,A,PC,RAIL_IWW_AVD,HU,2019,31.8,,
ESTAT:TRAN_HV_FRMOD(1.0),16/04/25 11:00:00,A,PC,RAIL_IWW_AVD,HU,2020,34.3,,
ESTAT:TRAN_HV_FRMOD(1.0),16/04/25 11:00:00,A,PC,RAIL_IWW_AVD,HU,2021,30.8,,
ESTAT:TRAN_HV_FRMOD(1.0),16/04/25 11:00:00,A,PC,RAIL_IWW_AVD,HU,2022,30.2,,
ESTAT:TRAN_HV_FRMOD(1.0),16/04/25 11:00:00,A,PC,RAIL_IWW_AVD,HU,2023,28.4,,
ESTAT:TRAN_HV_FRMOD(1.0),16/04/25 11:00:00,A,PC,RAIL_IWW_AVD,IE,2005,1.9,,
ESTAT:TRAN_HV_FRMOD(1.0),16/04/25 11:00:00,A,PC,RAIL_IWW_AVD,IE,2006,1.3,,
ESTAT:TRAN_HV_FRMOD(1.0),16/04/25 11:00:00,A,PC,RAIL_IWW_AVD,IE,2007,0.8,,
ESTAT:TRAN_HV_FRMOD(1.0),16/04/25 11:00:00,A,PC,RAIL_IWW_AVD,IE,2008,0.7,,
ESTAT:TRAN_HV_FRMOD(1.0),16/04/25 11:00:00,A,PC,RAIL_IWW_AVD,IE,2009,0.8,,
ESTAT:TRAN_HV_FRMOD(1.0),16/04/25 11:00:00,A,PC,RAIL_IWW_AVD,IE,2010,0.9,,
ESTAT:TRAN_HV_FRMOD(1.0),16/04/25 11:00:00,A,PC,RAIL_IWW_AVD,IE,2011,1.2,,
ESTAT:TRAN_HV_FRMOD(1.0),16/04/25 11:00:00,A,PC,RAIL_IWW_AVD,IE,2012,1.0,,
ESTAT:TRAN_HV_FRMOD(1.0),16/04/25 11:00:00,A,PC,RAIL_IWW_AVD,IE,2013,1.1,,
ESTAT:TRAN_HV_FRMOD(1.0),16/04/25 11:00:00,A,PC,RAIL_IWW_AVD,IE,2014,1.1,,
ESTAT:TRAN_HV_FRMOD(1.0),16/04/25 11:00:00,A,PC,RAIL_IWW_AVD,IE,2015,1.0,,
ESTAT:TRAN_HV_FRMOD(1.0),16/04/25 11:00:00,A,PC,RAIL_IWW_AVD,IE,2016,0.9,,
ESTAT:TRAN_HV_FRMOD(1.0),16/04/25 11:00:00,A,PC,RAIL_IWW_AVD,IE,2017,0.9,,
ESTAT:TRAN_HV_FRMOD(1.0),16/04/25 11:00:00,A,PC,RAIL_IWW_AVD,IE,2018,0.8,,
ESTAT:TRAN_HV_FRMOD(1.0),16/04/25 11:00:00,A,PC,RAIL_IWW_AVD,IE,2019,0.6,,
ESTAT:TRAN_HV_FRMOD(1.0),16/04/25 11:00:00,A,PC,RAIL_IWW_AVD,IE,2020,0.8,,
ESTAT:TRAN_HV_FRMOD(1.0),16/04/25 11:00:00,A,PC,RAIL_IWW_AVD,IE,2021,0.6,,
ESTAT:TRAN_HV_FRMOD(1.0),16/04/25 11:00:00,A,PC,RAIL_IWW_AVD,IE,2022,0.7,,
ESTAT:TRAN_HV_FRMOD(1.0),16/04/25 11:00:00,A,PC,RAIL_IWW_AVD,IE,2023,0.7,,
ESTAT:TRAN_HV_FRMOD(1.0),16/04/25 11:00:00,A,PC,RAIL_IWW_AVD,IT,2005,10.1,,
ESTAT:TRAN_HV_FRMOD(1.0),16/04/25 11:00:00,A,PC,RAIL_IWW_AVD,IT,2006,11.3,,
ESTAT:TRAN_HV_FRMOD(1.0),16/04/25 11:00:00,A,PC,RAIL_IWW_AVD,IT,2007,12.0,,
ESTAT:TRAN_HV_FRMOD(1.0),16/04/25 11:00:00,A,PC,RAIL_IWW_AVD,IT,2008,11.3,,
ESTAT:TRAN_HV_FRMOD(1.0),16/04/25 11:00:00,A,PC,RAIL_IWW_AVD,IT,2009,9.2,,
ESTAT:TRAN_HV_FRMOD(1.0),16/04/25 11:00:00,A,PC,RAIL_IWW_AVD,IT,2010,9.3,,
ESTAT:TRAN_HV_FRMOD(1.0),16/04/25 11:00:00,A,PC,RAIL_IWW_AVD,IT,2011,11.2,,
ESTAT:TRAN_HV_FRMOD(1.0),16/04/25 11:00:00,A,PC,RAIL_IWW_AVD,IT,2012,12.7,,
ESTAT:TRAN_HV_FRMOD(1.0),16/04/25 11:00:00,A,PC,RAIL_IWW_AVD,IT,2013,11.9,,
ESTAT:TRAN_HV_FRMOD(1.0),16/04/25 11:00:00,A,PC,RAIL_IWW_AVD,IT,2014,13.2,,
ESTAT:TRAN_HV_FRMOD(1.0),16/04/25 11:00:00,A,PC,RAIL_IWW_AVD,IT,2015,13.5,,
ESTAT:TRAN_HV_FRMOD(1.0),16/04/25 11:00:00,A,PC,RAIL_IWW_AVD,IT,2016,14.7,,
ESTAT:TRAN_HV_FRMOD(1.0),16/04/25 11:00:00,A,PC,RAIL_IWW_AVD,IT,2017,13.7,,
ESTAT:TRAN_HV_FRMOD(1.0),16/04/25 11:00:00,A,PC,RAIL_IWW_AVD,IT,2018,13.2,,
ESTAT:TRAN_HV_FRMOD(1.0),16/04/25 11:00:00,A,PC,RAIL_IWW_AVD,IT,2019,11.9,,
ESTAT:TRAN_HV_FRMOD(1.0),16/04/25 11:00:00,A,PC,RAIL_IWW_AVD,IT,2020,12.0,,
ESTAT:TRAN_HV_FRMOD(1.0),16/04/25 11:00:00,A,PC,RAIL_IWW_AVD,IT,2021,12.7,,
ESTAT:TRAN_HV_FRMOD(1.0),16/04/25 11:00:00,A,PC,RAIL_IWW_AVD,IT,2022,12.4,,
ESTAT:TRAN_HV_FRMOD(1.0),16/04/25 11:00:00,A,PC,RAIL_IWW_AVD,IT,2023,12.0,,
ESTAT:TRAN_HV_FRMOD(1.0),16/04/25 11:00:00,A,PC,RAIL_IWW_AVD,LT,2005,73.6,,
ESTAT:TRAN_HV_FRMOD(1.0),16/04/25 11:00:00,A,PC,RAIL_IWW_AVD,LT,2006,71.1,,
ESTAT:TRAN_HV_FRMOD(1.0),16/04/25 11:00:00,A,PC,RAIL_IWW_AVD,LT,2007,70.9,,
ESTAT:TRAN_HV_FRMOD(1.0),16/04/25 11:00:00,A,PC,RAIL_IWW_AVD,LT,2008,73.0,,
ESTAT:TRAN_HV_FRMOD(1.0),16/04/25 11:00:00,A,PC,RAIL_IWW_AVD,LT,2009,70.4,,
ESTAT:TRAN_HV_FRMOD(1.0),16/04/25 11:00:00,A,PC,RAIL_IWW_AVD,LT,2010,72.8,,
ESTAT:TRAN_HV_FRMOD(1.0),16/04/25 11:00:00,A,PC,RAIL_IWW_AVD,LT,2011,73.7,,
ESTAT:TRAN_HV_FRMOD(1.0),16/04/25 11:00:00,A,PC,RAIL_IWW_AVD,LT,2012,70.3,,
ESTAT:TRAN_HV_FRMOD(1.0),16/04/25 11:00:00,A,PC,RAIL_IWW_AVD,LT,2013,66.6,,
ESTAT:TRAN_HV_FRMOD(1.0),16/04/25 11:00:00,A,PC,RAIL_IWW_AVD,LT,2014,68.1,,
ESTAT:TRAN_HV_FRMOD(1.0),16/04/25 11:00:00,A,PC,RAIL_IWW_AVD,LT,2015,65.9,,
ESTAT:TRAN_HV_FRMOD(1.0),16/04/25 11:00:00,A,PC,RAIL_IWW_AVD,LT,2016,65.0,,
ESTAT:TRAN_HV_FRMOD(1.0),16/04/25 11:00:00,A,PC,RAIL_IWW_AVD,LT,2017,66.7,,
ESTAT:TRAN_HV_FRMOD(1.0),16/04/25 11:00:00,A,PC,RAIL_IWW_AVD,LT,2018,67.9,,
ESTAT:TRAN_HV_FRMOD(1.0),16/04/25 11:00:00,A,PC,RAIL_IWW_AVD,LT,2019,67.4,,
ESTAT:TRAN_HV_FRMOD(1.0),16/04/25 11:00:00,A,PC,RAIL_IWW_AVD,LT,2020,64.7,,
ESTAT:TRAN_HV_FRMOD(1.0),16/04/25 11:00:00,A,PC,RAIL_IWW_AVD,LT,2021,62.5,,
ESTAT:TRAN_HV_FRMOD(1.0),16/04/25 11:00:00,A,PC,RAIL_IWW_AVD,LT,2022,46.4,,
ESTAT:TRAN_HV_FRMOD(1.0),16/04/25 11:00:00,A,PC,RAIL_IWW_AVD,LT,2023,39.2,,
ESTAT:TRAN_HV_FRMOD(1.0),16/04/25 11:00:00,A,PC,RAIL_IWW_AVD,LU,2005,28.1,,
ESTAT:TRAN_HV_FRMOD(1.0),16/04/25 11:00:00,A,PC,RAIL_IWW_AVD,LU,2006,30.2,,
ESTAT:TRAN_HV_FRMOD(1.0),16/04/25 11:00:00,A,PC,RAIL_IWW_AVD,LU,2007,24.0,,
ESTAT:TRAN_HV_FRMOD(1.0),16/04/25 11:00:00,A,PC,RAIL_IWW_AVD,LU,2008,23.0,,
ESTAT:TRAN_HV_FRMOD(1.0),16/04/25 11:00:00,A,PC,RAIL_IWW_AVD,LU,2009,19.6,,
ESTAT:TRAN_HV_FRMOD(1.0),16/04/25 11:00:00,A,PC,RAIL_IWW_AVD,LU,2010,24.5,,
ESTAT:TRAN_HV_FRMOD(1.0),16/04/25 11:00:00,A,PC,RAIL_IWW_AVD,LU,2011,21.6,,
ESTAT:TRAN_HV_FRMOD(1.0),16/04/25 11:00:00,A,PC,RAIL_IWW_AVD,LU,2012,16.0,,
ESTAT:TRAN_HV_FRMOD(1.0),16/04/25 11:00:00,A,PC,RAIL_IWW_AVD,LU,2013,17.8,,
ESTAT:TRAN_HV_FRMOD(1.0),16/04/25 11:00:00,A,PC,RAIL_IWW_AVD,LU,2014,14.5,,
ESTAT:TRAN_HV_FRMOD(1.0),16/04/25 11:00:00,A,PC,RAIL_IWW_AVD,LU,2015,15.1,,
ESTAT:TRAN_HV_FRMOD(1.0),16/04/25 11:00:00,A,PC,RAIL_IWW_AVD,LU,2016,12.7,,
ESTAT:TRAN_HV_FRMOD(1.0),16/04/25 11:00:00,A,PC,RAIL_IWW_AVD,LU,2017,13.0,,
ESTAT:TRAN_HV_FRMOD(1.0),16/04/25 11:00:00,A,PC,RAIL_IWW_AVD,LU,2018,15.6,,
ESTAT:TRAN_HV_FRMOD(1.0),16/04/25 11:00:00,A,PC,RAIL_IWW_AVD,LU,2019,15.0,,
ESTAT:TRAN_HV_FRMOD(1.0),16/04/25 11:00:00,A,PC,RAIL_IWW_AVD,LU,2020,14.9,,
ESTAT:TRAN_HV_FRMOD(1.0),16/04/25 11:00:00,A,PC,RAIL_IWW_AVD,LU,2021,14.4,,
ESTAT:TRAN_HV_FRMOD(1.0),16/04/25 11:00:00,A,PC,RAIL_IWW_AVD,LU,2022,13.7,,
ESTAT:TRAN_HV_FRMOD(1.0),16/04/25 11:00:00,A,PC,RAIL_IWW_AVD,LU,2023,14.3,,
ESTAT:TRAN_HV_FRMOD(1.0),16/04/25 11:00:00,A,PC,RAIL_IWW_AVD,LV,2005,84.1,,
ESTAT:TRAN_HV_FRMOD(1.0),16/04/25 11:00:00,A,PC,RAIL_IWW_AVD,LV,2006,81.0,,
ESTAT:TRAN_HV_FRMOD(1.0),16/04/25 11:00:00,A,PC,RAIL_IWW_AVD,LV,2007,80.6,,
ESTAT:TRAN_HV_FRMOD(1.0),16/04/25 11:00:00,A,PC,RAIL_IWW_AVD,LV,2008,83.4,,
ESTAT:TRAN_HV_FRMOD(1.0),16/04/25 11:00:00,A,PC,RAIL_IWW_AVD,LV,2009,85.4,,
ESTAT:TRAN_HV_FRMOD(1.0),16/04/25 11:00:00,A,PC,RAIL_IWW_AVD,LV,2010,82.1,,
ESTAT:TRAN_HV_FRMOD(1.0),16/04/25 11:00:00,A,PC,RAIL_IWW_AVD,LV,2011,84.2,,
ESTAT:TRAN_HV_FRMOD(1.0),16/04/25 11:00:00,A,PC,RAIL_IWW_AVD,LV,2012,84.1,,
ESTAT:TRAN_HV_FRMOD(1.0),16/04/25 11:00:00,A,PC,RAIL_IWW_AVD,LV,2013,81.2,,
ESTAT:TRAN_HV_FRMOD(1.0),16/04/25 11:00:00,A,PC,RAIL_IWW_AVD,LV,2014,81.2,,
ESTAT:TRAN_HV_FRMOD(1.0),16/04/25 11:00:00,A,PC,RAIL_IWW_AVD,LV,2015,79.8,,
ESTAT:TRAN_HV_FRMOD(1.0),16/04/25 11:00:00,A,PC,RAIL_IWW_AVD,LV,2016,76.6,,
ESTAT:TRAN_HV_FRMOD(1.0),16/04/25 11:00:00,A,PC,RAIL_IWW_AVD,LV,2017,74.0,,
ESTAT:TRAN_HV_FRMOD(1.0),16/04/25 11:00:00,A,PC,RAIL_IWW_AVD,LV,2018,75.8,,
ESTAT:TRAN_HV_FRMOD(1.0),16/04/25 11:00:00,A,PC,RAIL_IWW_AVD,LV,2019,73.6,,
ESTAT:TRAN_HV_FRMOD(1.0),16/04/25 11:00:00,A,PC,RAIL_IWW_AVD,LV,2020,56.5,,
ESTAT:TRAN_HV_FRMOD(1.0),16/04/25 11:00:00,A,PC,RAIL_IWW_AVD,LV,2021,53.4,,
ESTAT:TRAN_HV_FRMOD(1.0),16/04/25 11:00:00,A,PC,RAIL_IWW_AVD,LV,2022,53.2,,
ESTAT:TRAN_HV_FRMOD(1.0),16/04/25 11:00:00,A,PC,RAIL_IWW_AVD,LV,2023,44.0,,
ESTAT:TRAN_HV_FRMOD(1.0),16/04/25 11:00:00,A,PC,RAIL_IWW_AVD,MT,2005,,m,
ESTAT:TRAN_HV_FRMOD(1.0),16/04/25 11:00:00,A,PC,RAIL_IWW_AVD,MT,2006,,m,
ESTAT:TRAN_HV_FRMOD(1.0),16/04/25 11:00:00,A,PC,RAIL_IWW_AVD,MT,2007,,m,
ESTAT:TRAN_HV_FRMOD(1.0),16/04/25 11:00:00,A,PC,RAIL_IWW_AVD,MT,2008,,m,
ESTAT:TRAN_HV_FRMOD(1.0),16/04/25 11:00:00,A,PC,RAIL_IWW_AVD,MT,2009,,m,
ESTAT:TRAN_HV_FRMOD(1.0),16/04/25 11:00:00,A,PC,RAIL_IWW_AVD,MT,2010,,m,
ESTAT:TRAN_HV_FRMOD(1.0),16/04/25 11:00:00,A,PC,RAIL_IWW_AVD,MT,2011,,m,
ESTAT:TRAN_HV_FRMOD(1.0),16/04/25 11:00:00,A,PC,RAIL_IWW_AVD,MT,2012,,m,
ESTAT:TRAN_HV_FRMOD(1.0),16/04/25 11:00:00,A,PC,RAIL_IWW_AVD,MT,2013,,m,
ESTAT:TRAN_HV_FRMOD(1.0),16/04/25 11:00:00,A,PC,RAIL_IWW_AVD,MT,2014,,m,
ESTAT:TRAN_HV_FRMOD(1.0),16/04/25 11:00:00,A,PC,RAIL_IWW_AVD,MT,2015,,m,
ESTAT:TRAN_HV_FRMOD(1.0),16/04/25 11:00:00,A,PC,RAIL_IWW_AVD,MT,2016,,m,
ESTAT:TRAN_HV_FRMOD(1.0),16/04/25 11:00:00,A,PC,RAIL_IWW_AVD,MT,2017,,m,
ESTAT:TRAN_HV_FRMOD(1.0),16/04/25 11:00:00,A,PC,RAIL_IWW_AVD,MT,2018,,m,
ESTAT:TRAN_HV_FRMOD(1.0),16/04/25 11:00:00,A,PC,RAIL_IWW_AVD,MT,2019,,m,
ESTAT:TRAN_HV_FRMOD(1.0),16/04/25 11:00:00,A,PC,RAIL_IWW_AVD,MT,2020,,m,
ESTAT:TRAN_HV_FRMOD(1.0),16/04/25 11:00:00,A,PC,RAIL_IWW_AVD,MT,2021,,m,
ESTAT:TRAN_HV_FRMOD(1.0),16/04/25 11:00:00,A,PC,RAIL_IWW_AVD,MT,2022,,m,
ESTAT:TRAN_HV_FRMOD(1.0),16/04/25 11:00:00,A,PC,RAIL_IWW_AVD,MT,2023,,m,
ESTAT:TRAN_HV_FRMOD(1.0),16/04/25 11:00:00,A,PC,RAIL_IWW_AVD,NL,2005,49.2,,
ESTAT:TRAN_HV_FRMOD(1.0),16/04/25 11:00:00,A,PC,RAIL_IWW_AVD,NL,2006,49.3,,
ESTAT:TRAN_HV_FRMOD(1.0),16/04/25 11:00:00,A,PC,RAIL_IWW_AVD,NL,2007,51.8,,
ESTAT:TRAN_HV_FRMOD(1.0),16/04/25 11:00:00,A,PC,RAIL_IWW_AVD,NL,2008,50.9,,
ESTAT:TRAN_HV_FRMOD(1.0),16/04/25 11:00:00,A,PC,RAIL_IWW_AVD,NL,2009,47.0,,
ESTAT:TRAN_HV_FRMOD(1.0),16/04/25 11:00:00,A,PC,RAIL_IWW_AVD,NL,2010,51.6,,
ESTAT:TRAN_HV_FRMOD(1.0),16/04/25 11:00:00,A,PC,RAIL_IWW_AVD,NL,2011,51.8,,
ESTAT:TRAN_HV_FRMOD(1.0),16/04/25 11:00:00,A,PC,RAIL_IWW_AVD,NL,2012,52.9,,
ESTAT:TRAN_HV_FRMOD(1.0),16/04/25 11:00:00,A,PC,RAIL_IWW_AVD,NL,2013,51.3,,
ESTAT:TRAN_HV_FRMOD(1.0),16/04/25 11:00:00,A,PC,RAIL_IWW_AVD,NL,2014,51.4,,
ESTAT:TRAN_HV_FRMOD(1.0),16/04/25 11:00:00,A,PC,RAIL_IWW_AVD,NL,2015,50.8,,
ESTAT:TRAN_HV_FRMOD(1.0),16/04/25 11:00:00,A,PC,RAIL_IWW_AVD,NL,2016,49.8,,
ESTAT:TRAN_HV_FRMOD(1.0),16/04/25 11:00:00,A,PC,RAIL_IWW_AVD,NL,2017,50.2,,
ESTAT:TRAN_HV_FRMOD(1.0),16/04/25 11:00:00,A,PC,RAIL_IWW_AVD,NL,2018,49.0,,
ESTAT:TRAN_HV_FRMOD(1.0),16/04/25 11:00:00,A,PC,RAIL_IWW_AVD,NL,2019,48.3,,
ESTAT:TRAN_HV_FRMOD(1.0),16/04/25 11:00:00,A,PC,RAIL_IWW_AVD,NL,2020,47.1,,
ESTAT:TRAN_HV_FRMOD(1.0),16/04/25 11:00:00,A,PC,RAIL_IWW_AVD,NL,2021,48.0,,
ESTAT:TRAN_HV_FRMOD(1.0),16/04/25 11:00:00,A,PC,RAIL_IWW_AVD,NL,2022,47.8,,
ESTAT:TRAN_HV_FRMOD(1.0),16/04/25 11:00:00,A,PC,RAIL_IWW_AVD,NL,2023,47.2,,
ESTAT:TRAN_HV_FRMOD(1.0),16/04/25 11:00:00,A,PC,RAIL_IWW_AVD,NO,2005,15.7,,
ESTAT:TRAN_HV_FRMOD(1.0),16/04/25 11:00:00,A,PC,RAIL_IWW_AVD,NO,2006,15.8,,
ESTAT:TRAN_HV_FRMOD(1.0),16/04/25 11:00:00,A,PC,RAIL_IWW_AVD,NO,2007,16.4,,
ESTAT:TRAN_HV_FRMOD(1.0),16/04/25 11:00:00,A,PC,RAIL_IWW_AVD,NO,2008,15.6,,
ESTAT:TRAN_HV_FRMOD(1.0),16/04/25 11:00:00,A,PC,RAIL_IWW_AVD,NO,2009,16.4,,
ESTAT:TRAN_HV_FRMOD(1.0),16/04/25 11:00:00,A,PC,RAIL_IWW_AVD,NO,2010,15.4,,
ESTAT:TRAN_HV_FRMOD(1.0),16/04/25 11:00:00,A,PC,RAIL_IWW_AVD,NO,2011,15.8,,
ESTAT:TRAN_HV_FRMOD(1.0),16/04/25 11:00:00,A,PC,RAIL_IWW_AVD,NO,2012,14.8,,
ESTAT:TRAN_HV_FRMOD(1.0),16/04/25 11:00:00,A,PC,RAIL_IWW_AVD,NO,2013,13.3,,
ESTAT:TRAN_HV_FRMOD(1.0),16/04/25 11:00:00,A,PC,RAIL_IWW_AVD,NO,2014,13.7,,
ESTAT:TRAN_HV_FRMOD(1.0),16/04/25 11:00:00,A,PC,RAIL_IWW_AVD,NO,2015,12.9,,
ESTAT:TRAN_HV_FRMOD(1.0),16/04/25 11:00:00,A,PC,RAIL_IWW_AVD,NO,2016,13.0,,
ESTAT:TRAN_HV_FRMOD(1.0),16/04/25 11:00:00,A,PC,RAIL_IWW_AVD,NO,2017,15.2,,
ESTAT:TRAN_HV_FRMOD(1.0),16/04/25 11:00:00,A,PC,RAIL_IWW_AVD,NO,2018,15.0,,
ESTAT:TRAN_HV_FRMOD(1.0),16/04/25 11:00:00,A,PC,RAIL_IWW_AVD,NO,2019,14.6,,
ESTAT:TRAN_HV_FRMOD(1.0),16/04/25 11:00:00,A,PC,RAIL_IWW_AVD,NO,2020,15.3,,
ESTAT:TRAN_HV_FRMOD(1.0),16/04/25 11:00:00,A,PC,RAIL_IWW_AVD,NO,2021,15.1,,
ESTAT:TRAN_HV_FRMOD(1.0),16/04/25 11:00:00,A,PC,RAIL_IWW_AVD,NO,2022,14.5,,
ESTAT:TRAN_HV_FRMOD(1.0),16/04/25 11:00:00,A,PC,RAIL_IWW_AVD,NO,2023,13.4,,
ESTAT:TRAN_HV_FRMOD(1.0),16/04/25 11:00:00,A,PC,RAIL_IWW_AVD,PL,2005,36.7,,
ESTAT:TRAN_HV_FRMOD(1.0),16/04/25 11:00:00,A,PC,RAIL_IWW_AVD,PL,2006,37.3,,
ESTAT:TRAN_HV_FRMOD(1.0),16/04/25 11:00:00,A,PC,RAIL_IWW_AVD,PL,2007,36.4,,
ESTAT:TRAN_HV_FRMOD(1.0),16/04/25 11:00:00,A,PC,RAIL_IWW_AVD,PL,2008,34.0,,
ESTAT:TRAN_HV_FRMOD(1.0),16/04/25 11:00:00,A,PC,RAIL_IWW_AVD,PL,2009,28.9,,
ESTAT:TRAN_HV_FRMOD(1.0),16/04/25 11:00:00,A,PC,RAIL_IWW_AVD,PL,2010,29.6,,
ESTAT:TRAN_HV_FRMOD(1.0),16/04/25 11:00:00,A,PC,RAIL_IWW_AVD,PL,2011,30.0,,
ESTAT:TRAN_HV_FRMOD(1.0),16/04/25 11:00:00,A,PC,RAIL_IWW_AVD,PL,2012,27.7,,
ESTAT:TRAN_HV_FRMOD(1.0),16/04/25 11:00:00,A,PC,RAIL_IWW_AVD,PL,2013,26.5,,
ESTAT:TRAN_HV_FRMOD(1.0),16/04/25 11:00:00,A,PC,RAIL_IWW_AVD,PL,2014,26.6,,
ESTAT:TRAN_HV_FRMOD(1.0),16/04/25 11:00:00,A,PC,RAIL_IWW_AVD,PL,2015,25.6,,
ESTAT:TRAN_HV_FRMOD(1.0),16/04/25 11:00:00,A,PC,RAIL_IWW_AVD,PL,2016,24.8,,
ESTAT:TRAN_HV_FRMOD(1.0),16/04/25 11:00:00,A,PC,RAIL_IWW_AVD,PL,2017,24.0,,
ESTAT:TRAN_HV_FRMOD(1.0),16/04/25 11:00:00,A,PC,RAIL_IWW_AVD,PL,2018,26.9,,
ESTAT:TRAN_HV_FRMOD(1.0),16/04/25 11:00:00,A,PC,RAIL_IWW_AVD,PL,2019,24.0,,
ESTAT:TRAN_HV_FRMOD(1.0),16/04/25 11:00:00,A,PC,RAIL_IWW_AVD,PL,2020,22.6,,
ESTAT:TRAN_HV_FRMOD(1.0),16/04/25 11:00:00,A,PC,RAIL_IWW_AVD,PL,2021,22.3,,
ESTAT:TRAN_HV_FRMOD(1.0),16/04/25 11:00:00,A,PC,RAIL_IWW_AVD,PL,2022,23.2,,
ESTAT:TRAN_HV_FRMOD(1.0),16/04/25 11:00:00,A,PC,RAIL_IWW_AVD,PL,2023,24.2,,
ESTAT:TRAN_HV_FRMOD(1.0),16/04/25 11:00:00,A,PC,RAIL_IWW_AVD,PT,2005,9.2,,
ESTAT:TRAN_HV_FRMOD(1.0),16/04/25 11:00:00,A,PC,RAIL_IWW_AVD,PT,2006,9.0,,
ESTAT:TRAN_HV_FRMOD(1.0),16/04/25 11:00:00,A,PC,RAIL_IWW_AVD,PT,2007,9.1,,
ESTAT:TRAN_HV_FRMOD(1.0),16/04/25 11:00:00,A,PC,RAIL_IWW_AVD,PT,2008,9.7,,
ESTAT:TRAN_HV_FRMOD(1.0),16/04/25 11:00:00,A,PC,RAIL_IWW_AVD,PT,2009,9.4,,
ESTAT:TRAN_HV_FRMOD(1.0),16/04/25 11:00:00,A,PC,RAIL_IWW_AVD,PT,2010,10.9,,
ESTAT:TRAN_HV_FRMOD(1.0),16/04/25 11:00:00,A,PC,RAIL_IWW_AVD,PT,2011,10.9,,
ESTAT:TRAN_HV_FRMOD(1.0),16/04/25 11:00:00,A,PC,RAIL_IWW_AVD,PT,2012,12.8,,
ESTAT:TRAN_HV_FRMOD(1.0),16/04/25 11:00:00,A,PC,RAIL_IWW_AVD,PT,2013,12.7,,
ESTAT:TRAN_HV_FRMOD(1.0),16/04/25 11:00:00,A,PC,RAIL_IWW_AVD,PT,2014,12.8,,
ESTAT:TRAN_HV_FRMOD(1.0),16/04/25 11:00:00,A,PC,RAIL_IWW_AVD,PT,2015,14.1,,
ESTAT:TRAN_HV_FRMOD(1.0),16/04/25 11:00:00,A,PC,RAIL_IWW_AVD,PT,2016,14.5,,
ESTAT:TRAN_HV_FRMOD(1.0),16/04/25 11:00:00,A,PC,RAIL_IWW_AVD,PT,2017,14.1,,
ESTAT:TRAN_HV_FRMOD(1.0),16/04/25 11:00:00,A,PC,RAIL_IWW_AVD,PT,2018,14.2,,
ESTAT:TRAN_HV_FRMOD(1.0),16/04/25 11:00:00,A,PC,RAIL_IWW_AVD,PT,2019,13.0,,
ESTAT:TRAN_HV_FRMOD(1.0),16/04/25 11:00:00,A,PC,RAIL_IWW_AVD,PT,2020,14.2,,
ESTAT:TRAN_HV_FRMOD(1.0),16/04/25 11:00:00,A,PC,RAIL_IWW_AVD,PT,2021,10.7,,
ESTAT:TRAN_HV_FRMOD(1.0),16/04/25 11:00:00,A,PC,RAIL_IWW_AVD,PT,2022,12.3,,
ESTAT:TRAN_HV_FRMOD(1.0),16/04/25 11:00:00,A,PC,RAIL_IWW_AVD,PT,2023,14.1,,
ESTAT:TRAN_HV_FRMOD(1.0),16/04/25 11:00:00,A,PC,RAIL_IWW_AVD,RO,2005,49.2,e,
ESTAT:TRAN_HV_FRMOD(1.0),16/04/25 11:00:00,A,PC,RAIL_IWW_AVD,RO,2006,48.4,e,
ESTAT:TRAN_HV_FRMOD(1.0),16/04/25 11:00:00,A,PC,RAIL_IWW_AVD,RO,2007,48.9,e,
ESTAT:TRAN_HV_FRMOD(1.0),16/04/25 11:00:00,A,PC,RAIL_IWW_AVD,RO,2008,50.2,e,
ESTAT:TRAN_HV_FRMOD(1.0),16/04/25 11:00:00,A,PC,RAIL_IWW_AVD,RO,2009,47.6,,
ESTAT:TRAN_HV_FRMOD(1.0),16/04/25 11:00:00,A,PC,RAIL_IWW_AVD,RO,2010,63.1,,
ESTAT:TRAN_HV_FRMOD(1.0),16/04/25 11:00:00,A,PC,RAIL_IWW_AVD,RO,2011,62.8,,
ESTAT:TRAN_HV_FRMOD(1.0),16/04/25 11:00:00,A,PC,RAIL_IWW_AVD,RO,2012,60.6,,
ESTAT:TRAN_HV_FRMOD(1.0),16/04/25 11:00:00,A,PC,RAIL_IWW_AVD,RO,2013,59.7,,
ESTAT:TRAN_HV_FRMOD(1.0),16/04/25 11:00:00,A,PC,RAIL_IWW_AVD,RO,2014,59.2,,
ESTAT:TRAN_HV_FRMOD(1.0),16/04/25 11:00:00,A,PC,RAIL_IWW_AVD,RO,2015,62.0,,
ESTAT:TRAN_HV_FRMOD(1.0),16/04/25 11:00:00,A,PC,RAIL_IWW_AVD,RO,2016,59.7,,
ESTAT:TRAN_HV_FRMOD(1.0),16/04/25 11:00:00,A,PC,RAIL_IWW_AVD,RO,2017,57.6,,
ESTAT:TRAN_HV_FRMOD(1.0),16/04/25 11:00:00,A,PC,RAIL_IWW_AVD,RO,2018,55.9,,
ESTAT:TRAN_HV_FRMOD(1.0),16/04/25 11:00:00,A,PC,RAIL_IWW_AVD,RO,2019,55.0,,
ESTAT:TRAN_HV_FRMOD(1.0),16/04/25 11:00:00,A,PC,RAIL_IWW_AVD,RO,2020,54.5,,
ESTAT:TRAN_HV_FRMOD(1.0),16/04/25 11:00:00,A,PC,RAIL_IWW_AVD,RO,2021,50.3,,
ESTAT:TRAN_HV_FRMOD(1.0),16/04/25 11:00:00,A,PC,RAIL_IWW_AVD,RO,2022,46.0,,
ESTAT:TRAN_HV_FRMOD(1.0),16/04/25 11:00:00,A,PC,RAIL_IWW_AVD,RO,2023,46.3,,
ESTAT:TRAN_HV_FRMOD(1.0),16/04/25 11:00:00,A,PC,RAIL_IWW_AVD,SE,2005,32.4,,
ESTAT:TRAN_HV_FRMOD(1.0),16/04/25 11:00:00,A,PC,RAIL_IWW_AVD,SE,2006,32.2,,
ESTAT:TRAN_HV_FRMOD(1.0),16/04/25 11:00:00,A,PC,RAIL_IWW_AVD,SE,2007,32.7,,
ESTAT:TRAN_HV_FRMOD(1.0),16/04/25 11:00:00,A,PC,RAIL_IWW_AVD,SE,2008,31.9,,
ESTAT:TRAN_HV_FRMOD(1.0),16/04/25 11:00:00,A,PC,RAIL_IWW_AVD,SE,2009,33.3,,
ESTAT:TRAN_HV_FRMOD(1.0),16/04/25 11:00:00,A,PC,RAIL_IWW_AVD,SE,2010,35.6,,
ESTAT:TRAN_HV_FRMOD(1.0),16/04/25 11:00:00,A,PC,RAIL_IWW_AVD,SE,2011,34.8,,
ESTAT:TRAN_HV_FRMOD(1.0),16/04/25 11:00:00,A,PC,RAIL_IWW_AVD,SE,2012,35.8,,
ESTAT:TRAN_HV_FRMOD(1.0),16/04/25 11:00:00,A,PC,RAIL_IWW_AVD,SE,2013,33.7,,
ESTAT:TRAN_HV_FRMOD(1.0),16/04/25 11:00:00,A,PC,RAIL_IWW_AVD,SE,2014,30.4,,
ESTAT:TRAN_HV_FRMOD(1.0),16/04/25 11:00:00,A,PC,RAIL_IWW_AVD,SE,2015,29.5,,
ESTAT:TRAN_HV_FRMOD(1.0),16/04/25 11:00:00,A,PC,RAIL_IWW_AVD,SE,2016,29.5,,
ESTAT:TRAN_HV_FRMOD(1.0),16/04/25 11:00:00,A,PC,RAIL_IWW_AVD,SE,2017,30.2,,
ESTAT:TRAN_HV_FRMOD(1.0),16/04/25 11:00:00,A,PC,RAIL_IWW_AVD,SE,2018,30.2,,
ESTAT:TRAN_HV_FRMOD(1.0),16/04/25 11:00:00,A,PC,RAIL_IWW_AVD,SE,2019,30.2,,
ESTAT:TRAN_HV_FRMOD(1.0),16/04/25 11:00:00,A,PC,RAIL_IWW_AVD,SE,2020,29.8,,
ESTAT:TRAN_HV_FRMOD(1.0),16/04/25 11:00:00,A,PC,RAIL_IWW_AVD,SE,2021,29.0,,
ESTAT:TRAN_HV_FRMOD(1.0),16/04/25 11:00:00,A,PC,RAIL_IWW_AVD,SE,2022,28.9,,
ESTAT:TRAN_HV_FRMOD(1.0),16/04/25 11:00:00,A,PC,RAIL_IWW_AVD,SE,2023,29.9,,
ESTAT:TRAN_HV_FRMOD(1.0),16/04/25 11:00:00,A,PC,RAIL_IWW_AVD,SI,2005,31.1,,
ESTAT:TRAN_HV_FRMOD(1.0),16/04/25 11:00:00,A,PC,RAIL_IWW_AVD,SI,2006,29.8,,
ESTAT:TRAN_HV_FRMOD(1.0),16/04/25 11:00:00,A,PC,RAIL_IWW_AVD,SI,2007,30.1,,
ESTAT:TRAN_HV_FRMOD(1.0),16/04/25 11:00:00,A,PC,RAIL_IWW_AVD,SI,2008,29.7,,
ESTAT:TRAN_HV_FRMOD(1.0),16/04/25 11:00:00,A,PC,RAIL_IWW_AVD,SI,2009,28.0,,
ESTAT:TRAN_HV_FRMOD(1.0),16/04/25 11:00:00,A,PC,RAIL_IWW_AVD,SI,2010,31.8,,
ESTAT:TRAN_HV_FRMOD(1.0),16/04/25 11:00:00,A,PC,RAIL_IWW_AVD,SI,2011,34.0,,
ESTAT:TRAN_HV_FRMOD(1.0),16/04/25 11:00:00,A,PC,RAIL_IWW_AVD,SI,2012,32.8,,
ESTAT:TRAN_HV_FRMOD(1.0),16/04/25 11:00:00,A,PC,RAIL_IWW_AVD,SI,2013,34.8,,
ESTAT:TRAN_HV_FRMOD(1.0),16/04/25 11:00:00,A,PC,RAIL_IWW_AVD,SI,2014,36.0,,
ESTAT:TRAN_HV_FRMOD(1.0),16/04/25 11:00:00,A,PC,RAIL_IWW_AVD,SI,2015,35.0,,
ESTAT:TRAN_HV_FRMOD(1.0),16/04/25 11:00:00,A,PC,RAIL_IWW_AVD,SI,2016,33.8,,
ESTAT:TRAN_HV_FRMOD(1.0),16/04/25 11:00:00,A,PC,RAIL_IWW_AVD,SI,2017,36.3,,
ESTAT:TRAN_HV_FRMOD(1.0),16/04/25 11:00:00,A,PC,RAIL_IWW_AVD,SI,2018,35.5,,
ESTAT:TRAN_HV_FRMOD(1.0),16/04/25 11:00:00,A,PC,RAIL_IWW_AVD,SI,2019,36.3,,
ESTAT:TRAN_HV_FRMOD(1.0),16/04/25 11:00:00,A,PC,RAIL_IWW_AVD,SI,2020,35.1,,
ESTAT:TRAN_HV_FRMOD(1.0),16/04/25 11:00:00,A,PC,RAIL_IWW_AVD,SI,2021,33.5,,
ESTAT:TRAN_HV_FRMOD(1.0),16/04/25 11:00:00,A,PC,RAIL_IWW_AVD,SI,2022,32.7,,
ESTAT:TRAN_HV_FRMOD(1.0),16/04/25 11:00:00,A,PC,RAIL_IWW_AVD,SI,2023,30.2,,
ESTAT:TRAN_HV_FRMOD(1.0),16/04/25 11:00:00,A,PC,RAIL_IWW_AVD,SK,2005,49.5,e,
ESTAT:TRAN_HV_FRMOD(1.0),16/04/25 11:00:00,A,PC,RAIL_IWW_AVD,SK,2006,50.9,e,
ESTAT:TRAN_HV_FRMOD(1.0),16/04/25 11:00:00,A,PC,RAIL_IWW_AVD,SK,2007,46.7,,
ESTAT:TRAN_HV_FRMOD(1.0),16/04/25 11:00:00,A,PC,RAIL_IWW_AVD,SK,2008,45.1,,
ESTAT:TRAN_HV_FRMOD(1.0),16/04/25 11:00:00,A,PC,RAIL_IWW_AVD,SK,2009,40.4,,
ESTAT:TRAN_HV_FRMOD(1.0),16/04/25 11:00:00,A,PC,RAIL_IWW_AVD,SK,2010,44.1,,
ESTAT:TRAN_HV_FRMOD(1.0),16/04/25 11:00:00,A,PC,RAIL_IWW_AVD,SK,2011,42.7,,
ESTAT:TRAN_HV_FRMOD(1.0),16/04/25 11:00:00,A,PC,RAIL_IWW_AVD,SK,2012,41.3,,
ESTAT:TRAN_HV_FRMOD(1.0),16/04/25 11:00:00,A,PC,RAIL_IWW_AVD,SK,2013,43.6,,
ESTAT:TRAN_HV_FRMOD(1.0),16/04/25 11:00:00,A,PC,RAIL_IWW_AVD,SK,2014,42.9,,
ESTAT:TRAN_HV_FRMOD(1.0),16/04/25 11:00:00,A,PC,RAIL_IWW_AVD,SK,2015,39.8,,
ESTAT:TRAN_HV_FRMOD(1.0),16/04/25 11:00:00,A,PC,RAIL_IWW_AVD,SK,2016,38.3,,
ESTAT:TRAN_HV_FRMOD(1.0),16/04/25 11:00:00,A,PC,RAIL_IWW_AVD,SK,2017,36.6,,
ESTAT:TRAN_HV_FRMOD(1.0),16/04/25 11:00:00,A,PC,RAIL_IWW_AVD,SK,2018,35.7,,
ESTAT:TRAN_HV_FRMOD(1.0),16/04/25 11:00:00,A,PC,RAIL_IWW_AVD,SK,2019,34.6,,
ESTAT:TRAN_HV_FRMOD(1.0),16/04/25 11:00:00,A,PC,RAIL_IWW_AVD,SK,2020,32.0,,
ESTAT:TRAN_HV_FRMOD(1.0),16/04/25 11:00:00,A,PC,RAIL_IWW_AVD,SK,2021,35.4,,
ESTAT:TRAN_HV_FRMOD(1.0),16/04/25 11:00:00,A,PC,RAIL_IWW_AVD,SK,2022,33.1,,
ESTAT:TRAN_HV_FRMOD(1.0),16/04/25 11:00:00,A,PC,RAIL_IWW_AVD,SK,2023,33.0,,
ESTAT:TRAN_HV_FRMOD(1.0),16/04/25 11:00:00,A,PC,RAIL_IWW_AVD,UK,2005,11.4,,
ESTAT:TRAN_HV_FRMOD(1.0),16/04/25 11:00:00,A,PC,RAIL_IWW_AVD,UK,2006,11.4,,
ESTAT:TRAN_HV_FRMOD(1.0),16/04/25 11:00:00,A,PC,RAIL_IWW_AVD,UK,2007,10.7,,
ESTAT:TRAN_HV_FRMOD(1.0),16/04/25 11:00:00,A,PC,RAIL_IWW_AVD,UK,2008,11.2,,
ESTAT:TRAN_HV_FRMOD(1.0),16/04/25 11:00:00,A,PC,RAIL_IWW_AVD,UK,2009,11.7,,
ESTAT:TRAN_HV_FRMOD(1.0),16/04/25 11:00:00,A,PC,RAIL_IWW_AVD,UK,2010,11.0,,
ESTAT:TRAN_HV_FRMOD(1.0),16/04/25 11:00:00,A,PC,RAIL_IWW_AVD,UK,2011,12.1,,
ESTAT:TRAN_HV_FRMOD(1.0),16/04/25 11:00:00,A,PC,RAIL_IWW_AVD,UK,2012,12.2,,
ESTAT:TRAN_HV_FRMOD(1.0),16/04/25 11:00:00,A,PC,RAIL_IWW_AVD,UK,2013,13.5,,
ESTAT:TRAN_HV_FRMOD(1.0),16/04/25 11:00:00,A,PC,RAIL_IWW_AVD,UK,2014,13.6,,
ESTAT:TRAN_HV_FRMOD(1.0),16/04/25 11:00:00,A,PC,RAIL_IWW_AVD,UK,2015,11.0,,
ESTAT:TRAN_HV_FRMOD(1.0),16/04/25 11:00:00,A,PC,RAIL_IWW_AVD,UK,2016,9.5,,
ESTAT:TRAN_HV_FRMOD(1.0),16/04/25 11:00:00,A,PC,RAIL_IWW_AVD,UK,2017,9.6,,
ESTAT:TRAN_HV_FRMOD(1.0),16/04/25 11:00:00,A,PC,RAIL_IWW_AVD,UK,2018,9.5,,
ESTAT:TRAN_HV_FRMOD(1.0),16/04/25 11:00:00,A,PC,RAIL_IWW_AVD,UK,2019,9.2,,
ESTAT:TRAN_HV_FRMOD(1.0),16/04/25 11:00:00,A,PC,ROAD,AT,2005,61.0,,
ESTAT:TRAN_HV_FRMOD(1.0),16/04/25 11:00:00,A,PC,ROAD,AT,2006,60.8,,
ESTAT:TRAN_HV_FRMOD(1.0),16/04/25 11:00:00,A,PC,ROAD,AT,2007,61.7,,
ESTAT:TRAN_HV_FRMOD(1.0),16/04/25 11:00:00,A,PC,ROAD,AT,2008,62.8,,
ESTAT:TRAN_HV_FRMOD(1.0),16/04/25 11:00:00,A,PC,ROAD,AT,2009,64.3,,
ESTAT:TRAN_HV_FRMOD(1.0),16/04/25 11:00:00,A,PC,ROAD,AT,2010,63.0,,
ESTAT:TRAN_HV_FRMOD(1.0),16/04/25 11:00:00,A,PC,ROAD,AT,2011,63.5,,
ESTAT:TRAN_HV_FRMOD(1.0),16/04/25 11:00:00,A,PC,ROAD,AT,2012,63.7,,
ESTAT:TRAN_HV_FRMOD(1.0),16/04/25 11:00:00,A,PC,ROAD,AT,2013,64.0,,
ESTAT:TRAN_HV_FRMOD(1.0),16/04/25 11:00:00,A,PC,ROAD,AT,2014,63.4,,
ESTAT:TRAN_HV_FRMOD(1.0),16/04/25 11:00:00,A,PC,ROAD,AT,2015,64.7,,
ESTAT:TRAN_HV_FRMOD(1.0),16/04/25 11:00:00,A,PC,ROAD,AT,2016,64.9,,
ESTAT:TRAN_HV_FRMOD(1.0),16/04/25 11:00:00,A,PC,ROAD,AT,2017,65.1,,
ESTAT:TRAN_HV_FRMOD(1.0),16/04/25 11:00:00,A,PC,ROAD,AT,2018,66.3,,
ESTAT:TRAN_HV_FRMOD(1.0),16/04/25 11:00:00,A,PC,ROAD,AT,2019,66.5,,
ESTAT:TRAN_HV_FRMOD(1.0),16/04/25 11:00:00,A,PC,ROAD,AT,2020,67.9,,
ESTAT:TRAN_HV_FRMOD(1.0),16/04/25 11:00:00,A,PC,ROAD,AT,2021,68.0,,
ESTAT:TRAN_HV_FRMOD(1.0),16/04/25 11:00:00,A,PC,ROAD,AT,2022,68.1,,
ESTAT:TRAN_HV_FRMOD(1.0),16/04/25 11:00:00,A,PC,ROAD,AT,2023,68.9,,
ESTAT:TRAN_HV_FRMOD(1.0),16/04/25 11:00:00,A,PC,ROAD,BE,2005,73.7,,
ESTAT:TRAN_HV_FRMOD(1.0),16/04/25 11:00:00,A,PC,ROAD,BE,2006,73.3,,
ESTAT:TRAN_HV_FRMOD(1.0),16/04/25 11:00:00,A,PC,ROAD,BE,2007,72.9,,
ESTAT:TRAN_HV_FRMOD(1.0),16/04/25 11:00:00,A,PC,ROAD,BE,2008,72.8,,
ESTAT:TRAN_HV_FRMOD(1.0),16/04/25 11:00:00,A,PC,ROAD,BE,2009,76.7,,
ESTAT:TRAN_HV_FRMOD(1.0),16/04/25 11:00:00,A,PC,ROAD,BE,2010,73.4,,
ESTAT:TRAN_HV_FRMOD(1.0),16/04/25 11:00:00,A,PC,ROAD,BE,2011,73.0,,
ESTAT:TRAN_HV_FRMOD(1.0),16/04/25 11:00:00,A,PC,ROAD,BE,2012,72.2,e,
ESTAT:TRAN_HV_FRMOD(1.0),16/04/25 11:00:00,A,PC,ROAD,BE,2013,73.1,e,
ESTAT:TRAN_HV_FRMOD(1.0),16/04/25 11:00:00,A,PC,ROAD,BE,2014,73.0,e,
ESTAT:TRAN_HV_FRMOD(1.0),16/04/25 11:00:00,A,PC,ROAD,BE,2015,73.6,e,
ESTAT:TRAN_HV_FRMOD(1.0),16/04/25 11:00:00,A,PC,ROAD,BE,2016,74.3,e,
ESTAT:TRAN_HV_FRMOD(1.0),16/04/25 11:00:00,A,PC,ROAD,BE,2017,73.3,e,
ESTAT:TRAN_HV_FRMOD(1.0),16/04/25 11:00:00,A,PC,ROAD,BE,2018,75.8,be,
ESTAT:TRAN_HV_FRMOD(1.0),16/04/25 11:00:00,A,PC,ROAD,BE,2019,76.6,e,
ESTAT:TRAN_HV_FRMOD(1.0),16/04/25 11:00:00,A,PC,ROAD,BE,2020,77.4,e,
ESTAT:TRAN_HV_FRMOD(1.0),16/04/25 11:00:00,A,PC,ROAD,BE,2021,76.7,e,
ESTAT:TRAN_HV_FRMOD(1.0),16/04/25 11:00:00,A,PC,ROAD,BE,2022,76.5,e,
ESTAT:TRAN_HV_FRMOD(1.0),16/04/25 11:00:00,A,PC,ROAD,BE,2023,77.6,e,
ESTAT:TRAN_HV_FRMOD(1.0),16/04/25 11:00:00,A,PC,ROAD,BG,2005,47.6,e,
ESTAT:TRAN_HV_FRMOD(1.0),16/04/25 11:00:00,A,PC,ROAD,BG,2006,47.4,e,
ESTAT:TRAN_HV_FRMOD(1.0),16/04/25 11:00:00,A,PC,ROAD,BG,2007,46.1,e,
ESTAT:TRAN_HV_FRMOD(1.0),16/04/25 11:00:00,A,PC,ROAD,BG,2008,45.1,e,
ESTAT:TRAN_HV_FRMOD(1.0),16/04/25 11:00:00,A,PC,ROAD,BG,2009,50.5,,
ESTAT:TRAN_HV_FRMOD(1.0),16/04/25 11:00:00,A,PC,ROAD,BG,2010,49.4,,
ESTAT:TRAN_HV_FRMOD(1.0),16/04/25 11:00:00,A,PC,ROAD,BG,2011,56.1,,
ESTAT:TRAN_HV_FRMOD(1.0),16/04/25 11:00:00,A,PC,ROAD,BG,2012,52.9,,
ESTAT:TRAN_HV_FRMOD(1.0),16/04/25 11:00:00,A,PC,ROAD,BG,2013,56.0,,
ESTAT:TRAN_HV_FRMOD(1.0),16/04/25 11:00:00,A,PC,ROAD,BG,2014,54.9,,
ESTAT:TRAN_HV_FRMOD(1.0),16/04/25 11:00:00,A,PC,ROAD,BG,2015,54.7,,
ESTAT:TRAN_HV_FRMOD(1.0),16/04/25 11:00:00,A,PC,ROAD,BG,2016,55.6,,
ESTAT:TRAN_HV_FRMOD(1.0),16/04/25 11:00:00,A,PC,ROAD,BG,2017,56.5,,
ESTAT:TRAN_HV_FRMOD(1.0),16/04/25 11:00:00,A,PC,ROAD,BG,2018,56.2,,
ESTAT:TRAN_HV_FRMOD(1.0),16/04/25 11:00:00,A,PC,ROAD,BG,2019,46.8,,
ESTAT:TRAN_HV_FRMOD(1.0),16/04/25 11:00:00,A,PC,ROAD,BG,2020,50.5,,
ESTAT:TRAN_HV_FRMOD(1.0),16/04/25 11:00:00,A,PC,ROAD,BG,2021,56.0,,
ESTAT:TRAN_HV_FRMOD(1.0),16/04/25 11:00:00,A,PC,ROAD,BG,2022,60.5,,
ESTAT:TRAN_HV_FRMOD(1.0),16/04/25 11:00:00,A,PC,ROAD,BG,2023,63.0,,
ESTAT:TRAN_HV_FRMOD(1.0),16/04/25 11:00:00,A,PC,ROAD,CH,2005,66.3,e,
ESTAT:TRAN_HV_FRMOD(1.0),16/04/25 11:00:00,A,PC,ROAD,CH,2006,65.0,e,
ESTAT:TRAN_HV_FRMOD(1.0),16/04/25 11:00:00,A,PC,ROAD,CH,2007,64.8,e,
ESTAT:TRAN_HV_FRMOD(1.0),16/04/25 11:00:00,A,PC,ROAD,CH,2008,64.4,,
ESTAT:TRAN_HV_FRMOD(1.0),16/04/25 11:00:00,A,PC,ROAD,CH,2009,66.3,,
ESTAT:TRAN_HV_FRMOD(1.0),16/04/25 11:00:00,A,PC,ROAD,CH,2010,66.0,,
ESTAT:TRAN_HV_FRMOD(1.0),16/04/25 11:00:00,A,PC,ROAD,CH,2011,64.7,,
ESTAT:TRAN_HV_FRMOD(1.0),16/04/25 11:00:00,A,PC,ROAD,CH,2012,65.2,,
ESTAT:TRAN_HV_FRMOD(1.0),16/04/25 11:00:00,A,PC,ROAD,CH,2013,63.7,,
ESTAT:TRAN_HV_FRMOD(1.0),16/04/25 11:00:00,A,PC,ROAD,CH,2014,63.7,,
ESTAT:TRAN_HV_FRMOD(1.0),16/04/25 11:00:00,A,PC,ROAD,CH,2015,62.5,,
ESTAT:TRAN_HV_FRMOD(1.0),16/04/25 11:00:00,A,PC,ROAD,CH,2016,62.4,,
ESTAT:TRAN_HV_FRMOD(1.0),16/04/25 11:00:00,A,PC,ROAD,CH,2017,65.1,e,
ESTAT:TRAN_HV_FRMOD(1.0),16/04/25 11:00:00,A,PC,ROAD,CH,2018,65.2,e,
ESTAT:TRAN_HV_FRMOD(1.0),16/04/25 11:00:00,A,PC,ROAD,CH,2019,65.6,e,
ESTAT:TRAN_HV_FRMOD(1.0),16/04/25 11:00:00,A,PC,ROAD,CH,2020,67.4,e,
ESTAT:TRAN_HV_FRMOD(1.0),16/04/25 11:00:00,A,PC,ROAD,CH,2021,66.3,e,
ESTAT:TRAN_HV_FRMOD(1.0),16/04/25 11:00:00,A,PC,ROAD,CH,2022,66.3,e,
ESTAT:TRAN_HV_FRMOD(1.0),16/04/25 11:00:00,A,PC,ROAD,CH,2023,65.6,e,
ESTAT:TRAN_HV_FRMOD(1.0),16/04/25 11:00:00,A,PC,ROAD,CY,2005,100.0,,
ESTAT:TRAN_HV_FRMOD(1.0),16/04/25 11:00:00,A,PC,ROAD,CY,2006,100.0,,
ESTAT:TRAN_HV_FRMOD(1.0),16/04/25 11:00:00,A,PC,ROAD,CY,2007,100.0,,
ESTAT:TRAN_HV_FRMOD(1.0),16/04/25 11:00:00,A,PC,ROAD,CY,2008,100.0,,
ESTAT:TRAN_HV_FRMOD(1.0),16/04/25 11:00:00,A,PC,ROAD,CY,2009,100.0,,
ESTAT:TRAN_HV_FRMOD(1.0),16/04/25 11:00:00,A,PC,ROAD,CY,2010,100.0,,
ESTAT:TRAN_HV_FRMOD(1.0),16/04/25 11:00:00,A,PC,ROAD,CY,2011,100.0,,
ESTAT:TRAN_HV_FRMOD(1.0),16/04/25 11:00:00,A,PC,ROAD,CY,2012,100.0,,
ESTAT:TRAN_HV_FRMOD(1.0),16/04/25 11:00:00,A,PC,ROAD,CY,2013,100.0,,
ESTAT:TRAN_HV_FRMOD(1.0),16/04/25 11:00:00,A,PC,ROAD,CY,2014,100.0,,
ESTAT:TRAN_HV_FRMOD(1.0),16/04/25 11:00:00,A,PC,ROAD,CY,2015,100.0,,
ESTAT:TRAN_HV_FRMOD(1.0),16/04/25 11:00:00,A,PC,ROAD,CY,2016,100.0,,
ESTAT:TRAN_HV_FRMOD(1.0),16/04/25 11:00:00,A,PC,ROAD,CY,2017,100.0,,
ESTAT:TRAN_HV_FRMOD(1.0),16/04/25 11:00:00,A,PC,ROAD,CY,2018,100.0,,
ESTAT:TRAN_HV_FRMOD(1.0),16/04/25 11:00:00,A,PC,ROAD,CY,2019,100.0,,
ESTAT:TRAN_HV_FRMOD(1.0),16/04/25 11:00:00,A,PC,ROAD,CY,2020,100.0,,
ESTAT:TRAN_HV_FRMOD(1.0),16/04/25 11:00:00,A,PC,ROAD,CY,2021,100.0,,
ESTAT:TRAN_HV_FRMOD(1.0),16/04/25 11:00:00,A,PC,ROAD,CY,2022,100.0,,
ESTAT:TRAN_HV_FRMOD(1.0),16/04/25 11:00:00,A,PC,ROAD,CY,2023,100.0,,
ESTAT:TRAN_HV_FRMOD(1.0),16/04/25 11:00:00,A,PC,ROAD,CZ,2005,68.5,,
ESTAT:TRAN_HV_FRMOD(1.0),16/04/25 11:00:00,A,PC,ROAD,CZ,2006,68.1,,
ESTAT:TRAN_HV_FRMOD(1.0),16/04/25 11:00:00,A,PC,ROAD,CZ,2007,67.8,,
ESTAT:TRAN_HV_FRMOD(1.0),16/04/25 11:00:00,A,PC,ROAD,CZ,2008,67.8,,
ESTAT:TRAN_HV_FRMOD(1.0),16/04/25 11:00:00,A,PC,ROAD,CZ,2009,69.5,,
ESTAT:TRAN_HV_FRMOD(1.0),16/04/25 11:00:00,A,PC,ROAD,CZ,2010,69.8,,
ESTAT:TRAN_HV_FRMOD(1.0),16/04/25 11:00:00,A,PC,ROAD,CZ,2011,69.8,,
ESTAT:TRAN_HV_FRMOD(1.0),16/04/25 11:00:00,A,PC,ROAD,CZ,2012,69.4,,
ESTAT:TRAN_HV_FRMOD(1.0),16/04/25 11:00:00,A,PC,ROAD,CZ,2013,71.7,,
ESTAT:TRAN_HV_FRMOD(1.0),16/04/25 11:00:00,A,PC,ROAD,CZ,2014,71.7,,
ESTAT:TRAN_HV_FRMOD(1.0),16/04/25 11:00:00,A,PC,ROAD,CZ,2015,73.6,,
ESTAT:TRAN_HV_FRMOD(1.0),16/04/25 11:00:00,A,PC,ROAD,CZ,2016,73.4,,
ESTAT:TRAN_HV_FRMOD(1.0),16/04/25 11:00:00,A,PC,ROAD,CZ,2017,73.0,,
ESTAT:TRAN_HV_FRMOD(1.0),16/04/25 11:00:00,A,PC,ROAD,CZ,2018,72.4,,
ESTAT:TRAN_HV_FRMOD(1.0),16/04/25 11:00:00,A,PC,ROAD,CZ,2019,73.7,,
ESTAT:TRAN_HV_FRMOD(1.0),16/04/25 11:00:00,A,PC,ROAD,CZ,2020,77.2,,
ESTAT:TRAN_HV_FRMOD(1.0),16/04/25 11:00:00,A,PC,ROAD,CZ,2021,77.1,,
ESTAT:TRAN_HV_FRMOD(1.0),16/04/25 11:00:00,A,PC,ROAD,CZ,2022,77.8,,
ESTAT:TRAN_HV_FRMOD(1.0),16/04/25 11:00:00,A,PC,ROAD,CZ,2023,78.3,,
ESTAT:TRAN_HV_FRMOD(1.0),16/04/25 11:00:00,A,PC,ROAD,DE,2005,69.9,,
ESTAT:TRAN_HV_FRMOD(1.0),16/04/25 11:00:00,A,PC,ROAD,DE,2006,69.8,,
ESTAT:TRAN_HV_FRMOD(1.0),16/04/25 11:00:00,A,PC,ROAD,DE,2007,69.7,,
ESTAT:TRAN_HV_FRMOD(1.0),16/04/25 11:00:00,A,PC,ROAD,DE,2008,70.0,,
ESTAT:TRAN_HV_FRMOD(1.0),16/04/25 11:00:00,A,PC,ROAD,DE,2009,71.8,,
ESTAT:TRAN_HV_FRMOD(1.0),16/04/25 11:00:00,A,PC,ROAD,DE,2010,70.5,,
ESTAT:TRAN_HV_FRMOD(1.0),16/04/25 11:00:00,A,PC,ROAD,DE,2011,71.3,,
ESTAT:TRAN_HV_FRMOD(1.0),16/04/25 11:00:00,A,PC,ROAD,DE,2012,70.8,,
ESTAT:TRAN_HV_FRMOD(1.0),16/04/25 11:00:00,A,PC,ROAD,DE,2013,70.9,,
ESTAT:TRAN_HV_FRMOD(1.0),16/04/25 11:00:00,A,PC,ROAD,DE,2014,71.3,,
ESTAT:TRAN_HV_FRMOD(1.0),16/04/25 11:00:00,A,PC,ROAD,DE,2015,71.9,,
ESTAT:TRAN_HV_FRMOD(1.0),16/04/25 11:00:00,A,PC,ROAD,DE,2016,70.2,,
ESTAT:TRAN_HV_FRMOD(1.0),16/04/25 11:00:00,A,PC,ROAD,DE,2017,71.7,,
ESTAT:TRAN_HV_FRMOD(1.0),16/04/25 11:00:00,A,PC,ROAD,DE,2018,72.4,,
ESTAT:TRAN_HV_FRMOD(1.0),16/04/25 11:00:00,A,PC,ROAD,DE,2019,72.3,,
ESTAT:TRAN_HV_FRMOD(1.0),16/04/25 11:00:00,A,PC,ROAD,DE,2020,75.0,,
ESTAT:TRAN_HV_FRMOD(1.0),16/04/25 11:00:00,A,PC,ROAD,DE,2021,73.6,,
ESTAT:TRAN_HV_FRMOD(1.0),16/04/25 11:00:00,A,PC,ROAD,DE,2022,73.4,,
ESTAT:TRAN_HV_FRMOD(1.0),16/04/25 11:00:00,A,PC,ROAD,DE,2023,72.8,,
ESTAT:TRAN_HV_FRMOD(1.0),16/04/25 11:00:00,A,PC,ROAD,DK,2005,89.4,,
ESTAT:TRAN_HV_FRMOD(1.0),16/04/25 11:00:00,A,PC,ROAD,DK,2006,90.3,,
ESTAT:TRAN_HV_FRMOD(1.0),16/04/25 11:00:00,A,PC,ROAD,DK,2007,91.1,,
ESTAT:TRAN_HV_FRMOD(1.0),16/04/25 11:00:00,A,PC,ROAD,DK,2008,91.0,,
ESTAT:TRAN_HV_FRMOD(1.0),16/04/25 11:00:00,A,PC,ROAD,DK,2009,90.9,,
ESTAT:TRAN_HV_FRMOD(1.0),16/04/25 11:00:00,A,PC,ROAD,DK,2010,88.5,,
ESTAT:TRAN_HV_FRMOD(1.0),16/04/25 11:00:00,A,PC,ROAD,DK,2011,87.6,,
ESTAT:TRAN_HV_FRMOD(1.0),16/04/25 11:00:00,A,PC,ROAD,DK,2012,89.1,,
ESTAT:TRAN_HV_FRMOD(1.0),16/04/25 11:00:00,A,PC,ROAD,DK,2013,88.7,,
ESTAT:TRAN_HV_FRMOD(1.0),16/04/25 11:00:00,A,PC,ROAD,DK,2014,88.8,,
ESTAT:TRAN_HV_FRMOD(1.0),16/04/25 11:00:00,A,PC,ROAD,DK,2015,88.0,,
ESTAT:TRAN_HV_FRMOD(1.0),16/04/25 11:00:00,A,PC,ROAD,DK,2016,88.7,,
ESTAT:TRAN_HV_FRMOD(1.0),16/04/25 11:00:00,A,PC,ROAD,DK,2017,88.5,,
ESTAT:TRAN_HV_FRMOD(1.0),16/04/25 11:00:00,A,PC,ROAD,DK,2018,88.2,,
ESTAT:TRAN_HV_FRMOD(1.0),16/04/25 11:00:00,A,PC,ROAD,DK,2019,88.5,,
ESTAT:TRAN_HV_FRMOD(1.0),16/04/25 11:00:00,A,PC,ROAD,DK,2020,89.2,,
ESTAT:TRAN_HV_FRMOD(1.0),16/04/25 11:00:00,A,PC,ROAD,DK,2021,91.3,,
ESTAT:TRAN_HV_FRMOD(1.0),16/04/25 11:00:00,A,PC,ROAD,DK,2022,90.4,,
ESTAT:TRAN_HV_FRMOD(1.0),16/04/25 11:00:00,A,PC,ROAD,DK,2023,91.8,,
ESTAT:TRAN_HV_FRMOD(1.0),16/04/25 11:00:00,A,PC,ROAD,EE,2005,20.0,,
ESTAT:TRAN_HV_FRMOD(1.0),16/04/25 11:00:00,A,PC,ROAD,EE,2006,21.6,,
ESTAT:TRAN_HV_FRMOD(1.0),16/04/25 11:00:00,A,PC,ROAD,EE,2007,25.8,,
ESTAT:TRAN_HV_FRMOD(1.0),16/04/25 11:00:00,A,PC,ROAD,EE,2008,31.8,,
ESTAT:TRAN_HV_FRMOD(1.0),16/04/25 11:00:00,A,PC,ROAD,EE,2009,25.9,,
ESTAT:TRAN_HV_FRMOD(1.0),16/04/25 11:00:00,A,PC,ROAD,EE,2010,24.6,,
ESTAT:TRAN_HV_FRMOD(1.0),16/04/25 11:00:00,A,PC,ROAD,EE,2011,28.4,,
ESTAT:TRAN_HV_FRMOD(1.0),16/04/25 11:00:00,A,PC,ROAD,EE,2012,33.1,,
ESTAT:TRAN_HV_FRMOD(1.0),16/04/25 11:00:00,A,PC,ROAD,EE,2013,36.0,,
ESTAT:TRAN_HV_FRMOD(1.0),16/04/25 11:00:00,A,PC,ROAD,EE,2014,44.8,,
ESTAT:TRAN_HV_FRMOD(1.0),16/04/25 11:00:00,A,PC,ROAD,EE,2015,47.6,,
ESTAT:TRAN_HV_FRMOD(1.0),16/04/25 11:00:00,A,PC,ROAD,EE,2016,57.1,,
ESTAT:TRAN_HV_FRMOD(1.0),16/04/25 11:00:00,A,PC,ROAD,EE,2017,55.6,,
ESTAT:TRAN_HV_FRMOD(1.0),16/04/25 11:00:00,A,PC,ROAD,EE,2018,53.8,,
ESTAT:TRAN_HV_FRMOD(1.0),16/04/25 11:00:00,A,PC,ROAD,EE,2019,58.0,,
ESTAT:TRAN_HV_FRMOD(1.0),16/04/25 11:00:00,A,PC,ROAD,EE,2020,61.4,,
ESTAT:TRAN_HV_FRMOD(1.0),16/04/25 11:00:00,A,PC,ROAD,EE,2021,59.9,,
ESTAT:TRAN_HV_FRMOD(1.0),16/04/25 11:00:00,A,PC,ROAD,EE,2022,72.7,,
ESTAT:TRAN_HV_FRMOD(1.0),16/04/25 11:00:00,A,PC,ROAD,EE,2023,79.6,,
ESTAT:TRAN_HV_FRMOD(1.0),16/04/25 11:00:00,A,PC,ROAD,EL,2005,97.3,,
ESTAT:TRAN_HV_FRMOD(1.0),16/04/25 11:00:00,A,PC,ROAD,EL,2006,97.8,,
ESTAT:TRAN_HV_FRMOD(1.0),16/04/25 11:00:00,A,PC,ROAD,EL,2007,96.7,,
ESTAT:TRAN_HV_FRMOD(1.0),16/04/25 11:00:00,A,PC,ROAD,EL,2008,97.1,,
ESTAT:TRAN_HV_FRMOD(1.0),16/04/25 11:00:00,A,PC,ROAD,EL,2009,97.9,,
ESTAT:TRAN_HV_FRMOD(1.0),16/04/25 11:00:00,A,PC,ROAD,EL,2010,97.8,,
ESTAT:TRAN_HV_FRMOD(1.0),16/04/25 11:00:00,A,PC,ROAD,EL,2011,98.2,,
ESTAT:TRAN_HV_FRMOD(1.0),16/04/25 11:00:00,A,PC,ROAD,EL,2012,98.5,,
ESTAT:TRAN_HV_FRMOD(1.0),16/04/25 11:00:00,A,PC,ROAD,EL,2013,98.5,,
ESTAT:TRAN_HV_FRMOD(1.0),16/04/25 11:00:00,A,PC,ROAD,EL,2014,98.3,,
ESTAT:TRAN_HV_FRMOD(1.0),16/04/25 11:00:00,A,PC,ROAD,EL,2015,98.4,,
ESTAT:TRAN_HV_FRMOD(1.0),16/04/25 11:00:00,A,PC,ROAD,EL,2016,98.7,,
ESTAT:TRAN_HV_FRMOD(1.0),16/04/25 11:00:00,A,PC,ROAD,EL,2017,98.2,,
ESTAT:TRAN_HV_FRMOD(1.0),16/04/25 11:00:00,A,PC,ROAD,EL,2018,97.9,,
ESTAT:TRAN_HV_FRMOD(1.0),16/04/25 11:00:00,A,PC,ROAD,EL,2019,97.6,,
ESTAT:TRAN_HV_FRMOD(1.0),16/04/25 11:00:00,A,PC,ROAD,EL,2020,96.9,,
ESTAT:TRAN_HV_FRMOD(1.0),16/04/25 11:00:00,A,PC,ROAD,EL,2021,97.1,,
ESTAT:TRAN_HV_FRMOD(1.0),16/04/25 11:00:00,A,PC,ROAD,EL,2022,97.7,,
ESTAT:TRAN_HV_FRMOD(1.0),16/04/25 11:00:00,A,PC,ROAD,EL,2023,98.9,,
ESTAT:TRAN_HV_FRMOD(1.0),16/04/25 11:00:00,A,PC,ROAD,ES,2005,94.8,,
ESTAT:TRAN_HV_FRMOD(1.0),16/04/25 11:00:00,A,PC,ROAD,ES,2006,95.0,,
ESTAT:TRAN_HV_FRMOD(1.0),16/04/25 11:00:00,A,PC,ROAD,ES,2007,95.5,,
ESTAT:TRAN_HV_FRMOD(1.0),16/04/25 11:00:00,A,PC,ROAD,ES,2008,95.2,,
ESTAT:TRAN_HV_FRMOD(1.0),16/04/25 11:00:00,A,PC,ROAD,ES,2009,96.0,,
ESTAT:TRAN_HV_FRMOD(1.0),16/04/25 11:00:00,A,PC,ROAD,ES,2010,95.4,,
ESTAT:TRAN_HV_FRMOD(1.0),16/04/25 11:00:00,A,PC,ROAD,ES,2011,95.0,,
ESTAT:TRAN_HV_FRMOD(1.0),16/04/25 11:00:00,A,PC,ROAD,ES,2012,94.7,,
ESTAT:TRAN_HV_FRMOD(1.0),16/04/25 11:00:00,A,PC,ROAD,ES,2013,94.7,,
ESTAT:TRAN_HV_FRMOD(1.0),16/04/25 11:00:00,A,PC,ROAD,ES,2014,94.1,,
ESTAT:TRAN_HV_FRMOD(1.0),16/04/25 11:00:00,A,PC,ROAD,ES,2015,94.2,,
ESTAT:TRAN_HV_FRMOD(1.0),16/04/25 11:00:00,A,PC,ROAD,ES,2016,94.7,,
ESTAT:TRAN_HV_FRMOD(1.0),16/04/25 11:00:00,A,PC,ROAD,ES,2017,94.9,,
ESTAT:TRAN_HV_FRMOD(1.0),16/04/25 11:00:00,A,PC,ROAD,ES,2018,95.0,,
ESTAT:TRAN_HV_FRMOD(1.0),16/04/25 11:00:00,A,PC,ROAD,ES,2019,95.2,,
ESTAT:TRAN_HV_FRMOD(1.0),16/04/25 11:00:00,A,PC,ROAD,ES,2020,95.9,,
ESTAT:TRAN_HV_FRMOD(1.0),16/04/25 11:00:00,A,PC,ROAD,ES,2021,95.7,,
ESTAT:TRAN_HV_FRMOD(1.0),16/04/25 11:00:00,A,PC,ROAD,ES,2022,95.6,,
ESTAT:TRAN_HV_FRMOD(1.0),16/04/25 11:00:00,A,PC,ROAD,ES,2023,95.8,,
ESTAT:TRAN_HV_FRMOD(1.0),16/04/25 11:00:00,A,PC,ROAD,EU27_2020,2005,74.4,e,
ESTAT:TRAN_HV_FRMOD(1.0),16/04/25 11:00:00,A,PC,ROAD,EU27_2020,2006,74.3,e,
ESTAT:TRAN_HV_FRMOD(1.0),16/04/25 11:00:00,A,PC,ROAD,EU27_2020,2007,74.2,e,
ESTAT:TRAN_HV_FRMOD(1.0),16/04/25 11:00:00,A,PC,ROAD,EU27_2020,2008,74.3,e,
ESTAT:TRAN_HV_FRMOD(1.0),16/04/25 11:00:00,A,PC,ROAD,EU27_2020,2009,76.1,,
ESTAT:TRAN_HV_FRMOD(1.0),16/04/25 11:00:00,A,PC,ROAD,EU27_2020,2010,74.6,,
ESTAT:TRAN_HV_FRMOD(1.0),16/04/25 11:00:00,A,PC,ROAD,EU27_2020,2011,74.0,,
ESTAT:TRAN_HV_FRMOD(1.0),16/04/25 11:00:00,A,PC,ROAD,EU27_2020,2012,73.5,e,
ESTAT:TRAN_HV_FRMOD(1.0),16/04/25 11:00:00,A,PC,ROAD,EU27_2020,2013,74.0,e,
ESTAT:TRAN_HV_FRMOD(1.0),16/04/25 11:00:00,A,PC,ROAD,EU27_2020,2014,73.9,e,
ESTAT:TRAN_HV_FRMOD(1.0),16/04/25 11:00:00,A,PC,ROAD,EU27_2020,2015,74.2,e,
ESTAT:TRAN_HV_FRMOD(1.0),16/04/25 11:00:00,A,PC,ROAD,EU27_2020,2016,74.2,e,
ESTAT:TRAN_HV_FRMOD(1.0),16/04/25 11:00:00,A,PC,ROAD,EU27_2020,2017,75.0,e,
ESTAT:TRAN_HV_FRMOD(1.0),16/04/25 11:00:00,A,PC,ROAD,EU27_2020,2018,75.3,e,
ESTAT:TRAN_HV_FRMOD(1.0),16/04/25 11:00:00,A,PC,ROAD,EU27_2020,2019,76.0,e,
ESTAT:TRAN_HV_FRMOD(1.0),16/04/25 11:00:00,A,PC,ROAD,EU27_2020,2020,77.4,e,
ESTAT:TRAN_HV_FRMOD(1.0),16/04/25 11:00:00,A,PC,ROAD,EU27_2020,2021,77.3,e,
ESTAT:TRAN_HV_FRMOD(1.0),16/04/25 11:00:00,A,PC,ROAD,EU27_2020,2022,77.8,e,
ESTAT:TRAN_HV_FRMOD(1.0),16/04/25 11:00:00,A,PC,ROAD,EU27_2020,2023,78.1,e,
ESTAT:TRAN_HV_FRMOD(1.0),16/04/25 11:00:00,A,PC,ROAD,EU28,2005,75.6,e,
ESTAT:TRAN_HV_FRMOD(1.0),16/04/25 11:00:00,A,PC,ROAD,EU28,2006,75.4,e,
ESTAT:TRAN_HV_FRMOD(1.0),16/04/25 11:00:00,A,PC,ROAD,EU28,2007,75.4,e,
ESTAT:TRAN_HV_FRMOD(1.0),16/04/25 11:00:00,A,PC,ROAD,EU28,2008,75.4,e,
ESTAT:TRAN_HV_FRMOD(1.0),16/04/25 11:00:00,A,PC,ROAD,EU28,2009,77.0,,
ESTAT:TRAN_HV_FRMOD(1.0),16/04/25 11:00:00,A,PC,ROAD,EU28,2010,75.7,,
ESTAT:TRAN_HV_FRMOD(1.0),16/04/25 11:00:00,A,PC,ROAD,EU28,2011,75.0,,
ESTAT:TRAN_HV_FRMOD(1.0),16/04/25 11:00:00,A,PC,ROAD,EU28,2012,74.7,e,
ESTAT:TRAN_HV_FRMOD(1.0),16/04/25 11:00:00,A,PC,ROAD,EU28,2013,74.9,e,
ESTAT:TRAN_HV_FRMOD(1.0),16/04/25 11:00:00,A,PC,ROAD,EU28,2014,74.8,e,
ESTAT:TRAN_HV_FRMOD(1.0),16/04/25 11:00:00,A,PC,ROAD,EU28,2015,75.4,e,
ESTAT:TRAN_HV_FRMOD(1.0),16/04/25 11:00:00,A,PC,ROAD,EU28,2016,75.5,e,
ESTAT:TRAN_HV_FRMOD(1.0),16/04/25 11:00:00,A,PC,ROAD,EU28,2017,76.1,e,
ESTAT:TRAN_HV_FRMOD(1.0),16/04/25 11:00:00,A,PC,ROAD,EU28,2018,76.5,e,
ESTAT:TRAN_HV_FRMOD(1.0),16/04/25 11:00:00,A,PC,ROAD,EU28,2019,77.1,e,
ESTAT:TRAN_HV_FRMOD(1.0),16/04/25 11:00:00,A,PC,ROAD,FI,2005,74.7,,
ESTAT:TRAN_HV_FRMOD(1.0),16/04/25 11:00:00,A,PC,ROAD,FI,2006,70.4,,
ESTAT:TRAN_HV_FRMOD(1.0),16/04/25 11:00:00,A,PC,ROAD,FI,2007,72.0,,
ESTAT:TRAN_HV_FRMOD(1.0),16/04/25 11:00:00,A,PC,ROAD,FI,2008,72.6,,
ESTAT:TRAN_HV_FRMOD(1.0),16/04/25 11:00:00,A,PC,ROAD,FI,2009,74.0,,
ESTAT:TRAN_HV_FRMOD(1.0),16/04/25 11:00:00,A,PC,ROAD,FI,2010,72.9,,
ESTAT:TRAN_HV_FRMOD(1.0),16/04/25 11:00:00,A,PC,ROAD,FI,2011,72.2,,
ESTAT:TRAN_HV_FRMOD(1.0),16/04/25 11:00:00,A,PC,ROAD,FI,2012,71.0,,
ESTAT:TRAN_HV_FRMOD(1.0),16/04/25 11:00:00,A,PC,ROAD,FI,2013,69.5,,
ESTAT:TRAN_HV_FRMOD(1.0),16/04/25 11:00:00,A,PC,ROAD,FI,2014,68.8,,
ESTAT:TRAN_HV_FRMOD(1.0),16/04/25 11:00:00,A,PC,ROAD,FI,2015,72.6,,
ESTAT:TRAN_HV_FRMOD(1.0),16/04/25 11:00:00,A,PC,ROAD,FI,2016,72.9,,
ESTAT:TRAN_HV_FRMOD(1.0),16/04/25 11:00:00,A,PC,ROAD,FI,2017,72.3,e,
ESTAT:TRAN_HV_FRMOD(1.0),16/04/25 11:00:00,A,PC,ROAD,FI,2018,70.7,e,
ESTAT:TRAN_HV_FRMOD(1.0),16/04/25 11:00:00,A,PC,ROAD,FI,2019,72.8,,
ESTAT:TRAN_HV_FRMOD(1.0),16/04/25 11:00:00,A,PC,ROAD,FI,2020,73.8,,
ESTAT:TRAN_HV_FRMOD(1.0),16/04/25 11:00:00,A,PC,ROAD,FI,2021,72.7,,
ESTAT:TRAN_HV_FRMOD(1.0),16/04/25 11:00:00,A,PC,ROAD,FI,2022,77.0,,
ESTAT:TRAN_HV_FRMOD(1.0),16/04/25 11:00:00,A,PC,ROAD,FI,2023,77.4,,
ESTAT:TRAN_HV_FRMOD(1.0),16/04/25 11:00:00,A,PC,ROAD,FR,2005,85.6,,
ESTAT:TRAN_HV_FRMOD(1.0),16/04/25 11:00:00,A,PC,ROAD,FR,2006,85.8,,
ESTAT:TRAN_HV_FRMOD(1.0),16/04/25 11:00:00,A,PC,ROAD,FR,2007,85.9,,
ESTAT:TRAN_HV_FRMOD(1.0),16/04/25 11:00:00,A,PC,ROAD,FR,2008,85.9,,
ESTAT:TRAN_HV_FRMOD(1.0),16/04/25 11:00:00,A,PC,ROAD,FR,2009,86.5,,
ESTAT:TRAN_HV_FRMOD(1.0),16/04/25 11:00:00,A,PC,ROAD,FR,2010,87.5,,
ESTAT:TRAN_HV_FRMOD(1.0),16/04/25 11:00:00,A,PC,ROAD,FR,2011,86.4,,
ESTAT:TRAN_HV_FRMOD(1.0),16/04/25 11:00:00,A,PC,ROAD,FR,2012,86.2,,
ESTAT:TRAN_HV_FRMOD(1.0),16/04/25 11:00:00,A,PC,ROAD,FR,2013,86.5,,
ESTAT:TRAN_HV_FRMOD(1.0),16/04/25 11:00:00,A,PC,ROAD,FR,2014,86.3,,
ESTAT:TRAN_HV_FRMOD(1.0),16/04/25 11:00:00,A,PC,ROAD,FR,2015,84.9,,
ESTAT:TRAN_HV_FRMOD(1.0),16/04/25 11:00:00,A,PC,ROAD,FR,2016,85.7,,
ESTAT:TRAN_HV_FRMOD(1.0),16/04/25 11:00:00,A,PC,ROAD,FR,2017,86.6,,
ESTAT:TRAN_HV_FRMOD(1.0),16/04/25 11:00:00,A,PC,ROAD,FR,2018,87.3,,
ESTAT:TRAN_HV_FRMOD(1.0),16/04/25 11:00:00,A,PC,ROAD,FR,2019,87.3,,
ESTAT:TRAN_HV_FRMOD(1.0),16/04/25 11:00:00,A,PC,ROAD,FR,2020,88.0,,
ESTAT:TRAN_HV_FRMOD(1.0),16/04/25 11:00:00,A,PC,ROAD,FR,2021,87.3,,
ESTAT:TRAN_HV_FRMOD(1.0),16/04/25 11:00:00,A,PC,ROAD,FR,2022,87.4,,
ESTAT:TRAN_HV_FRMOD(1.0),16/04/25 11:00:00,A,PC,ROAD,FR,2023,88.9,,
ESTAT:TRAN_HV_FRMOD(1.0),16/04/25 11:00:00,A,PC,ROAD,HR,2005,74.9,e,
ESTAT:TRAN_HV_FRMOD(1.0),16/04/25 11:00:00,A,PC,ROAD,HR,2006,73.1,e,
ESTAT:TRAN_HV_FRMOD(1.0),16/04/25 11:00:00,A,PC,ROAD,HR,2007,71.5,e,
ESTAT:TRAN_HV_FRMOD(1.0),16/04/25 11:00:00,A,PC,ROAD,HR,2008,71.7,,
ESTAT:TRAN_HV_FRMOD(1.0),16/04/25 11:00:00,A,PC,ROAD,HR,2009,71.8,,
ESTAT:TRAN_HV_FRMOD(1.0),16/04/25 11:00:00,A,PC,ROAD,HR,2010,69.0,,
ESTAT:TRAN_HV_FRMOD(1.0),16/04/25 11:00:00,A,PC,ROAD,HR,2011,71.2,,
ESTAT:TRAN_HV_FRMOD(1.0),16/04/25 11:00:00,A,PC,ROAD,HR,2012,70.5,,
ESTAT:TRAN_HV_FRMOD(1.0),16/04/25 11:00:00,A,PC,ROAD,HR,2013,72.9,,
ESTAT:TRAN_HV_FRMOD(1.0),16/04/25 11:00:00,A,PC,ROAD,HR,2014,72.7,,
ESTAT:TRAN_HV_FRMOD(1.0),16/04/25 11:00:00,A,PC,ROAD,HR,2015,72.9,,
ESTAT:TRAN_HV_FRMOD(1.0),16/04/25 11:00:00,A,PC,ROAD,HR,2016,73.5,,
ESTAT:TRAN_HV_FRMOD(1.0),16/04/25 11:00:00,A,PC,ROAD,HR,2017,72.0,,
ESTAT:TRAN_HV_FRMOD(1.0),16/04/25 11:00:00,A,PC,ROAD,HR,2018,73.1,,
ESTAT:TRAN_HV_FRMOD(1.0),16/04/25 11:00:00,A,PC,ROAD,HR,2019,69.1,,
ESTAT:TRAN_HV_FRMOD(1.0),16/04/25 11:00:00,A,PC,ROAD,HR,2020,67.7,,
ESTAT:TRAN_HV_FRMOD(1.0),16/04/25 11:00:00,A,PC,ROAD,HR,2021,69.9,,
ESTAT:TRAN_HV_FRMOD(1.0),16/04/25 11:00:00,A,PC,ROAD,HR,2022,69.8,,
ESTAT:TRAN_HV_FRMOD(1.0),16/04/25 11:00:00,A,PC,ROAD,HR,2023,73.7,,
ESTAT:TRAN_HV_FRMOD(1.0),16/04/25 11:00:00,A,PC,ROAD,HU,2005,66.4,,
ESTAT:TRAN_HV_FRMOD(1.0),16/04/25 11:00:00,A,PC,ROAD,HU,2006,66.7,,
ESTAT:TRAN_HV_FRMOD(1.0),16/04/25 11:00:00,A,PC,ROAD,HU,2007,68.1,,
ESTAT:TRAN_HV_FRMOD(1.0),16/04/25 11:00:00,A,PC,ROAD,HU,2008,69.1,,
ESTAT:TRAN_HV_FRMOD(1.0),16/04/25 11:00:00,A,PC,ROAD,HU,2009,70.1,,
ESTAT:TRAN_HV_FRMOD(1.0),16/04/25 11:00:00,A,PC,ROAD,HU,2010,65.5,,
ESTAT:TRAN_HV_FRMOD(1.0),16/04/25 11:00:00,A,PC,ROAD,HU,2011,65.8,,
ESTAT:TRAN_HV_FRMOD(1.0),16/04/25 11:00:00,A,PC,ROAD,HU,2012,63.8,,
ESTAT:TRAN_HV_FRMOD(1.0),16/04/25 11:00:00,A,PC,ROAD,HU,2013,63.3,,
ESTAT:TRAN_HV_FRMOD(1.0),16/04/25 11:00:00,A,PC,ROAD,HU,2014,63.4,,
ESTAT:TRAN_HV_FRMOD(1.0),16/04/25 11:00:00,A,PC,ROAD,HU,2015,65.1,,
ESTAT:TRAN_HV_FRMOD(1.0),16/04/25 11:00:00,A,PC,ROAD,HU,2016,66.0,,
ESTAT:TRAN_HV_FRMOD(1.0),16/04/25 11:00:00,A,PC,ROAD,HU,2017,62.5,,
ESTAT:TRAN_HV_FRMOD(1.0),16/04/25 11:00:00,A,PC,ROAD,HU,2018,68.9,,
ESTAT:TRAN_HV_FRMOD(1.0),16/04/25 11:00:00,A,PC,ROAD,HU,2019,68.2,,
ESTAT:TRAN_HV_FRMOD(1.0),16/04/25 11:00:00,A,PC,ROAD,HU,2020,65.7,,
ESTAT:TRAN_HV_FRMOD(1.0),16/04/25 11:00:00,A,PC,ROAD,HU,2021,69.2,,
ESTAT:TRAN_HV_FRMOD(1.0),16/04/25 11:00:00,A,PC,ROAD,HU,2022,69.8,,
ESTAT:TRAN_HV_FRMOD(1.0),16/04/25 11:00:00,A,PC,ROAD,HU,2023,71.6,,
ESTAT:TRAN_HV_FRMOD(1.0),16/04/25 11:00:00,A,PC,ROAD,IE,2005,98.1,,
ESTAT:TRAN_HV_FRMOD(1.0),16/04/25 11:00:00,A,PC,ROAD,IE,2006,98.7,,
ESTAT:TRAN_HV_FRMOD(1.0),16/04/25 11:00:00,A,PC,ROAD,IE,2007,99.2,,
ESTAT:TRAN_HV_FRMOD(1.0),16/04/25 11:00:00,A,PC,ROAD,IE,2008,99.3,,
ESTAT:TRAN_HV_FRMOD(1.0),16/04/25 11:00:00,A,PC,ROAD,IE,2009,99.2,,
ESTAT:TRAN_HV_FRMOD(1.0),16/04/25 11:00:00,A,PC,ROAD,IE,2010,99.1,,
ESTAT:TRAN_HV_FRMOD(1.0),16/04/25 11:00:00,A,PC,ROAD,IE,2011,98.8,,
ESTAT:TRAN_HV_FRMOD(1.0),16/04/25 11:00:00,A,PC,ROAD,IE,2012,99.0,,
ESTAT:TRAN_HV_FRMOD(1.0),16/04/25 11:00:00,A,PC,ROAD,IE,2013,98.9,,
ESTAT:TRAN_HV_FRMOD(1.0),16/04/25 11:00:00,A,PC,ROAD,IE,2014,98.9,,
ESTAT:TRAN_HV_FRMOD(1.0),16/04/25 11:00:00,A,PC,ROAD,IE,2015,99.0,,
ESTAT:TRAN_HV_FRMOD(1.0),16/04/25 11:00:00,A,PC,ROAD,IE,2016,99.1,,
ESTAT:TRAN_HV_FRMOD(1.0),16/04/25 11:00:00,A,PC,ROAD,IE,2017,99.1,,
ESTAT:TRAN_HV_FRMOD(1.0),16/04/25 11:00:00,A,PC,ROAD,IE,2018,99.2,,
ESTAT:TRAN_HV_FRMOD(1.0),16/04/25 11:00:00,A,PC,ROAD,IE,2019,99.4,,
ESTAT:TRAN_HV_FRMOD(1.0),16/04/25 11:00:00,A,PC,ROAD,IE,2020,99.2,,
ESTAT:TRAN_HV_FRMOD(1.0),16/04/25 11:00:00,A,PC,ROAD,IE,2021,99.4,,
ESTAT:TRAN_HV_FRMOD(1.0),16/04/25 11:00:00,A,PC,ROAD,IE,2022,99.3,,
ESTAT:TRAN_HV_FRMOD(1.0),16/04/25 11:00:00,A,PC,ROAD,IE,2023,99.3,,
ESTAT:TRAN_HV_FRMOD(1.0),16/04/25 11:00:00,A,PC,ROAD,IT,2005,89.9,,
ESTAT:TRAN_HV_FRMOD(1.0),16/04/25 11:00:00,A,PC,ROAD,IT,2006,88.7,,
ESTAT:TRAN_HV_FRMOD(1.0),16/04/25 11:00:00,A,PC,ROAD,IT,2007,88.0,,
ESTAT:TRAN_HV_FRMOD(1.0),16/04/25 11:00:00,A,PC,ROAD,IT,2008,88.7,,
ESTAT:TRAN_HV_FRMOD(1.0),16/04/25 11:00:00,A,PC,ROAD,IT,2009,90.8,,
ESTAT:TRAN_HV_FRMOD(1.0),16/04/25 11:00:00,A,PC,ROAD,IT,2010,90.7,,
ESTAT:TRAN_HV_FRMOD(1.0),16/04/25 11:00:00,A,PC,ROAD,IT,2011,88.8,,
ESTAT:TRAN_HV_FRMOD(1.0),16/04/25 11:00:00,A,PC,ROAD,IT,2012,87.3,,
ESTAT:TRAN_HV_FRMOD(1.0),16/04/25 11:00:00,A,PC,ROAD,IT,2013,88.1,,
ESTAT:TRAN_HV_FRMOD(1.0),16/04/25 11:00:00,A,PC,ROAD,IT,2014,86.8,,
ESTAT:TRAN_HV_FRMOD(1.0),16/04/25 11:00:00,A,PC,ROAD,IT,2015,86.5,,
ESTAT:TRAN_HV_FRMOD(1.0),16/04/25 11:00:00,A,PC,ROAD,IT,2016,85.3,,
ESTAT:TRAN_HV_FRMOD(1.0),16/04/25 11:00:00,A,PC,ROAD,IT,2017,86.3,,
ESTAT:TRAN_HV_FRMOD(1.0),16/04/25 11:00:00,A,PC,ROAD,IT,2018,86.8,,
ESTAT:TRAN_HV_FRMOD(1.0),16/04/25 11:00:00,A,PC,ROAD,IT,2019,88.1,,
ESTAT:TRAN_HV_FRMOD(1.0),16/04/25 11:00:00,A,PC,ROAD,IT,2020,88.0,,
ESTAT:TRAN_HV_FRMOD(1.0),16/04/25 11:00:00,A,PC,ROAD,IT,2021,87.3,,
ESTAT:TRAN_HV_FRMOD(1.0),16/04/25 11:00:00,A,PC,ROAD,IT,2022,87.6,,
ESTAT:TRAN_HV_FRMOD(1.0),16/04/25 11:00:00,A,PC,ROAD,IT,2023,88.0,,
ESTAT:TRAN_HV_FRMOD(1.0),16/04/25 11:00:00,A,PC,ROAD,LT,2005,26.4,,
ESTAT:TRAN_HV_FRMOD(1.0),16/04/25 11:00:00,A,PC,ROAD,LT,2006,28.9,,
ESTAT:TRAN_HV_FRMOD(1.0),16/04/25 11:00:00,A,PC,ROAD,LT,2007,29.1,,
ESTAT:TRAN_HV_FRMOD(1.0),16/04/25 11:00:00,A,PC,ROAD,LT,2008,27.0,,
ESTAT:TRAN_HV_FRMOD(1.0),16/04/25 11:00:00,A,PC,ROAD,LT,2009,29.6,,
ESTAT:TRAN_HV_FRMOD(1.0),16/04/25 11:00:00,A,PC,ROAD,LT,2010,27.2,,
ESTAT:TRAN_HV_FRMOD(1.0),16/04/25 11:00:00,A,PC,ROAD,LT,2011,26.3,,
ESTAT:TRAN_HV_FRMOD(1.0),16/04/25 11:00:00,A,PC,ROAD,LT,2012,29.7,,
ESTAT:TRAN_HV_FRMOD(1.0),16/04/25 11:00:00,A,PC,ROAD,LT,2013,33.4,,
ESTAT:TRAN_HV_FRMOD(1.0),16/04/25 11:00:00,A,PC,ROAD,LT,2014,31.9,,
ESTAT:TRAN_HV_FRMOD(1.0),16/04/25 11:00:00,A,PC,ROAD,LT,2015,34.1,,
ESTAT:TRAN_HV_FRMOD(1.0),16/04/25 11:00:00,A,PC,ROAD,LT,2016,35.0,,
ESTAT:TRAN_HV_FRMOD(1.0),16/04/25 11:00:00,A,PC,ROAD,LT,2017,33.3,,
ESTAT:TRAN_HV_FRMOD(1.0),16/04/25 11:00:00,A,PC,ROAD,LT,2018,32.1,,
ESTAT:TRAN_HV_FRMOD(1.0),16/04/25 11:00:00,A,PC,ROAD,LT,2019,32.6,,
ESTAT:TRAN_HV_FRMOD(1.0),16/04/25 11:00:00,A,PC,ROAD,LT,2020,35.3,,
ESTAT:TRAN_HV_FRMOD(1.0),16/04/25 11:00:00,A,PC,ROAD,LT,2021,37.5,,
ESTAT:TRAN_HV_FRMOD(1.0),16/04/25 11:00:00,A,PC,ROAD,LT,2022,53.6,,
ESTAT:TRAN_HV_FRMOD(1.0),16/04/25 11:00:00,A,PC,ROAD,LT,2023,60.8,,
ESTAT:TRAN_HV_FRMOD(1.0),16/04/25 11:00:00,A,PC,ROAD,LU,2005,71.9,,
ESTAT:TRAN_HV_FRMOD(1.0),16/04/25 11:00:00,A,PC,ROAD,LU,2006,69.8,,
ESTAT:TRAN_HV_FRMOD(1.0),16/04/25 11:00:00,A,PC,ROAD,LU,2007,76.0,,
ESTAT:TRAN_HV_FRMOD(1.0),16/04/25 11:00:00,A,PC,ROAD,LU,2008,77.0,,
ESTAT:TRAN_HV_FRMOD(1.0),16/04/25 11:00:00,A,PC,ROAD,LU,2009,80.4,,
ESTAT:TRAN_HV_FRMOD(1.0),16/04/25 11:00:00,A,PC,ROAD,LU,2010,75.5,,
ESTAT:TRAN_HV_FRMOD(1.0),16/04/25 11:00:00,A,PC,ROAD,LU,2011,78.4,,
ESTAT:TRAN_HV_FRMOD(1.0),16/04/25 11:00:00,A,PC,ROAD,LU,2012,84.0,,
ESTAT:TRAN_HV_FRMOD(1.0),16/04/25 11:00:00,A,PC,ROAD,LU,2013,82.2,,
ESTAT:TRAN_HV_FRMOD(1.0),16/04/25 11:00:00,A,PC,ROAD,LU,2014,85.5,,
ESTAT:TRAN_HV_FRMOD(1.0),16/04/25 11:00:00,A,PC,ROAD,LU,2015,84.9,,
ESTAT:TRAN_HV_FRMOD(1.0),16/04/25 11:00:00,A,PC,ROAD,LU,2016,87.3,,
ESTAT:TRAN_HV_FRMOD(1.0),16/04/25 11:00:00,A,PC,ROAD,LU,2017,87.0,,
ESTAT:TRAN_HV_FRMOD(1.0),16/04/25 11:00:00,A,PC,ROAD,LU,2018,84.4,,
ESTAT:TRAN_HV_FRMOD(1.0),16/04/25 11:00:00,A,PC,ROAD,LU,2019,85.0,,
ESTAT:TRAN_HV_FRMOD(1.0),16/04/25 11:00:00,A,PC,ROAD,LU,2020,85.1,,
ESTAT:TRAN_HV_FRMOD(1.0),16/04/25 11:00:00,A,PC,ROAD,LU,2021,85.6,,
ESTAT:TRAN_HV_FRMOD(1.0),16/04/25 11:00:00,A,PC,ROAD,LU,2022,86.3,,
ESTAT:TRAN_HV_FRMOD(1.0),16/04/25 11:00:00,A,PC,ROAD,LU,2023,85.7,,
ESTAT:TRAN_HV_FRMOD(1.0),16/04/25 11:00:00,A,PC,ROAD,LV,2005,15.9,,
ESTAT:TRAN_HV_FRMOD(1.0),16/04/25 11:00:00,A,PC,ROAD,LV,2006,19.0,,
ESTAT:TRAN_HV_FRMOD(1.0),16/04/25 11:00:00,A,PC,ROAD,LV,2007,19.4,,
ESTAT:TRAN_HV_FRMOD(1.0),16/04/25 11:00:00,A,PC,ROAD,LV,2008,16.6,,
ESTAT:TRAN_HV_FRMOD(1.0),16/04/25 11:00:00,A,PC,ROAD,LV,2009,14.6,,
ESTAT:TRAN_HV_FRMOD(1.0),16/04/25 11:00:00,A,PC,ROAD,LV,2010,17.9,,
ESTAT:TRAN_HV_FRMOD(1.0),16/04/25 11:00:00,A,PC,ROAD,LV,2011,15.8,,
ESTAT:TRAN_HV_FRMOD(1.0),16/04/25 11:00:00,A,PC,ROAD,LV,2012,15.9,,
ESTAT:TRAN_HV_FRMOD(1.0),16/04/25 11:00:00,A,PC,ROAD,LV,2013,18.8,,
ESTAT:TRAN_HV_FRMOD(1.0),16/04/25 11:00:00,A,PC,ROAD,LV,2014,18.8,,
ESTAT:TRAN_HV_FRMOD(1.0),16/04/25 11:00:00,A,PC,ROAD,LV,2015,20.2,,
ESTAT:TRAN_HV_FRMOD(1.0),16/04/25 11:00:00,A,PC,ROAD,LV,2016,23.4,,
ESTAT:TRAN_HV_FRMOD(1.0),16/04/25 11:00:00,A,PC,ROAD,LV,2017,26.0,,
ESTAT:TRAN_HV_FRMOD(1.0),16/04/25 11:00:00,A,PC,ROAD,LV,2018,24.2,,
ESTAT:TRAN_HV_FRMOD(1.0),16/04/25 11:00:00,A,PC,ROAD,LV,2019,26.4,,
ESTAT:TRAN_HV_FRMOD(1.0),16/04/25 11:00:00,A,PC,ROAD,LV,2020,43.5,,
ESTAT:TRAN_HV_FRMOD(1.0),16/04/25 11:00:00,A,PC,ROAD,LV,2021,46.6,,
ESTAT:TRAN_HV_FRMOD(1.0),16/04/25 11:00:00,A,PC,ROAD,LV,2022,46.8,,
ESTAT:TRAN_HV_FRMOD(1.0),16/04/25 11:00:00,A,PC,ROAD,LV,2023,56.0,,
ESTAT:TRAN_HV_FRMOD(1.0),16/04/25 11:00:00,A,PC,ROAD,MT,2005,100.0,,
ESTAT:TRAN_HV_FRMOD(1.0),16/04/25 11:00:00,A,PC,ROAD,MT,2006,100.0,,
ESTAT:TRAN_HV_FRMOD(1.0),16/04/25 11:00:00,A,PC,ROAD,MT,2007,100.0,,
ESTAT:TRAN_HV_FRMOD(1.0),16/04/25 11:00:00,A,PC,ROAD,MT,2008,100.0,,
ESTAT:TRAN_HV_FRMOD(1.0),16/04/25 11:00:00,A,PC,ROAD,MT,2009,100.0,,
ESTAT:TRAN_HV_FRMOD(1.0),16/04/25 11:00:00,A,PC,ROAD,MT,2010,100.0,,
ESTAT:TRAN_HV_FRMOD(1.0),16/04/25 11:00:00,A,PC,ROAD,MT,2011,100.0,,
ESTAT:TRAN_HV_FRMOD(1.0),16/04/25 11:00:00,A,PC,ROAD,MT,2012,100.0,,
ESTAT:TRAN_HV_FRMOD(1.0),16/04/25 11:00:00,A,PC,ROAD,MT,2013,100.0,,
ESTAT:TRAN_HV_FRMOD(1.0),16/04/25 11:00:00,A,PC,ROAD,MT,2014,100.0,,
ESTAT:TRAN_HV_FRMOD(1.0),16/04/25 11:00:00,A,PC,ROAD,MT,2015,100.0,,
ESTAT:TRAN_HV_FRMOD(1.0),16/04/25 11:00:00,A,PC,ROAD,MT,2016,100.0,,
ESTAT:TRAN_HV_FRMOD(1.0),16/04/25 11:00:00,A,PC,ROAD,MT,2017,100.0,,
ESTAT:TRAN_HV_FRMOD(1.0),16/04/25 11:00:00,A,PC,ROAD,MT,2018,100.0,,
ESTAT:TRAN_HV_FRMOD(1.0),16/04/25 11:00:00,A,PC,ROAD,MT,2019,100.0,,
ESTAT:TRAN_HV_FRMOD(1.0),16/04/25 11:00:00,A,PC,ROAD,MT,2020,100.0,,
ESTAT:TRAN_HV_FRMOD(1.0),16/04/25 11:00:00,A,PC,ROAD,MT,2021,100.0,,
ESTAT:TRAN_HV_FRMOD(1.0),16/04/25 11:00:00,A,PC,ROAD,MT,2022,100.0,,
ESTAT:TRAN_HV_FRMOD(1.0),16/04/25 11:00:00,A,PC,ROAD,MT,2023,100.0,,
ESTAT:TRAN_HV_FRMOD(1.0),16/04/25 11:00:00,A,PC,ROAD,NL,2005,50.8,,
ESTAT:TRAN_HV_FRMOD(1.0),16/04/25 11:00:00,A,PC,ROAD,NL,2006,50.7,,
ESTAT:TRAN_HV_FRMOD(1.0),16/04/25 11:00:00,A,PC,ROAD,NL,2007,48.2,,
ESTAT:TRAN_HV_FRMOD(1.0),16/04/25 11:00:00,A,PC,ROAD,NL,2008,49.1,,
ESTAT:TRAN_HV_FRMOD(1.0),16/04/25 11:00:00,A,PC,ROAD,NL,2009,53.0,,
ESTAT:TRAN_HV_FRMOD(1.0),16/04/25 11:00:00,A,PC,ROAD,NL,2010,48.4,,
ESTAT:TRAN_HV_FRMOD(1.0),16/04/25 11:00:00,A,PC,ROAD,NL,2011,48.2,,
ESTAT:TRAN_HV_FRMOD(1.0),16/04/25 11:00:00,A,PC,ROAD,NL,2012,47.1,,
ESTAT:TRAN_HV_FRMOD(1.0),16/04/25 11:00:00,A,PC,ROAD,NL,2013,48.7,,
ESTAT:TRAN_HV_FRMOD(1.0),16/04/25 11:00:00,A,PC,ROAD,NL,2014,48.6,,
ESTAT:TRAN_HV_FRMOD(1.0),16/04/25 11:00:00,A,PC,ROAD,NL,2015,49.2,,
ESTAT:TRAN_HV_FRMOD(1.0),16/04/25 11:00:00,A,PC,ROAD,NL,2016,50.2,,
ESTAT:TRAN_HV_FRMOD(1.0),16/04/25 11:00:00,A,PC,ROAD,NL,2017,49.8,,
ESTAT:TRAN_HV_FRMOD(1.0),16/04/25 11:00:00,A,PC,ROAD,NL,2018,51.0,,
ESTAT:TRAN_HV_FRMOD(1.0),16/04/25 11:00:00,A,PC,ROAD,NL,2019,51.7,,
ESTAT:TRAN_HV_FRMOD(1.0),16/04/25 11:00:00,A,PC,ROAD,NL,2020,52.9,,
ESTAT:TRAN_HV_FRMOD(1.0),16/04/25 11:00:00,A,PC,ROAD,NL,2021,52.0,,
ESTAT:TRAN_HV_FRMOD(1.0),16/04/25 11:00:00,A,PC,ROAD,NL,2022,52.2,,
ESTAT:TRAN_HV_FRMOD(1.0),16/04/25 11:00:00,A,PC,ROAD,NL,2023,52.8,,
ESTAT:TRAN_HV_FRMOD(1.0),16/04/25 11:00:00,A,PC,ROAD,NO,2005,84.3,,
ESTAT:TRAN_HV_FRMOD(1.0),16/04/25 11:00:00,A,PC,ROAD,NO,2006,84.2,,
ESTAT:TRAN_HV_FRMOD(1.0),16/04/25 11:00:00,A,PC,ROAD,NO,2007,83.6,,
ESTAT:TRAN_HV_FRMOD(1.0),16/04/25 11:00:00,A,PC,ROAD,NO,2008,84.4,,
ESTAT:TRAN_HV_FRMOD(1.0),16/04/25 11:00:00,A,PC,ROAD,NO,2009,83.6,,
ESTAT:TRAN_HV_FRMOD(1.0),16/04/25 11:00:00,A,PC,ROAD,NO,2010,84.6,,
ESTAT:TRAN_HV_FRMOD(1.0),16/04/25 11:00:00,A,PC,ROAD,NO,2011,84.2,,
ESTAT:TRAN_HV_FRMOD(1.0),16/04/25 11:00:00,A,PC,ROAD,NO,2012,85.2,,
ESTAT:TRAN_HV_FRMOD(1.0),16/04/25 11:00:00,A,PC,ROAD,NO,2013,86.7,,
ESTAT:TRAN_HV_FRMOD(1.0),16/04/25 11:00:00,A,PC,ROAD,NO,2014,86.3,,
ESTAT:TRAN_HV_FRMOD(1.0),16/04/25 11:00:00,A,PC,ROAD,NO,2015,87.1,,
ESTAT:TRAN_HV_FRMOD(1.0),16/04/25 11:00:00,A,PC,ROAD,NO,2016,87.0,,
ESTAT:TRAN_HV_FRMOD(1.0),16/04/25 11:00:00,A,PC,ROAD,NO,2017,84.8,,
ESTAT:TRAN_HV_FRMOD(1.0),16/04/25 11:00:00,A,PC,ROAD,NO,2018,85.0,,
ESTAT:TRAN_HV_FRMOD(1.0),16/04/25 11:00:00,A,PC,ROAD,NO,2019,85.4,,
ESTAT:TRAN_HV_FRMOD(1.0),16/04/25 11:00:00,A,PC,ROAD,NO,2020,84.7,,
ESTAT:TRAN_HV_FRMOD(1.0),16/04/25 11:00:00,A,PC,ROAD,NO,2021,84.9,,
ESTAT:TRAN_HV_FRMOD(1.0),16/04/25 11:00:00,A,PC,ROAD,NO,2022,85.5,,
ESTAT:TRAN_HV_FRMOD(1.0),16/04/25 11:00:00,A,PC,ROAD,NO,2023,86.6,,
ESTAT:TRAN_HV_FRMOD(1.0),16/04/25 11:00:00,A,PC,ROAD,PL,2005,63.3,,
ESTAT:TRAN_HV_FRMOD(1.0),16/04/25 11:00:00,A,PC,ROAD,PL,2006,62.7,,
ESTAT:TRAN_HV_FRMOD(1.0),16/04/25 11:00:00,A,PC,ROAD,PL,2007,63.6,,
ESTAT:TRAN_HV_FRMOD(1.0),16/04/25 11:00:00,A,PC,ROAD,PL,2008,66.0,,
ESTAT:TRAN_HV_FRMOD(1.0),16/04/25 11:00:00,A,PC,ROAD,PL,2009,71.1,,
ESTAT:TRAN_HV_FRMOD(1.0),16/04/25 11:00:00,A,PC,ROAD,PL,2010,70.4,,
ESTAT:TRAN_HV_FRMOD(1.0),16/04/25 11:00:00,A,PC,ROAD,PL,2011,70.0,,
ESTAT:TRAN_HV_FRMOD(1.0),16/04/25 11:00:00,A,PC,ROAD,PL,2012,72.3,,
ESTAT:TRAN_HV_FRMOD(1.0),16/04/25 11:00:00,A,PC,ROAD,PL,2013,73.5,,
ESTAT:TRAN_HV_FRMOD(1.0),16/04/25 11:00:00,A,PC,ROAD,PL,2014,73.4,,
ESTAT:TRAN_HV_FRMOD(1.0),16/04/25 11:00:00,A,PC,ROAD,PL,2015,74.4,,
ESTAT:TRAN_HV_FRMOD(1.0),16/04/25 11:00:00,A,PC,ROAD,PL,2016,75.2,,
ESTAT:TRAN_HV_FRMOD(1.0),16/04/25 11:00:00,A,PC,ROAD,PL,2017,76.0,,
ESTAT:TRAN_HV_FRMOD(1.0),16/04/25 11:00:00,A,PC,ROAD,PL,2018,73.1,,
ESTAT:TRAN_HV_FRMOD(1.0),16/04/25 11:00:00,A,PC,ROAD,PL,2019,76.0,,
ESTAT:TRAN_HV_FRMOD(1.0),16/04/25 11:00:00,A,PC,ROAD,PL,2020,77.4,,
ESTAT:TRAN_HV_FRMOD(1.0),16/04/25 11:00:00,A,PC,ROAD,PL,2021,77.7,,
ESTAT:TRAN_HV_FRMOD(1.0),16/04/25 11:00:00,A,PC,ROAD,PL,2022,76.8,,
ESTAT:TRAN_HV_FRMOD(1.0),16/04/25 11:00:00,A,PC,ROAD,PL,2023,75.8,,
ESTAT:TRAN_HV_FRMOD(1.0),16/04/25 11:00:00,A,PC,ROAD,PT,2005,90.8,,
ESTAT:TRAN_HV_FRMOD(1.0),16/04/25 11:00:00,A,PC,ROAD,PT,2006,91.0,,
ESTAT:TRAN_HV_FRMOD(1.0),16/04/25 11:00:00,A,PC,ROAD,PT,2007,90.9,,
ESTAT:TRAN_HV_FRMOD(1.0),16/04/25 11:00:00,A,PC,ROAD,PT,2008,90.3,,
ESTAT:TRAN_HV_FRMOD(1.0),16/04/25 11:00:00,A,PC,ROAD,PT,2009,90.6,,
ESTAT:TRAN_HV_FRMOD(1.0),16/04/25 11:00:00,A,PC,ROAD,PT,2010,89.1,,
ESTAT:TRAN_HV_FRMOD(1.0),16/04/25 11:00:00,A,PC,ROAD,PT,2011,89.1,,
ESTAT:TRAN_HV_FRMOD(1.0),16/04/25 11:00:00,A,PC,ROAD,PT,2012,87.2,,
ESTAT:TRAN_HV_FRMOD(1.0),16/04/25 11:00:00,A,PC,ROAD,PT,2013,87.3,,
ESTAT:TRAN_HV_FRMOD(1.0),16/04/25 11:00:00,A,PC,ROAD,PT,2014,87.2,,
ESTAT:TRAN_HV_FRMOD(1.0),16/04/25 11:00:00,A,PC,ROAD,PT,2015,85.9,,
ESTAT:TRAN_HV_FRMOD(1.0),16/04/25 11:00:00,A,PC,ROAD,PT,2016,85.5,,
ESTAT:TRAN_HV_FRMOD(1.0),16/04/25 11:00:00,A,PC,ROAD,PT,2017,85.9,,
ESTAT:TRAN_HV_FRMOD(1.0),16/04/25 11:00:00,A,PC,ROAD,PT,2018,85.8,,
ESTAT:TRAN_HV_FRMOD(1.0),16/04/25 11:00:00,A,PC,ROAD,PT,2019,87.0,,
ESTAT:TRAN_HV_FRMOD(1.0),16/04/25 11:00:00,A,PC,ROAD,PT,2020,85.8,,
ESTAT:TRAN_HV_FRMOD(1.0),16/04/25 11:00:00,A,PC,ROAD,PT,2021,89.3,,
ESTAT:TRAN_HV_FRMOD(1.0),16/04/25 11:00:00,A,PC,ROAD,PT,2022,87.7,,
ESTAT:TRAN_HV_FRMOD(1.0),16/04/25 11:00:00,A,PC,ROAD,PT,2023,85.9,,
ESTAT:TRAN_HV_FRMOD(1.0),16/04/25 11:00:00,A,PC,ROAD,RO,2005,50.8,e,
ESTAT:TRAN_HV_FRMOD(1.0),16/04/25 11:00:00,A,PC,ROAD,RO,2006,51.6,e,
ESTAT:TRAN_HV_FRMOD(1.0),16/04/25 11:00:00,A,PC,ROAD,RO,2007,51.1,e,
ESTAT:TRAN_HV_FRMOD(1.0),16/04/25 11:00:00,A,PC,ROAD,RO,2008,49.8,e,
ESTAT:TRAN_HV_FRMOD(1.0),16/04/25 11:00:00,A,PC,ROAD,RO,2009,52.4,,
ESTAT:TRAN_HV_FRMOD(1.0),16/04/25 11:00:00,A,PC,ROAD,RO,2010,36.9,,
ESTAT:TRAN_HV_FRMOD(1.0),16/04/25 11:00:00,A,PC,ROAD,RO,2011,37.2,,
ESTAT:TRAN_HV_FRMOD(1.0),16/04/25 11:00:00,A,PC,ROAD,RO,2012,39.4,,
ESTAT:TRAN_HV_FRMOD(1.0),16/04/25 11:00:00,A,PC,ROAD,RO,2013,40.3,,
ESTAT:TRAN_HV_FRMOD(1.0),16/04/25 11:00:00,A,PC,ROAD,RO,2014,40.8,,
ESTAT:TRAN_HV_FRMOD(1.0),16/04/25 11:00:00,A,PC,ROAD,RO,2015,38.0,,
ESTAT:TRAN_HV_FRMOD(1.0),16/04/25 11:00:00,A,PC,ROAD,RO,2016,40.3,,
ESTAT:TRAN_HV_FRMOD(1.0),16/04/25 11:00:00,A,PC,ROAD,RO,2017,42.4,,
ESTAT:TRAN_HV_FRMOD(1.0),16/04/25 11:00:00,A,PC,ROAD,RO,2018,44.1,,
ESTAT:TRAN_HV_FRMOD(1.0),16/04/25 11:00:00,A,PC,ROAD,RO,2019,45.0,,
ESTAT:TRAN_HV_FRMOD(1.0),16/04/25 11:00:00,A,PC,ROAD,RO,2020,45.5,,
ESTAT:TRAN_HV_FRMOD(1.0),16/04/25 11:00:00,A,PC,ROAD,RO,2021,49.7,,
ESTAT:TRAN_HV_FRMOD(1.0),16/04/25 11:00:00,A,PC,ROAD,RO,2022,54.0,,
ESTAT:TRAN_HV_FRMOD(1.0),16/04/25 11:00:00,A,PC,ROAD,RO,2023,53.7,,
ESTAT:TRAN_HV_FRMOD(1.0),16/04/25 11:00:00,A,PC,ROAD,SE,2005,67.6,,
ESTAT:TRAN_HV_FRMOD(1.0),16/04/25 11:00:00,A,PC,ROAD,SE,2006,67.8,,
ESTAT:TRAN_HV_FRMOD(1.0),16/04/25 11:00:00,A,PC,ROAD,SE,2007,67.3,,
ESTAT:TRAN_HV_FRMOD(1.0),16/04/25 11:00:00,A,PC,ROAD,SE,2008,68.1,,
ESTAT:TRAN_HV_FRMOD(1.0),16/04/25 11:00:00,A,PC,ROAD,SE,2009,66.7,,
ESTAT:TRAN_HV_FRMOD(1.0),16/04/25 11:00:00,A,PC,ROAD,SE,2010,64.4,,
ESTAT:TRAN_HV_FRMOD(1.0),16/04/25 11:00:00,A,PC,ROAD,SE,2011,65.2,,
ESTAT:TRAN_HV_FRMOD(1.0),16/04/25 11:00:00,A,PC,ROAD,SE,2012,64.2,,
ESTAT:TRAN_HV_FRMOD(1.0),16/04/25 11:00:00,A,PC,ROAD,SE,2013,66.3,,
ESTAT:TRAN_HV_FRMOD(1.0),16/04/25 11:00:00,A,PC,ROAD,SE,2014,69.6,,
ESTAT:TRAN_HV_FRMOD(1.0),16/04/25 11:00:00,A,PC,ROAD,SE,2015,70.5,,
ESTAT:TRAN_HV_FRMOD(1.0),16/04/25 11:00:00,A,PC,ROAD,SE,2016,70.5,,
ESTAT:TRAN_HV_FRMOD(1.0),16/04/25 11:00:00,A,PC,ROAD,SE,2017,69.8,,
ESTAT:TRAN_HV_FRMOD(1.0),16/04/25 11:00:00,A,PC,ROAD,SE,2018,69.8,,
ESTAT:TRAN_HV_FRMOD(1.0),16/04/25 11:00:00,A,PC,ROAD,SE,2019,69.8,,
ESTAT:TRAN_HV_FRMOD(1.0),16/04/25 11:00:00,A,PC,ROAD,SE,2020,70.2,,
ESTAT:TRAN_HV_FRMOD(1.0),16/04/25 11:00:00,A,PC,ROAD,SE,2021,71.0,,
ESTAT:TRAN_HV_FRMOD(1.0),16/04/25 11:00:00,A,PC,ROAD,SE,2022,71.1,,
ESTAT:TRAN_HV_FRMOD(1.0),16/04/25 11:00:00,A,PC,ROAD,SE,2023,70.1,,
ESTAT:TRAN_HV_FRMOD(1.0),16/04/25 11:00:00,A,PC,ROAD,SI,2005,68.9,,
ESTAT:TRAN_HV_FRMOD(1.0),16/04/25 11:00:00,A,PC,ROAD,SI,2006,70.2,,
ESTAT:TRAN_HV_FRMOD(1.0),16/04/25 11:00:00,A,PC,ROAD,SI,2007,69.9,,
ESTAT:TRAN_HV_FRMOD(1.0),16/04/25 11:00:00,A,PC,ROAD,SI,2008,70.3,,
ESTAT:TRAN_HV_FRMOD(1.0),16/04/25 11:00:00,A,PC,ROAD,SI,2009,72.0,,
ESTAT:TRAN_HV_FRMOD(1.0),16/04/25 11:00:00,A,PC,ROAD,SI,2010,68.2,,
ESTAT:TRAN_HV_FRMOD(1.0),16/04/25 11:00:00,A,PC,ROAD,SI,2011,66.0,,
ESTAT:TRAN_HV_FRMOD(1.0),16/04/25 11:00:00,A,PC,ROAD,SI,2012,67.2,,
ESTAT:TRAN_HV_FRMOD(1.0),16/04/25 11:00:00,A,PC,ROAD,SI,2013,65.2,,
ESTAT:TRAN_HV_FRMOD(1.0),16/04/25 11:00:00,A,PC,ROAD,SI,2014,64.0,,
ESTAT:TRAN_HV_FRMOD(1.0),16/04/25 11:00:00,A,PC,ROAD,SI,2015,65.0,,
ESTAT:TRAN_HV_FRMOD(1.0),16/04/25 11:00:00,A,PC,ROAD,SI,2016,66.2,,
ESTAT:TRAN_HV_FRMOD(1.0),16/04/25 11:00:00,A,PC,ROAD,SI,2017,63.7,,
ESTAT:TRAN_HV_FRMOD(1.0),16/04/25 11:00:00,A,PC,ROAD,SI,2018,64.5,,
ESTAT:TRAN_HV_FRMOD(1.0),16/04/25 11:00:00,A,PC,ROAD,SI,2019,63.7,,
ESTAT:TRAN_HV_FRMOD(1.0),16/04/25 11:00:00,A,PC,ROAD,SI,2020,64.9,,
ESTAT:TRAN_HV_FRMOD(1.0),16/04/25 11:00:00,A,PC,ROAD,SI,2021,66.5,,
ESTAT:TRAN_HV_FRMOD(1.0),16/04/25 11:00:00,A,PC,ROAD,SI,2022,67.3,,
ESTAT:TRAN_HV_FRMOD(1.0),16/04/25 11:00:00,A,PC,ROAD,SI,2023,69.8,,
ESTAT:TRAN_HV_FRMOD(1.0),16/04/25 11:00:00,A,PC,ROAD,SK,2005,50.5,e,
ESTAT:TRAN_HV_FRMOD(1.0),16/04/25 11:00:00,A,PC,ROAD,SK,2006,49.1,e,
ESTAT:TRAN_HV_FRMOD(1.0),16/04/25 11:00:00,A,PC,ROAD,SK,2007,53.3,,
ESTAT:TRAN_HV_FRMOD(1.0),16/04/25 11:00:00,A,PC,ROAD,SK,2008,54.9,,
ESTAT:TRAN_HV_FRMOD(1.0),16/04/25 11:00:00,A,PC,ROAD,SK,2009,59.6,,
ESTAT:TRAN_HV_FRMOD(1.0),16/04/25 11:00:00,A,PC,ROAD,SK,2010,55.9,,
ESTAT:TRAN_HV_FRMOD(1.0),16/04/25 11:00:00,A,PC,ROAD,SK,2011,57.3,,
ESTAT:TRAN_HV_FRMOD(1.0),16/04/25 11:00:00,A,PC,ROAD,SK,2012,58.7,,
ESTAT:TRAN_HV_FRMOD(1.0),16/04/25 11:00:00,A,PC,ROAD,SK,2013,56.4,,
ESTAT:TRAN_HV_FRMOD(1.0),16/04/25 11:00:00,A,PC,ROAD,SK,2014,57.1,,
ESTAT:TRAN_HV_FRMOD(1.0),16/04/25 11:00:00,A,PC,ROAD,SK,2015,60.2,,
ESTAT:TRAN_HV_FRMOD(1.0),16/04/25 11:00:00,A,PC,ROAD,SK,2016,61.7,,
ESTAT:TRAN_HV_FRMOD(1.0),16/04/25 11:00:00,A,PC,ROAD,SK,2017,63.4,,
ESTAT:TRAN_HV_FRMOD(1.0),16/04/25 11:00:00,A,PC,ROAD,SK,2018,64.3,,
ESTAT:TRAN_HV_FRMOD(1.0),16/04/25 11:00:00,A,PC,ROAD,SK,2019,65.4,,
ESTAT:TRAN_HV_FRMOD(1.0),16/04/25 11:00:00,A,PC,ROAD,SK,2020,68.0,,
ESTAT:TRAN_HV_FRMOD(1.0),16/04/25 11:00:00,A,PC,ROAD,SK,2021,64.6,,
ESTAT:TRAN_HV_FRMOD(1.0),16/04/25 11:00:00,A,PC,ROAD,SK,2022,66.9,,
ESTAT:TRAN_HV_FRMOD(1.0),16/04/25 11:00:00,A,PC,ROAD,SK,2023,67.0,,
ESTAT:TRAN_HV_FRMOD(1.0),16/04/25 11:00:00,A,PC,ROAD,UK,2005,88.6,,
ESTAT:TRAN_HV_FRMOD(1.0),16/04/25 11:00:00,A,PC,ROAD,UK,2006,88.6,,
ESTAT:TRAN_HV_FRMOD(1.0),16/04/25 11:00:00,A,PC,ROAD,UK,2007,89.3,,
ESTAT:TRAN_HV_FRMOD(1.0),16/04/25 11:00:00,A,PC,ROAD,UK,2008,88.8,,
ESTAT:TRAN_HV_FRMOD(1.0),16/04/25 11:00:00,A,PC,ROAD,UK,2009,88.3,,
ESTAT:TRAN_HV_FRMOD(1.0),16/04/25 11:00:00,A,PC,ROAD,UK,2010,89.0,,
ESTAT:TRAN_HV_FRMOD(1.0),16/04/25 11:00:00,A,PC,ROAD,UK,2011,87.9,,
ESTAT:TRAN_HV_FRMOD(1.0),16/04/25 11:00:00,A,PC,ROAD,UK,2012,87.8,,
ESTAT:TRAN_HV_FRMOD(1.0),16/04/25 11:00:00,A,PC,ROAD,UK,2013,86.5,,
ESTAT:TRAN_HV_FRMOD(1.0),16/04/25 11:00:00,A,PC,ROAD,UK,2014,86.4,,
ESTAT:TRAN_HV_FRMOD(1.0),16/04/25 11:00:00,A,PC,ROAD,UK,2015,89.0,,
ESTAT:TRAN_HV_FRMOD(1.0),16/04/25 11:00:00,A,PC,ROAD,UK,2016,90.5,,
ESTAT:TRAN_HV_FRMOD(1.0),16/04/25 11:00:00,A,PC,ROAD,UK,2017,90.4,,
ESTAT:TRAN_HV_FRMOD(1.0),16/04/25 11:00:00,A,PC,ROAD,UK,2018,90.5,,
ESTAT:TRAN_HV_FRMOD(1.0),16/04/25 11:00:00,A,PC,ROAD,UK,2019,90.8,,
