STRUCTURE,STRUCTURE_ID,STRUCTURE_NAME,ACTION,REF_AREA,Reference area,FREQ,Frequency of observation,MEASURE,Measure,UNIT_MEASURE,Unit of measure,TRANSPORT_MODE,Transport mode,PRICE_BASE,Price base,TIME_PERIOD,Time period,OBS_VALUE,Observation value,OBS_STATUS,Observation status,OBS_STATUS2,Observation status 2,UNIT_MULT,Unit multiplier,DECIMALS,Decimals,CURRENCY,Currency
DATAFLOW,OECD.ITF:DSD_INFRINV@DF_INFRINV(1.0),Transport infrastructure investment and maintenance spending,I,DEU,Germany,A,Annual,INV,Investment spending,EUR,Euro,TOT_INL,Inland,V,Current prices,2018,,25170000000,,,,,,0,Units,0,Zero,,
DATAFLOW,OECD.ITF:DSD_INFRINV@DF_INFRINV(1.0),Transport infrastructure investment and maintenance spending,I,DEU,Germany,A,Annual,INV,Investment spending,EUR,Euro,TOT_INL,Inland,V,Current prices,2017,,22255000000,,,,,,0,Units,0,Zero,,
DATAFLOW,OECD.ITF:DSD_INFRINV@DF_INFRINV(1.0),Transport infrastructure investment and maintenance spending,I,DEU,Germany,A,Annual,INV,Investment spending,EUR,Euro,TOT_INL,Inland,V,Current prices,2016,,20150000000,,,,,,0,Units,0,Zero,,
DATAFLOW,OECD.ITF:DSD_INFRINV@DF_INFRINV(1.0),Transport infrastructure investment and maintenance spending,I,DEU,Germany,A,Annual,INV,Investment spending,EUR,Euro,TOT_INL,Inland,V,Current prices,2015,,19355000000,,,,,,0,Units,0,Zero,,
DATAFLOW,OECD.ITF:DSD_INFRINV@DF_INFRINV(1.0),Transport infrastructure investment and maintenance spending,I,BEL,Belgium,A,Annual,INV,Investment spending,EUR,Euro,IWW,Waterways,V,Current prices,2010,,154000000,,B,Time series break,,,0,Units,0,Zero,,
DATAFLOW,OECD.ITF:DSD_INFRINV@DF_INFRINV(1.0),Transport infrastructure investment and maintenance spending,I,BEL,Belgium,A,Annual,INV,Investment spending,EUR,Euro,ROAD,Road,V,Current prices,2010,,348000000,,B,Time series break,,,0,Units,0,Zero,,
DATAFLOW,OECD.ITF:DSD_INFRINV@DF_INFRINV(1.0),Transport infrastructure investment and maintenance spending,I,BEL,Belgium,A,Annual,INV,Investment spending,EUR,Euro,RAIL,Rail,V,Current prices,2005,,948527538.2,,B,Time series break,,,0,Units,0,Zero,,
DATAFLOW,OECD.ITF:DSD_INFRINV@DF_INFRINV(1.0),Transport infrastructure investment and maintenance spending,I,FRA,France,A,Annual,MNT,Maintenance spending,EUR,Euro,IWW,Waterways,V,Current prices,2012,,224800000,,B,Time series break,,,0,Units,0,Zero,,
DATAFLOW,OECD.ITF:DSD_INFRINV@DF_INFRINV(1.0),Transport infrastructure investment and maintenance spending,I,FRA,France,A,Annual,MNT,Maintenance spending,EUR,Euro,ROAD,Road,V,Current prices,2012,,3089940000,,B,Time series break,,,0,Units,0,Zero,,
DATAFLOW,OECD.ITF:DSD_INFRINV@DF_INFRINV(1.0),Transport infrastructure investment and maintenance spending,I,FRA,France,A,Annual,MNT,Maintenance spending,EUR,Euro,ROAD,Road,V,Current prices,2005,,2189000000,,B,Time series break,,,0,Units,0,Zero,,
DATAFLOW,OECD.ITF:DSD_INFRINV@DF_INFRINV(1.0),Transport infrastructure investment and maintenance spending,I,BEL,Belgium,A,Annual,INV,Investment spending,EUR,Euro,ROAD,Road,V,Current prices,2017,,655906000,,P,Provisional value,,,0,Units,0,Zero,,
DATAFLOW,OECD.ITF:DSD_INFRINV@DF_INFRINV(1.0),Transport infrastructure investment and maintenance spending,I,BEL,Belgium,A,Annual,MNT,Maintenance spending,EUR,Euro,ROAD,Road,V,Current prices,2017,,396797000,,P,Provisional value,,,0,Units,0,Zero,,
DATAFLOW,OECD.ITF:DSD_INFRINV@DF_INFRINV(1.0),Transport infrastructure investment and maintenance spending,I,BEL,Belgium,A,Annual,INV,Investment spending,EUR,Euro,TOT_INL,Inland,V,Current prices,2017,,1773396000,,P,Provisional value,,,0,Units,0,Zero,,
DATAFLOW,OECD.ITF:DSD_INFRINV@DF_INFRINV(1.0),Transport infrastructure investment and maintenance spending,I,BEL,Belgium,A,Annual,INV,Investment spending,EUR,Euro,ROAD,Road,V,Current prices,2015,,778000000,,P,Provisional value,,,0,Units,0,Zero,,
DATAFLOW,OECD.ITF:DSD_INFRINV@DF_INFRINV(1.0),Transport infrastructure investment and maintenance spending,I,BEL,Belgium,A,Annual,INV,Investment spending,EUR,Euro,TOT_INL,Inland,V,Current prices,2015,,2074993900,,P,Provisional value,,,0,Units,0,Zero,,
DATAFLOW,OECD.ITF:DSD_INFRINV@DF_INFRINV(1.0),Transport infrastructure investment and maintenance spending,I,DEU,Germany,A,Annual,INV,Investment spending,EUR,Euro,TOT_INL,Inland,V,Current prices,2013,,18360000000,,B,Time series break,,,0,Units,0,Zero,,
DATAFLOW,OECD.ITF:DSD_INFRINV@DF_INFRINV(1.0),Transport infrastructure investment and maintenance spending,I,DEU,Germany,A,Annual,INV,Investment spending,EUR,Euro,TOT_INL,Inland,V,Current prices,2005,,14401000000,,B,Time series break,,,0,Units,0,Zero,,
DATAFLOW,OECD.ITF:DSD_INFRINV@DF_INFRINV(1.0),Transport infrastructure investment and maintenance spending,I,BEL,Belgium,A,Annual,INV,Investment spending,EUR,Euro,TOT_INL,Inland,V,Current prices,2014,,1627978558,,B,Time series break,,,0,Units,0,Zero,,
DATAFLOW,OECD.ITF:DSD_INFRINV@DF_INFRINV(1.0),Transport infrastructure investment and maintenance spending,I,BEL,Belgium,A,Annual,INV,Investment spending,EUR,Euro,TOT_INL,Inland,V,Current prices,2010,,1878467073,,B,Time series break,,,0,Units,0,Zero,,
DATAFLOW,OECD.ITF:DSD_INFRINV@DF_INFRINV(1.0),Transport infrastructure investment and maintenance spending,I,BEL,Belgium,A,Annual,INV,Investment spending,EUR,Euro,TOT_INL,Inland,V,Current prices,2005,,1260527538,,B,Time series break,,,0,Units,0,Zero,,
DATAFLOW,OECD.ITF:DSD_INFRINV@DF_INFRINV(1.0),Transport infrastructure investment and maintenance spending,I,DEU,Germany,A,Annual,INV,Investment spending,EUR,Euro,RAIL,Rail,V,Current prices,2013,,6095000000,,B,Time series break,,,0,Units,0,Zero,,
DATAFLOW,OECD.ITF:DSD_INFRINV@DF_INFRINV(1.0),Transport infrastructure investment and maintenance spending,I,DEU,Germany,A,Annual,INV,Investment spending,EUR,Euro,RAIL,Rail,V,Current prices,2005,,3411000000,,B,Time series break,,,0,Units,0,Zero,,
DATAFLOW,OECD.ITF:DSD_INFRINV@DF_INFRINV(1.0),Transport infrastructure investment and maintenance spending,I,BEL,Belgium,A,Annual,INV,Investment spending,EUR,Euro,IWW,Waterways,V,Current prices,2015,,291000000,,B,Time series break,,,0,Units,0,Zero,,
DATAFLOW,OECD.ITF:DSD_INFRINV@DF_INFRINV(1.0),Transport infrastructure investment and maintenance spending,I,BEL,Belgium,A,Annual,INV,Investment spending,EUR,Euro,RAIL,Rail,V,Current prices,2014,,1107978558,,B,Time series break,,,0,Units,0,Zero,,
DATAFLOW,OECD.ITF:DSD_INFRINV@DF_INFRINV(1.0),Transport infrastructure investment and maintenance spending,I,BEL,Belgium,A,Annual,MNT,Maintenance spending,EUR,Euro,IWW,Waterways,V,Current prices,2011,,58000000,,,,,,0,Units,0,Zero,,
DATAFLOW,OECD.ITF:DSD_INFRINV@DF_INFRINV(1.0),Transport infrastructure investment and maintenance spending,I,BEL,Belgium,A,Annual,MNT,Maintenance spending,EUR,Euro,IWW,Waterways,V,Current prices,2010,,65000000,,,,,,0,Units,0,Zero,,
DATAFLOW,OECD.ITF:DSD_INFRINV@DF_INFRINV(1.0),Transport infrastructure investment and maintenance spending,I,BEL,Belgium,A,Annual,MNT,Maintenance spending,EUR,Euro,IWW,Waterways,V,Current prices,2009,,131000000,,,,,,0,Units,0,Zero,,
DATAFLOW,OECD.ITF:DSD_INFRINV@DF_INFRINV(1.0),Transport infrastructure investment and maintenance spending,I,BEL,Belgium,A,Annual,MNT,Maintenance spending,EUR,Euro,IWW,Waterways,V,Current prices,2008,,87000000,,,,,,0,Units,0,Zero,,
DATAFLOW,OECD.ITF:DSD_INFRINV@DF_INFRINV(1.0),Transport infrastructure investment and maintenance spending,I,BEL,Belgium,A,Annual,MNT,Maintenance spending,EUR,Euro,IWW,Waterways,V,Current prices,2007,,76000000,,,,,,0,Units,0,Zero,,
DATAFLOW,OECD.ITF:DSD_INFRINV@DF_INFRINV(1.0),Transport infrastructure investment and maintenance spending,I,BEL,Belgium,A,Annual,MNT,Maintenance spending,EUR,Euro,IWW,Waterways,V,Current prices,2006,,67000000,,,,,,0,Units,0,Zero,,
DATAFLOW,OECD.ITF:DSD_INFRINV@DF_INFRINV(1.0),Transport infrastructure investment and maintenance spending,I,BEL,Belgium,A,Annual,MNT,Maintenance spending,EUR,Euro,IWW,Waterways,V,Current prices,2005,,66000000,,,,,,0,Units,0,Zero,,
DATAFLOW,OECD.ITF:DSD_INFRINV@DF_INFRINV(1.0),Transport infrastructure investment and maintenance spending,I,BEL,Belgium,A,Annual,MNT,Maintenance spending,EUR,Euro,IWW,Waterways,V,Current prices,2004,,61000000,,,,,,0,Units,0,Zero,,
DATAFLOW,OECD.ITF:DSD_INFRINV@DF_INFRINV(1.0),Transport infrastructure investment and maintenance spending,I,BEL,Belgium,A,Annual,MNT,Maintenance spending,EUR,Euro,IWW,Waterways,V,Current prices,2003,,61000000,,,,,,0,Units,0,Zero,,
DATAFLOW,OECD.ITF:DSD_INFRINV@DF_INFRINV(1.0),Transport infrastructure investment and maintenance spending,I,BEL,Belgium,A,Annual,MNT,Maintenance spending,EUR,Euro,IWW,Waterways,V,Current prices,2002,,51000000,,,,,,0,Units,0,Zero,,
DATAFLOW,OECD.ITF:DSD_INFRINV@DF_INFRINV(1.0),Transport infrastructure investment and maintenance spending,I,BEL,Belgium,A,Annual,MNT,Maintenance spending,EUR,Euro,IWW,Waterways,V,Current prices,2001,,51000000,,,,,,0,Units,0,Zero,,
DATAFLOW,OECD.ITF:DSD_INFRINV@DF_INFRINV(1.0),Transport infrastructure investment and maintenance spending,I,BEL,Belgium,A,Annual,MNT,Maintenance spending,EUR,Euro,IWW,Waterways,V,Current prices,2000,,48000000,,,,,,0,Units,0,Zero,,
DATAFLOW,OECD.ITF:DSD_INFRINV@DF_INFRINV(1.0),Transport infrastructure investment and maintenance spending,I,BEL,Belgium,A,Annual,MNT,Maintenance spending,EUR,Euro,IWW,Waterways,V,Current prices,1999,,31000000,,,,,,0,Units,0,Zero,,
DATAFLOW,OECD.ITF:DSD_INFRINV@DF_INFRINV(1.0),Transport infrastructure investment and maintenance spending,I,BEL,Belgium,A,Annual,MNT,Maintenance spending,EUR,Euro,IWW,Waterways,V,Current prices,1998,,30000000,,,,,,0,Units,0,Zero,,
DATAFLOW,OECD.ITF:DSD_INFRINV@DF_INFRINV(1.0),Transport infrastructure investment and maintenance spending,I,BEL,Belgium,A,Annual,MNT,Maintenance spending,EUR,Euro,IWW,Waterways,V,Current prices,1997,,35000000,,,,,,0,Units,0,Zero,,
DATAFLOW,OECD.ITF:DSD_INFRINV@DF_INFRINV(1.0),Transport infrastructure investment and maintenance spending,I,BEL,Belgium,A,Annual,MNT,Maintenance spending,EUR,Euro,IWW,Waterways,V,Current prices,1996,,27000000,,,,,,0,Units,0,Zero,,
DATAFLOW,OECD.ITF:DSD_INFRINV@DF_INFRINV(1.0),Transport infrastructure investment and maintenance spending,I,BEL,Belgium,A,Annual,MNT,Maintenance spending,EUR,Euro,IWW,Waterways,V,Current prices,1995,,25000000,,,,,,0,Units,0,Zero,,
DATAFLOW,OECD.ITF:DSD_INFRINV@DF_INFRINV(1.0),Transport infrastructure investment and maintenance spending,I,DEU,Germany,A,Annual,INV,Investment spending,EUR,Euro,RAIL,Rail,V,Current prices,2023,,12715189904,,P,Provisional value,,,0,Units,0,Zero,,
DATAFLOW,OECD.ITF:DSD_INFRINV@DF_INFRINV(1.0),Transport infrastructure investment and maintenance spending,I,DEU,Germany,A,Annual,INV,Investment spending,EUR,Euro,TOT_INL,Inland,V,Current prices,2023,,32245189904,,P,Provisional value,,,0,Units,0,Zero,,
DATAFLOW,OECD.ITF:DSD_INFRINV@DF_INFRINV(1.0),Transport infrastructure investment and maintenance spending,I,DEU,Germany,A,Annual,INV,Investment spending,EUR,Euro,ROAD,Road,V,Current prices,2023,,18310000000,,P,Provisional value,,,0,Units,0,Zero,,
DATAFLOW,OECD.ITF:DSD_INFRINV@DF_INFRINV(1.0),Transport infrastructure investment and maintenance spending,I,DEU,Germany,A,Annual,INV,Investment spending,EUR,Euro,IWW,Waterways,V,Current prices,2023,,1220000000,,P,Provisional value,,,0,Units,0,Zero,,
DATAFLOW,OECD.ITF:DSD_INFRINV@DF_INFRINV(1.0),Transport infrastructure investment and maintenance spending,I,FRA,France,A,Annual,INV,Investment spending,EUR,Euro,TOT_INL,Inland,V,Current prices,2023,,23372335665,,P,Provisional value,,,0,Units,0,Zero,,
DATAFLOW,OECD.ITF:DSD_INFRINV@DF_INFRINV(1.0),Transport infrastructure investment and maintenance spending,I,FRA,France,A,Annual,MNT,Maintenance spending,EUR,Euro,RAIL,Rail,V,Current prices,2023,,3257089196,,P,Provisional value,,,0,Units,0,Zero,,
DATAFLOW,OECD.ITF:DSD_INFRINV@DF_INFRINV(1.0),Transport infrastructure investment and maintenance spending,I,FRA,France,A,Annual,MNT,Maintenance spending,EUR,Euro,ROAD,Road,V,Current prices,2023,,3005735000,,P,Provisional value,,,0,Units,0,Zero,,
DATAFLOW,OECD.ITF:DSD_INFRINV@DF_INFRINV(1.0),Transport infrastructure investment and maintenance spending,I,FRA,France,A,Annual,MNT,Maintenance spending,EUR,Euro,IWW,Waterways,V,Current prices,2023,,359100000,,P,Provisional value,,,0,Units,0,Zero,,
DATAFLOW,OECD.ITF:DSD_INFRINV@DF_INFRINV(1.0),Transport infrastructure investment and maintenance spending,I,FRA,France,A,Annual,INV,Investment spending,EUR,Euro,ROAD,Road,V,Current prices,2023,,10265306356,,P,Provisional value,,,0,Units,0,Zero,,
DATAFLOW,OECD.ITF:DSD_INFRINV@DF_INFRINV(1.0),Transport infrastructure investment and maintenance spending,I,FRA,France,A,Annual,INV,Investment spending,EUR,Euro,IWW,Waterways,V,Current prices,2023,,667350000,,P,Provisional value,,,0,Units,0,Zero,,
DATAFLOW,OECD.ITF:DSD_INFRINV@DF_INFRINV(1.0),Transport infrastructure investment and maintenance spending,I,FRA,France,A,Annual,INV,Investment spending,EUR,Euro,RAIL,Rail,V,Current prices,2023,,12439679308,,P,Provisional value,,,0,Units,0,Zero,,
DATAFLOW,OECD.ITF:DSD_INFRINV@DF_INFRINV(1.0),Transport infrastructure investment and maintenance spending,I,BEL,Belgium,A,Annual,INV,Investment spending,EUR,Euro,ROAD,Road,V,Current prices,2019,,735000000,,P,Provisional value,,,0,Units,0,Zero,,
DATAFLOW,OECD.ITF:DSD_INFRINV@DF_INFRINV(1.0),Transport infrastructure investment and maintenance spending,I,BEL,Belgium,A,Annual,INV,Investment spending,EUR,Euro,TOT_INL,Inland,V,Current prices,2019,,1831000000,,P,Provisional value,,,0,Units,0,Zero,,
DATAFLOW,OECD.ITF:DSD_INFRINV@DF_INFRINV(1.0),Transport infrastructure investment and maintenance spending,I,BEL,Belgium,A,Annual,INV,Investment spending,EUR,Euro,TOT_INL,Inland,V,Current prices,2018,,1804000000,,P,Provisional value,,,0,Units,0,Zero,,
DATAFLOW,OECD.ITF:DSD_INFRINV@DF_INFRINV(1.0),Transport infrastructure investment and maintenance spending,I,BEL,Belgium,A,Annual,INV,Investment spending,EUR,Euro,ROAD,Road,V,Current prices,2018,,681000000,,P,Provisional value,,,0,Units,0,Zero,,
DATAFLOW,OECD.ITF:DSD_INFRINV@DF_INFRINV(1.0),Transport infrastructure investment and maintenance spending,I,BEL,Belgium,A,Annual,MNT,Maintenance spending,EUR,Euro,RAIL,Rail,V,Current prices,1995,,315000000,,,,,,0,Units,0,Zero,,
DATAFLOW,OECD.ITF:DSD_INFRINV@DF_INFRINV(1.0),Transport infrastructure investment and maintenance spending,I,NLD,Netherlands,A,Annual,MNT,Maintenance spending,EUR,Euro,IWW,Waterways,V,Current prices,2023,,589457213.6,,,,,,0,Units,0,Zero,,
DATAFLOW,OECD.ITF:DSD_INFRINV@DF_INFRINV(1.0),Transport infrastructure investment and maintenance spending,I,NLD,Netherlands,A,Annual,MNT,Maintenance spending,EUR,Euro,IWW,Waterways,V,Current prices,2022,,635176426.1,,,,,,0,Units,0,Zero,,
DATAFLOW,OECD.ITF:DSD_INFRINV@DF_INFRINV(1.0),Transport infrastructure investment and maintenance spending,I,NLD,Netherlands,A,Annual,MNT,Maintenance spending,EUR,Euro,IWW,Waterways,V,Current prices,2021,,577716456,,,,,,0,Units,0,Zero,,
DATAFLOW,OECD.ITF:DSD_INFRINV@DF_INFRINV(1.0),Transport infrastructure investment and maintenance spending,I,NLD,Netherlands,A,Annual,MNT,Maintenance spending,EUR,Euro,IWW,Waterways,V,Current prices,2020,,480855346.5,,,,,,0,Units,0,Zero,,
DATAFLOW,OECD.ITF:DSD_INFRINV@DF_INFRINV(1.0),Transport infrastructure investment and maintenance spending,I,NLD,Netherlands,A,Annual,MNT,Maintenance spending,EUR,Euro,IWW,Waterways,V,Current prices,2019,,463650404.3,,,,,,0,Units,0,Zero,,
DATAFLOW,OECD.ITF:DSD_INFRINV@DF_INFRINV(1.0),Transport infrastructure investment and maintenance spending,I,NLD,Netherlands,A,Annual,MNT,Maintenance spending,EUR,Euro,IWW,Waterways,V,Current prices,2018,,411104390.2,,,,,,0,Units,0,Zero,,
DATAFLOW,OECD.ITF:DSD_INFRINV@DF_INFRINV(1.0),Transport infrastructure investment and maintenance spending,I,NLD,Netherlands,A,Annual,MNT,Maintenance spending,EUR,Euro,IWW,Waterways,V,Current prices,2017,,419677891.3,,,,,,0,Units,0,Zero,,
DATAFLOW,OECD.ITF:DSD_INFRINV@DF_INFRINV(1.0),Transport infrastructure investment and maintenance spending,I,NLD,Netherlands,A,Annual,MNT,Maintenance spending,EUR,Euro,IWW,Waterways,V,Current prices,2016,,398413328.4,,,,,,0,Units,0,Zero,,
DATAFLOW,OECD.ITF:DSD_INFRINV@DF_INFRINV(1.0),Transport infrastructure investment and maintenance spending,I,NLD,Netherlands,A,Annual,MNT,Maintenance spending,EUR,Euro,IWW,Waterways,V,Current prices,2015,,317321161.5,,,,,,0,Units,0,Zero,,
DATAFLOW,OECD.ITF:DSD_INFRINV@DF_INFRINV(1.0),Transport infrastructure investment and maintenance spending,I,NLD,Netherlands,A,Annual,MNT,Maintenance spending,EUR,Euro,IWW,Waterways,V,Current prices,2014,,291932056.1,,,,,,0,Units,0,Zero,,
DATAFLOW,OECD.ITF:DSD_INFRINV@DF_INFRINV(1.0),Transport infrastructure investment and maintenance spending,I,NLD,Netherlands,A,Annual,MNT,Maintenance spending,EUR,Euro,IWW,Waterways,V,Current prices,2013,,266952143.6,,,,,,0,Units,0,Zero,,
DATAFLOW,OECD.ITF:DSD_INFRINV@DF_INFRINV(1.0),Transport infrastructure investment and maintenance spending,I,NLD,Netherlands,A,Annual,MNT,Maintenance spending,EUR,Euro,IWW,Waterways,V,Current prices,2012,,346507648.6,,,,,,0,Units,0,Zero,,
DATAFLOW,OECD.ITF:DSD_INFRINV@DF_INFRINV(1.0),Transport infrastructure investment and maintenance spending,I,NLD,Netherlands,A,Annual,MNT,Maintenance spending,EUR,Euro,IWW,Waterways,V,Current prices,2011,,430542652.7,,,,,,0,Units,0,Zero,,
DATAFLOW,OECD.ITF:DSD_INFRINV@DF_INFRINV(1.0),Transport infrastructure investment and maintenance spending,I,NLD,Netherlands,A,Annual,MNT,Maintenance spending,EUR,Euro,IWW,Waterways,V,Current prices,2010,,544000000,,,,,,0,Units,0,Zero,,
DATAFLOW,OECD.ITF:DSD_INFRINV@DF_INFRINV(1.0),Transport infrastructure investment and maintenance spending,I,NLD,Netherlands,A,Annual,MNT,Maintenance spending,EUR,Euro,IWW,Waterways,V,Current prices,2009,,693000000,,,,,,0,Units,0,Zero,,
DATAFLOW,OECD.ITF:DSD_INFRINV@DF_INFRINV(1.0),Transport infrastructure investment and maintenance spending,I,NLD,Netherlands,A,Annual,MNT,Maintenance spending,EUR,Euro,IWW,Waterways,V,Current prices,2008,,583000000,,,,,,0,Units,0,Zero,,
DATAFLOW,OECD.ITF:DSD_INFRINV@DF_INFRINV(1.0),Transport infrastructure investment and maintenance spending,I,NLD,Netherlands,A,Annual,MNT,Maintenance spending,EUR,Euro,IWW,Waterways,V,Current prices,2007,,492000000,,,,,,0,Units,0,Zero,,
DATAFLOW,OECD.ITF:DSD_INFRINV@DF_INFRINV(1.0),Transport infrastructure investment and maintenance spending,I,NLD,Netherlands,A,Annual,MNT,Maintenance spending,EUR,Euro,IWW,Waterways,V,Current prices,2006,,377000000,,,,,,0,Units,0,Zero,,
DATAFLOW,OECD.ITF:DSD_INFRINV@DF_INFRINV(1.0),Transport infrastructure investment and maintenance spending,I,NLD,Netherlands,A,Annual,MNT,Maintenance spending,EUR,Euro,IWW,Waterways,V,Current prices,2005,,604000000,,,,,,0,Units,0,Zero,,
DATAFLOW,OECD.ITF:DSD_INFRINV@DF_INFRINV(1.0),Transport infrastructure investment and maintenance spending,I,NLD,Netherlands,A,Annual,MNT,Maintenance spending,EUR,Euro,IWW,Waterways,V,Current prices,2004,,289000000,,,,,,0,Units,0,Zero,,
DATAFLOW,OECD.ITF:DSD_INFRINV@DF_INFRINV(1.0),Transport infrastructure investment and maintenance spending,I,NLD,Netherlands,A,Annual,MNT,Maintenance spending,EUR,Euro,IWW,Waterways,V,Current prices,2003,,410000000,,,,,,0,Units,0,Zero,,
DATAFLOW,OECD.ITF:DSD_INFRINV@DF_INFRINV(1.0),Transport infrastructure investment and maintenance spending,I,NLD,Netherlands,A,Annual,MNT,Maintenance spending,EUR,Euro,IWW,Waterways,V,Current prices,2002,,441000000,,,,,,0,Units,0,Zero,,
DATAFLOW,OECD.ITF:DSD_INFRINV@DF_INFRINV(1.0),Transport infrastructure investment and maintenance spending,I,NLD,Netherlands,A,Annual,MNT,Maintenance spending,EUR,Euro,IWW,Waterways,V,Current prices,2001,,334000000,,,,,,0,Units,0,Zero,,
DATAFLOW,OECD.ITF:DSD_INFRINV@DF_INFRINV(1.0),Transport infrastructure investment and maintenance spending,I,NLD,Netherlands,A,Annual,MNT,Maintenance spending,EUR,Euro,IWW,Waterways,V,Current prices,2000,,362000000,,,,,,0,Units,0,Zero,,
DATAFLOW,OECD.ITF:DSD_INFRINV@DF_INFRINV(1.0),Transport infrastructure investment and maintenance spending,I,NLD,Netherlands,A,Annual,MNT,Maintenance spending,EUR,Euro,IWW,Waterways,V,Current prices,1999,,222000000,,,,,,0,Units,0,Zero,,
DATAFLOW,OECD.ITF:DSD_INFRINV@DF_INFRINV(1.0),Transport infrastructure investment and maintenance spending,I,NLD,Netherlands,A,Annual,MNT,Maintenance spending,EUR,Euro,IWW,Waterways,V,Current prices,1998,,357000000,,,,,,0,Units,0,Zero,,
DATAFLOW,OECD.ITF:DSD_INFRINV@DF_INFRINV(1.0),Transport infrastructure investment and maintenance spending,I,NLD,Netherlands,A,Annual,MNT,Maintenance spending,EUR,Euro,IWW,Waterways,V,Current prices,1997,,414000000,,,,,,0,Units,0,Zero,,
DATAFLOW,OECD.ITF:DSD_INFRINV@DF_INFRINV(1.0),Transport infrastructure investment and maintenance spending,I,FRA,France,A,Annual,MNT,Maintenance spending,EUR,Euro,IWW,Waterways,V,Current prices,2022,,354900000,,,,,,0,Units,0,Zero,,
DATAFLOW,OECD.ITF:DSD_INFRINV@DF_INFRINV(1.0),Transport infrastructure investment and maintenance spending,I,FRA,France,A,Annual,MNT,Maintenance spending,EUR,Euro,IWW,Waterways,V,Current prices,2021,,332600000,,,,,,0,Units,0,Zero,,
DATAFLOW,OECD.ITF:DSD_INFRINV@DF_INFRINV(1.0),Transport infrastructure investment and maintenance spending,I,FRA,France,A,Annual,MNT,Maintenance spending,EUR,Euro,IWW,Waterways,V,Current prices,2020,,291400000,,,,,,0,Units,0,Zero,,
DATAFLOW,OECD.ITF:DSD_INFRINV@DF_INFRINV(1.0),Transport infrastructure investment and maintenance spending,I,FRA,France,A,Annual,MNT,Maintenance spending,EUR,Euro,IWW,Waterways,V,Current prices,2019,,252600000,,,,,,0,Units,0,Zero,,
DATAFLOW,OECD.ITF:DSD_INFRINV@DF_INFRINV(1.0),Transport infrastructure investment and maintenance spending,I,FRA,France,A,Annual,MNT,Maintenance spending,EUR,Euro,IWW,Waterways,V,Current prices,2018,,233400000,,,,,,0,Units,0,Zero,,
DATAFLOW,OECD.ITF:DSD_INFRINV@DF_INFRINV(1.0),Transport infrastructure investment and maintenance spending,I,FRA,France,A,Annual,MNT,Maintenance spending,EUR,Euro,IWW,Waterways,V,Current prices,2017,,232000000,,,,,,0,Units,0,Zero,,
DATAFLOW,OECD.ITF:DSD_INFRINV@DF_INFRINV(1.0),Transport infrastructure investment and maintenance spending,I,FRA,France,A,Annual,MNT,Maintenance spending,EUR,Euro,IWW,Waterways,V,Current prices,2016,,220800000,,,,,,0,Units,0,Zero,,
DATAFLOW,OECD.ITF:DSD_INFRINV@DF_INFRINV(1.0),Transport infrastructure investment and maintenance spending,I,FRA,France,A,Annual,MNT,Maintenance spending,EUR,Euro,IWW,Waterways,V,Current prices,2015,,226500000,,,,,,0,Units,0,Zero,,
DATAFLOW,OECD.ITF:DSD_INFRINV@DF_INFRINV(1.0),Transport infrastructure investment and maintenance spending,I,FRA,France,A,Annual,MNT,Maintenance spending,EUR,Euro,IWW,Waterways,V,Current prices,2014,,224500000,,,,,,0,Units,0,Zero,,
DATAFLOW,OECD.ITF:DSD_INFRINV@DF_INFRINV(1.0),Transport infrastructure investment and maintenance spending,I,FRA,France,A,Annual,MNT,Maintenance spending,EUR,Euro,IWW,Waterways,V,Current prices,2013,,226900000,,,,,,0,Units,0,Zero,,
DATAFLOW,OECD.ITF:DSD_INFRINV@DF_INFRINV(1.0),Transport infrastructure investment and maintenance spending,I,FRA,France,A,Annual,MNT,Maintenance spending,EUR,Euro,IWW,Waterways,V,Current prices,2011,,61000000,,,,,,0,Units,0,Zero,,
DATAFLOW,OECD.ITF:DSD_INFRINV@DF_INFRINV(1.0),Transport infrastructure investment and maintenance spending,I,FRA,France,A,Annual,MNT,Maintenance spending,EUR,Euro,IWW,Waterways,V,Current prices,2010,,60000000,,,,,,0,Units,0,Zero,,
DATAFLOW,OECD.ITF:DSD_INFRINV@DF_INFRINV(1.0),Transport infrastructure investment and maintenance spending,I,FRA,France,A,Annual,MNT,Maintenance spending,EUR,Euro,IWW,Waterways,V,Current prices,2009,,61000000,,,,,,0,Units,0,Zero,,
DATAFLOW,OECD.ITF:DSD_INFRINV@DF_INFRINV(1.0),Transport infrastructure investment and maintenance spending,I,FRA,France,A,Annual,MNT,Maintenance spending,EUR,Euro,IWW,Waterways,V,Current prices,2008,,60000000,,,,,,0,Units,0,Zero,,
DATAFLOW,OECD.ITF:DSD_INFRINV@DF_INFRINV(1.0),Transport infrastructure investment and maintenance spending,I,FRA,France,A,Annual,MNT,Maintenance spending,EUR,Euro,IWW,Waterways,V,Current prices,2007,,58000000,,,,,,0,Units,0,Zero,,
DATAFLOW,OECD.ITF:DSD_INFRINV@DF_INFRINV(1.0),Transport infrastructure investment and maintenance spending,I,FRA,France,A,Annual,MNT,Maintenance spending,EUR,Euro,IWW,Waterways,V,Current prices,2006,,61000000,,,,,,0,Units,0,Zero,,
DATAFLOW,OECD.ITF:DSD_INFRINV@DF_INFRINV(1.0),Transport infrastructure investment and maintenance spending,I,FRA,France,A,Annual,MNT,Maintenance spending,EUR,Euro,IWW,Waterways,V,Current prices,2005,,55000000,,,,,,0,Units,0,Zero,,
DATAFLOW,OECD.ITF:DSD_INFRINV@DF_INFRINV(1.0),Transport infrastructure investment and maintenance spending,I,FRA,France,A,Annual,MNT,Maintenance spending,EUR,Euro,IWW,Waterways,V,Current prices,2004,,43000000,,,,,,0,Units,0,Zero,,
DATAFLOW,OECD.ITF:DSD_INFRINV@DF_INFRINV(1.0),Transport infrastructure investment and maintenance spending,I,FRA,France,A,Annual,MNT,Maintenance spending,EUR,Euro,IWW,Waterways,V,Current prices,2003,,48000000,,,,,,0,Units,0,Zero,,
DATAFLOW,OECD.ITF:DSD_INFRINV@DF_INFRINV(1.0),Transport infrastructure investment and maintenance spending,I,FRA,France,A,Annual,MNT,Maintenance spending,EUR,Euro,IWW,Waterways,V,Current prices,2002,,41000000,,,,,,0,Units,0,Zero,,
DATAFLOW,OECD.ITF:DSD_INFRINV@DF_INFRINV(1.0),Transport infrastructure investment and maintenance spending,I,FRA,France,A,Annual,MNT,Maintenance spending,EUR,Euro,IWW,Waterways,V,Current prices,2001,,40000000,,,,,,0,Units,0,Zero,,
DATAFLOW,OECD.ITF:DSD_INFRINV@DF_INFRINV(1.0),Transport infrastructure investment and maintenance spending,I,FRA,France,A,Annual,MNT,Maintenance spending,EUR,Euro,IWW,Waterways,V,Current prices,2000,,46000000,,,,,,0,Units,0,Zero,,
DATAFLOW,OECD.ITF:DSD_INFRINV@DF_INFRINV(1.0),Transport infrastructure investment and maintenance spending,I,FRA,France,A,Annual,MNT,Maintenance spending,EUR,Euro,IWW,Waterways,V,Current prices,1999,,37000000,,,,,,0,Units,0,Zero,,
DATAFLOW,OECD.ITF:DSD_INFRINV@DF_INFRINV(1.0),Transport infrastructure investment and maintenance spending,I,FRA,France,A,Annual,MNT,Maintenance spending,EUR,Euro,IWW,Waterways,V,Current prices,1998,,33000000,,,,,,0,Units,0,Zero,,
DATAFLOW,OECD.ITF:DSD_INFRINV@DF_INFRINV(1.0),Transport infrastructure investment and maintenance spending,I,FRA,France,A,Annual,MNT,Maintenance spending,EUR,Euro,IWW,Waterways,V,Current prices,1997,,33000000,,,,,,0,Units,0,Zero,,
DATAFLOW,OECD.ITF:DSD_INFRINV@DF_INFRINV(1.0),Transport infrastructure investment and maintenance spending,I,FRA,France,A,Annual,MNT,Maintenance spending,EUR,Euro,IWW,Waterways,V,Current prices,1996,,26000000,,,,,,0,Units,0,Zero,,
DATAFLOW,OECD.ITF:DSD_INFRINV@DF_INFRINV(1.0),Transport infrastructure investment and maintenance spending,I,FRA,France,A,Annual,MNT,Maintenance spending,EUR,Euro,IWW,Waterways,V,Current prices,1995,,24000000,,,,,,0,Units,0,Zero,,
DATAFLOW,OECD.ITF:DSD_INFRINV@DF_INFRINV(1.0),Transport infrastructure investment and maintenance spending,I,BEL,Belgium,A,Annual,MNT,Maintenance spending,EUR,Euro,IWW,Waterways,V,Current prices,2023,,91000000,,,,,,0,Units,0,Zero,,
DATAFLOW,OECD.ITF:DSD_INFRINV@DF_INFRINV(1.0),Transport infrastructure investment and maintenance spending,I,BEL,Belgium,A,Annual,MNT,Maintenance spending,EUR,Euro,IWW,Waterways,V,Current prices,2022,,66000000,,,,,,0,Units,0,Zero,,
DATAFLOW,OECD.ITF:DSD_INFRINV@DF_INFRINV(1.0),Transport infrastructure investment and maintenance spending,I,BEL,Belgium,A,Annual,MNT,Maintenance spending,EUR,Euro,IWW,Waterways,V,Current prices,2021,,94000000,,,,,,0,Units,0,Zero,,
DATAFLOW,OECD.ITF:DSD_INFRINV@DF_INFRINV(1.0),Transport infrastructure investment and maintenance spending,I,BEL,Belgium,A,Annual,MNT,Maintenance spending,EUR,Euro,IWW,Waterways,V,Current prices,2020,,55000000,,,,,,0,Units,0,Zero,,
DATAFLOW,OECD.ITF:DSD_INFRINV@DF_INFRINV(1.0),Transport infrastructure investment and maintenance spending,I,BEL,Belgium,A,Annual,MNT,Maintenance spending,EUR,Euro,IWW,Waterways,V,Current prices,2019,,61000000,,,,,,0,Units,0,Zero,,
DATAFLOW,OECD.ITF:DSD_INFRINV@DF_INFRINV(1.0),Transport infrastructure investment and maintenance spending,I,BEL,Belgium,A,Annual,MNT,Maintenance spending,EUR,Euro,IWW,Waterways,V,Current prices,2018,,60000000,,,,,,0,Units,0,Zero,,
DATAFLOW,OECD.ITF:DSD_INFRINV@DF_INFRINV(1.0),Transport infrastructure investment and maintenance spending,I,BEL,Belgium,A,Annual,MNT,Maintenance spending,EUR,Euro,IWW,Waterways,V,Current prices,2017,,87460000,,,,,,0,Units,0,Zero,,
DATAFLOW,OECD.ITF:DSD_INFRINV@DF_INFRINV(1.0),Transport infrastructure investment and maintenance spending,I,BEL,Belgium,A,Annual,MNT,Maintenance spending,EUR,Euro,IWW,Waterways,V,Current prices,2016,,103000000,,,,,,0,Units,0,Zero,,
DATAFLOW,OECD.ITF:DSD_INFRINV@DF_INFRINV(1.0),Transport infrastructure investment and maintenance spending,I,BEL,Belgium,A,Annual,MNT,Maintenance spending,EUR,Euro,IWW,Waterways,V,Current prices,2015,,82000000,,,,,,0,Units,0,Zero,,
DATAFLOW,OECD.ITF:DSD_INFRINV@DF_INFRINV(1.0),Transport infrastructure investment and maintenance spending,I,BEL,Belgium,A,Annual,MNT,Maintenance spending,EUR,Euro,IWW,Waterways,V,Current prices,2014,,27000000,,,,,,0,Units,0,Zero,,
DATAFLOW,OECD.ITF:DSD_INFRINV@DF_INFRINV(1.0),Transport infrastructure investment and maintenance spending,I,BEL,Belgium,A,Annual,MNT,Maintenance spending,EUR,Euro,IWW,Waterways,V,Current prices,2013,,66000000,,,,,,0,Units,0,Zero,,
DATAFLOW,OECD.ITF:DSD_INFRINV@DF_INFRINV(1.0),Transport infrastructure investment and maintenance spending,I,BEL,Belgium,A,Annual,MNT,Maintenance spending,EUR,Euro,IWW,Waterways,V,Current prices,2012,,71000000,,,,,,0,Units,0,Zero,,
DATAFLOW,OECD.ITF:DSD_INFRINV@DF_INFRINV(1.0),Transport infrastructure investment and maintenance spending,I,NLD,Netherlands,A,Annual,MNT,Maintenance spending,EUR,Euro,ROAD,Road,V,Current prices,2011,,778015026,,,,,,0,Units,0,Zero,,
DATAFLOW,OECD.ITF:DSD_INFRINV@DF_INFRINV(1.0),Transport infrastructure investment and maintenance spending,I,NLD,Netherlands,A,Annual,MNT,Maintenance spending,EUR,Euro,ROAD,Road,V,Current prices,2010,,1209000000,,,,,,0,Units,0,Zero,,
DATAFLOW,OECD.ITF:DSD_INFRINV@DF_INFRINV(1.0),Transport infrastructure investment and maintenance spending,I,NLD,Netherlands,A,Annual,MNT,Maintenance spending,EUR,Euro,ROAD,Road,V,Current prices,2009,,827000000,,,,,,0,Units,0,Zero,,
DATAFLOW,OECD.ITF:DSD_INFRINV@DF_INFRINV(1.0),Transport infrastructure investment and maintenance spending,I,NLD,Netherlands,A,Annual,MNT,Maintenance spending,EUR,Euro,ROAD,Road,V,Current prices,2008,,1231000000,,,,,,0,Units,0,Zero,,
DATAFLOW,OECD.ITF:DSD_INFRINV@DF_INFRINV(1.0),Transport infrastructure investment and maintenance spending,I,NLD,Netherlands,A,Annual,MNT,Maintenance spending,EUR,Euro,ROAD,Road,V,Current prices,2007,,1091000000,,,,,,0,Units,0,Zero,,
DATAFLOW,OECD.ITF:DSD_INFRINV@DF_INFRINV(1.0),Transport infrastructure investment and maintenance spending,I,NLD,Netherlands,A,Annual,MNT,Maintenance spending,EUR,Euro,ROAD,Road,V,Current prices,2006,,1040000000,,,,,,0,Units,0,Zero,,
DATAFLOW,OECD.ITF:DSD_INFRINV@DF_INFRINV(1.0),Transport infrastructure investment and maintenance spending,I,NLD,Netherlands,A,Annual,MNT,Maintenance spending,EUR,Euro,ROAD,Road,V,Current prices,2005,,725000000,,,,,,0,Units,0,Zero,,
DATAFLOW,OECD.ITF:DSD_INFRINV@DF_INFRINV(1.0),Transport infrastructure investment and maintenance spending,I,NLD,Netherlands,A,Annual,MNT,Maintenance spending,EUR,Euro,ROAD,Road,V,Current prices,2004,,611000000,,,,,,0,Units,0,Zero,,
DATAFLOW,OECD.ITF:DSD_INFRINV@DF_INFRINV(1.0),Transport infrastructure investment and maintenance spending,I,NLD,Netherlands,A,Annual,MNT,Maintenance spending,EUR,Euro,ROAD,Road,V,Current prices,2003,,587000000,,,,,,0,Units,0,Zero,,
DATAFLOW,OECD.ITF:DSD_INFRINV@DF_INFRINV(1.0),Transport infrastructure investment and maintenance spending,I,NLD,Netherlands,A,Annual,MNT,Maintenance spending,EUR,Euro,ROAD,Road,V,Current prices,2002,,639000000,,,,,,0,Units,0,Zero,,
DATAFLOW,OECD.ITF:DSD_INFRINV@DF_INFRINV(1.0),Transport infrastructure investment and maintenance spending,I,NLD,Netherlands,A,Annual,MNT,Maintenance spending,EUR,Euro,ROAD,Road,V,Current prices,2001,,549000000,,,,,,0,Units,0,Zero,,
DATAFLOW,OECD.ITF:DSD_INFRINV@DF_INFRINV(1.0),Transport infrastructure investment and maintenance spending,I,NLD,Netherlands,A,Annual,MNT,Maintenance spending,EUR,Euro,ROAD,Road,V,Current prices,2000,,524000000,,,,,,0,Units,0,Zero,,
DATAFLOW,OECD.ITF:DSD_INFRINV@DF_INFRINV(1.0),Transport infrastructure investment and maintenance spending,I,NLD,Netherlands,A,Annual,MNT,Maintenance spending,EUR,Euro,ROAD,Road,V,Current prices,1999,,521000000,,,,,,0,Units,0,Zero,,
DATAFLOW,OECD.ITF:DSD_INFRINV@DF_INFRINV(1.0),Transport infrastructure investment and maintenance spending,I,NLD,Netherlands,A,Annual,MNT,Maintenance spending,EUR,Euro,ROAD,Road,V,Current prices,1998,,494000000,,,,,,0,Units,0,Zero,,
DATAFLOW,OECD.ITF:DSD_INFRINV@DF_INFRINV(1.0),Transport infrastructure investment and maintenance spending,I,NLD,Netherlands,A,Annual,MNT,Maintenance spending,EUR,Euro,ROAD,Road,V,Current prices,1997,,475000000,,,,,,0,Units,0,Zero,,
DATAFLOW,OECD.ITF:DSD_INFRINV@DF_INFRINV(1.0),Transport infrastructure investment and maintenance spending,I,FRA,France,A,Annual,MNT,Maintenance spending,EUR,Euro,ROAD,Road,V,Current prices,2022,,3033950000,,,,,,0,Units,0,Zero,,
DATAFLOW,OECD.ITF:DSD_INFRINV@DF_INFRINV(1.0),Transport infrastructure investment and maintenance spending,I,FRA,France,A,Annual,MNT,Maintenance spending,EUR,Euro,ROAD,Road,V,Current prices,2021,,2926850000,,,,,,0,Units,0,Zero,,
DATAFLOW,OECD.ITF:DSD_INFRINV@DF_INFRINV(1.0),Transport infrastructure investment and maintenance spending,I,FRA,France,A,Annual,MNT,Maintenance spending,EUR,Euro,ROAD,Road,V,Current prices,2020,,2703244000,,,,,,0,Units,0,Zero,,
DATAFLOW,OECD.ITF:DSD_INFRINV@DF_INFRINV(1.0),Transport infrastructure investment and maintenance spending,I,FRA,France,A,Annual,MNT,Maintenance spending,EUR,Euro,ROAD,Road,V,Current prices,2019,,2838173000,,,,,,0,Units,0,Zero,,
DATAFLOW,OECD.ITF:DSD_INFRINV@DF_INFRINV(1.0),Transport infrastructure investment and maintenance spending,I,FRA,France,A,Annual,MNT,Maintenance spending,EUR,Euro,ROAD,Road,V,Current prices,2018,,2793973000,,,,,,0,Units,0,Zero,,
DATAFLOW,OECD.ITF:DSD_INFRINV@DF_INFRINV(1.0),Transport infrastructure investment and maintenance spending,I,FRA,France,A,Annual,MNT,Maintenance spending,EUR,Euro,ROAD,Road,V,Current prices,2017,,2604220000,,,,,,0,Units,0,Zero,,
DATAFLOW,OECD.ITF:DSD_INFRINV@DF_INFRINV(1.0),Transport infrastructure investment and maintenance spending,I,FRA,France,A,Annual,MNT,Maintenance spending,EUR,Euro,ROAD,Road,V,Current prices,2016,,2671590000,,,,,,0,Units,0,Zero,,
DATAFLOW,OECD.ITF:DSD_INFRINV@DF_INFRINV(1.0),Transport infrastructure investment and maintenance spending,I,FRA,France,A,Annual,MNT,Maintenance spending,EUR,Euro,ROAD,Road,V,Current prices,2015,,2840890000,,,,,,0,Units,0,Zero,,
DATAFLOW,OECD.ITF:DSD_INFRINV@DF_INFRINV(1.0),Transport infrastructure investment and maintenance spending,I,FRA,France,A,Annual,MNT,Maintenance spending,EUR,Euro,ROAD,Road,V,Current prices,2014,,3008610000,,,,,,0,Units,0,Zero,,
DATAFLOW,OECD.ITF:DSD_INFRINV@DF_INFRINV(1.0),Transport infrastructure investment and maintenance spending,I,FRA,France,A,Annual,MNT,Maintenance spending,EUR,Euro,ROAD,Road,V,Current prices,2013,,3145370000,,,,,,0,Units,0,Zero,,
DATAFLOW,OECD.ITF:DSD_INFRINV@DF_INFRINV(1.0),Transport infrastructure investment and maintenance spending,I,FRA,France,A,Annual,MNT,Maintenance spending,EUR,Euro,ROAD,Road,V,Current prices,2011,,2746000000,,,,,,0,Units,0,Zero,,
DATAFLOW,OECD.ITF:DSD_INFRINV@DF_INFRINV(1.0),Transport infrastructure investment and maintenance spending,I,FRA,France,A,Annual,MNT,Maintenance spending,EUR,Euro,ROAD,Road,V,Current prices,2010,,2431000000,,,,,,0,Units,0,Zero,,
DATAFLOW,OECD.ITF:DSD_INFRINV@DF_INFRINV(1.0),Transport infrastructure investment and maintenance spending,I,FRA,France,A,Annual,MNT,Maintenance spending,EUR,Euro,ROAD,Road,V,Current prices,2009,,2601000000,,,,,,0,Units,0,Zero,,
DATAFLOW,OECD.ITF:DSD_INFRINV@DF_INFRINV(1.0),Transport infrastructure investment and maintenance spending,I,FRA,France,A,Annual,MNT,Maintenance spending,EUR,Euro,ROAD,Road,V,Current prices,2008,,2286000000,,,,,,0,Units,0,Zero,,
DATAFLOW,OECD.ITF:DSD_INFRINV@DF_INFRINV(1.0),Transport infrastructure investment and maintenance spending,I,FRA,France,A,Annual,MNT,Maintenance spending,EUR,Euro,ROAD,Road,V,Current prices,2007,,2294000000,,,,,,0,Units,0,Zero,,
DATAFLOW,OECD.ITF:DSD_INFRINV@DF_INFRINV(1.0),Transport infrastructure investment and maintenance spending,I,FRA,France,A,Annual,MNT,Maintenance spending,EUR,Euro,ROAD,Road,V,Current prices,2006,,2235000000,,,,,,0,Units,0,Zero,,
DATAFLOW,OECD.ITF:DSD_INFRINV@DF_INFRINV(1.0),Transport infrastructure investment and maintenance spending,I,FRA,France,A,Annual,MNT,Maintenance spending,EUR,Euro,ROAD,Road,V,Current prices,2004,,239000000,,,,,,0,Units,0,Zero,,
DATAFLOW,OECD.ITF:DSD_INFRINV@DF_INFRINV(1.0),Transport infrastructure investment and maintenance spending,I,FRA,France,A,Annual,MNT,Maintenance spending,EUR,Euro,ROAD,Road,V,Current prices,2003,,239000000,,,,,,0,Units,0,Zero,,
DATAFLOW,OECD.ITF:DSD_INFRINV@DF_INFRINV(1.0),Transport infrastructure investment and maintenance spending,I,FRA,France,A,Annual,MNT,Maintenance spending,EUR,Euro,ROAD,Road,V,Current prices,2002,,233000000,,,,,,0,Units,0,Zero,,
DATAFLOW,OECD.ITF:DSD_INFRINV@DF_INFRINV(1.0),Transport infrastructure investment and maintenance spending,I,FRA,France,A,Annual,MNT,Maintenance spending,EUR,Euro,ROAD,Road,V,Current prices,2001,,221000000,,,,,,0,Units,0,Zero,,
DATAFLOW,OECD.ITF:DSD_INFRINV@DF_INFRINV(1.0),Transport infrastructure investment and maintenance spending,I,FRA,France,A,Annual,MNT,Maintenance spending,EUR,Euro,ROAD,Road,V,Current prices,2000,,228000000,,,,,,0,Units,0,Zero,,
DATAFLOW,OECD.ITF:DSD_INFRINV@DF_INFRINV(1.0),Transport infrastructure investment and maintenance spending,I,FRA,France,A,Annual,MNT,Maintenance spending,EUR,Euro,ROAD,Road,V,Current prices,1999,,210000000,,,,,,0,Units,0,Zero,,
DATAFLOW,OECD.ITF:DSD_INFRINV@DF_INFRINV(1.0),Transport infrastructure investment and maintenance spending,I,FRA,France,A,Annual,MNT,Maintenance spending,EUR,Euro,ROAD,Road,V,Current prices,1998,,185000000,,,,,,0,Units,0,Zero,,
DATAFLOW,OECD.ITF:DSD_INFRINV@DF_INFRINV(1.0),Transport infrastructure investment and maintenance spending,I,FRA,France,A,Annual,MNT,Maintenance spending,EUR,Euro,ROAD,Road,V,Current prices,1997,,186000000,,,,,,0,Units,0,Zero,,
DATAFLOW,OECD.ITF:DSD_INFRINV@DF_INFRINV(1.0),Transport infrastructure investment and maintenance spending,I,FRA,France,A,Annual,MNT,Maintenance spending,EUR,Euro,ROAD,Road,V,Current prices,1996,,180000000,,,,,,0,Units,0,Zero,,
DATAFLOW,OECD.ITF:DSD_INFRINV@DF_INFRINV(1.0),Transport infrastructure investment and maintenance spending,I,FRA,France,A,Annual,MNT,Maintenance spending,EUR,Euro,ROAD,Road,V,Current prices,1995,,178000000,,,,,,0,Units,0,Zero,,
DATAFLOW,OECD.ITF:DSD_INFRINV@DF_INFRINV(1.0),Transport infrastructure investment and maintenance spending,I,BEL,Belgium,A,Annual,MNT,Maintenance spending,EUR,Euro,ROAD,Road,V,Current prices,2023,,313000000,,,,,,0,Units,0,Zero,,
DATAFLOW,OECD.ITF:DSD_INFRINV@DF_INFRINV(1.0),Transport infrastructure investment and maintenance spending,I,BEL,Belgium,A,Annual,MNT,Maintenance spending,EUR,Euro,ROAD,Road,V,Current prices,2022,,287000000,,,,,,0,Units,0,Zero,,
DATAFLOW,OECD.ITF:DSD_INFRINV@DF_INFRINV(1.0),Transport infrastructure investment and maintenance spending,I,BEL,Belgium,A,Annual,MNT,Maintenance spending,EUR,Euro,ROAD,Road,V,Current prices,2021,,498000000,,,,,,0,Units,0,Zero,,
DATAFLOW,OECD.ITF:DSD_INFRINV@DF_INFRINV(1.0),Transport infrastructure investment and maintenance spending,I,BEL,Belgium,A,Annual,MNT,Maintenance spending,EUR,Euro,ROAD,Road,V,Current prices,2020,,155000000,,,,,,0,Units,0,Zero,,
DATAFLOW,OECD.ITF:DSD_INFRINV@DF_INFRINV(1.0),Transport infrastructure investment and maintenance spending,I,BEL,Belgium,A,Annual,MNT,Maintenance spending,EUR,Euro,ROAD,Road,V,Current prices,2019,,213000000,,,,,,0,Units,0,Zero,,
DATAFLOW,OECD.ITF:DSD_INFRINV@DF_INFRINV(1.0),Transport infrastructure investment and maintenance spending,I,BEL,Belgium,A,Annual,MNT,Maintenance spending,EUR,Euro,ROAD,Road,V,Current prices,2018,,216000000,,,,,,0,Units,0,Zero,,
DATAFLOW,OECD.ITF:DSD_INFRINV@DF_INFRINV(1.0),Transport infrastructure investment and maintenance spending,I,BEL,Belgium,A,Annual,MNT,Maintenance spending,EUR,Euro,ROAD,Road,V,Current prices,2016,,528000000,,,,,,0,Units,0,Zero,,
DATAFLOW,OECD.ITF:DSD_INFRINV@DF_INFRINV(1.0),Transport infrastructure investment and maintenance spending,I,BEL,Belgium,A,Annual,MNT,Maintenance spending,EUR,Euro,ROAD,Road,V,Current prices,2015,,457000000,,,,,,0,Units,0,Zero,,
DATAFLOW,OECD.ITF:DSD_INFRINV@DF_INFRINV(1.0),Transport infrastructure investment and maintenance spending,I,BEL,Belgium,A,Annual,MNT,Maintenance spending,EUR,Euro,ROAD,Road,V,Current prices,2014,,206000000,,,,,,0,Units,0,Zero,,
DATAFLOW,OECD.ITF:DSD_INFRINV@DF_INFRINV(1.0),Transport infrastructure investment and maintenance spending,I,BEL,Belgium,A,Annual,MNT,Maintenance spending,EUR,Euro,ROAD,Road,V,Current prices,2013,,147000000,,,,,,0,Units,0,Zero,,
DATAFLOW,OECD.ITF:DSD_INFRINV@DF_INFRINV(1.0),Transport infrastructure investment and maintenance spending,I,BEL,Belgium,A,Annual,MNT,Maintenance spending,EUR,Euro,ROAD,Road,V,Current prices,2012,,145000000,,,,,,0,Units,0,Zero,,
DATAFLOW,OECD.ITF:DSD_INFRINV@DF_INFRINV(1.0),Transport infrastructure investment and maintenance spending,I,BEL,Belgium,A,Annual,MNT,Maintenance spending,EUR,Euro,ROAD,Road,V,Current prices,2011,,156000000,,,,,,0,Units,0,Zero,,
DATAFLOW,OECD.ITF:DSD_INFRINV@DF_INFRINV(1.0),Transport infrastructure investment and maintenance spending,I,BEL,Belgium,A,Annual,MNT,Maintenance spending,EUR,Euro,ROAD,Road,V,Current prices,2010,,184000000,,,,,,0,Units,0,Zero,,
DATAFLOW,OECD.ITF:DSD_INFRINV@DF_INFRINV(1.0),Transport infrastructure investment and maintenance spending,I,BEL,Belgium,A,Annual,MNT,Maintenance spending,EUR,Euro,ROAD,Road,V,Current prices,2009,,111000000,,,,,,0,Units,0,Zero,,
DATAFLOW,OECD.ITF:DSD_INFRINV@DF_INFRINV(1.0),Transport infrastructure investment and maintenance spending,I,BEL,Belgium,A,Annual,MNT,Maintenance spending,EUR,Euro,ROAD,Road,V,Current prices,2008,,102000000,,,,,,0,Units,0,Zero,,
DATAFLOW,OECD.ITF:DSD_INFRINV@DF_INFRINV(1.0),Transport infrastructure investment and maintenance spending,I,BEL,Belgium,A,Annual,MNT,Maintenance spending,EUR,Euro,ROAD,Road,V,Current prices,2007,,94000000,,,,,,0,Units,0,Zero,,
DATAFLOW,OECD.ITF:DSD_INFRINV@DF_INFRINV(1.0),Transport infrastructure investment and maintenance spending,I,BEL,Belgium,A,Annual,MNT,Maintenance spending,EUR,Euro,ROAD,Road,V,Current prices,2006,,104000000,,,,,,0,Units,0,Zero,,
DATAFLOW,OECD.ITF:DSD_INFRINV@DF_INFRINV(1.0),Transport infrastructure investment and maintenance spending,I,BEL,Belgium,A,Annual,MNT,Maintenance spending,EUR,Euro,ROAD,Road,V,Current prices,2005,,80000000,,,,,,0,Units,0,Zero,,
DATAFLOW,OECD.ITF:DSD_INFRINV@DF_INFRINV(1.0),Transport infrastructure investment and maintenance spending,I,BEL,Belgium,A,Annual,MNT,Maintenance spending,EUR,Euro,ROAD,Road,V,Current prices,2004,,77000000,,,,,,0,Units,0,Zero,,
DATAFLOW,OECD.ITF:DSD_INFRINV@DF_INFRINV(1.0),Transport infrastructure investment and maintenance spending,I,BEL,Belgium,A,Annual,MNT,Maintenance spending,EUR,Euro,ROAD,Road,V,Current prices,2003,,73000000,,,,,,0,Units,0,Zero,,
DATAFLOW,OECD.ITF:DSD_INFRINV@DF_INFRINV(1.0),Transport infrastructure investment and maintenance spending,I,BEL,Belgium,A,Annual,MNT,Maintenance spending,EUR,Euro,ROAD,Road,V,Current prices,2002,,68000000,,,,,,0,Units,0,Zero,,
DATAFLOW,OECD.ITF:DSD_INFRINV@DF_INFRINV(1.0),Transport infrastructure investment and maintenance spending,I,BEL,Belgium,A,Annual,MNT,Maintenance spending,EUR,Euro,ROAD,Road,V,Current prices,2001,,62000000,,,,,,0,Units,0,Zero,,
DATAFLOW,OECD.ITF:DSD_INFRINV@DF_INFRINV(1.0),Transport infrastructure investment and maintenance spending,I,BEL,Belgium,A,Annual,MNT,Maintenance spending,EUR,Euro,ROAD,Road,V,Current prices,2000,,59000000,,,,,,0,Units,0,Zero,,
DATAFLOW,OECD.ITF:DSD_INFRINV@DF_INFRINV(1.0),Transport infrastructure investment and maintenance spending,I,BEL,Belgium,A,Annual,MNT,Maintenance spending,EUR,Euro,ROAD,Road,V,Current prices,1999,,58000000,,,,,,0,Units,0,Zero,,
DATAFLOW,OECD.ITF:DSD_INFRINV@DF_INFRINV(1.0),Transport infrastructure investment and maintenance spending,I,BEL,Belgium,A,Annual,MNT,Maintenance spending,EUR,Euro,ROAD,Road,V,Current prices,1998,,52000000,,,,,,0,Units,0,Zero,,
DATAFLOW,OECD.ITF:DSD_INFRINV@DF_INFRINV(1.0),Transport infrastructure investment and maintenance spending,I,BEL,Belgium,A,Annual,MNT,Maintenance spending,EUR,Euro,ROAD,Road,V,Current prices,1997,,60000000,,,,,,0,Units,0,Zero,,
DATAFLOW,OECD.ITF:DSD_INFRINV@DF_INFRINV(1.0),Transport infrastructure investment and maintenance spending,I,BEL,Belgium,A,Annual,MNT,Maintenance spending,EUR,Euro,ROAD,Road,V,Current prices,1996,,63000000,,,,,,0,Units,0,Zero,,
DATAFLOW,OECD.ITF:DSD_INFRINV@DF_INFRINV(1.0),Transport infrastructure investment and maintenance spending,I,BEL,Belgium,A,Annual,MNT,Maintenance spending,EUR,Euro,ROAD,Road,V,Current prices,1995,,58000000,,,,,,0,Units,0,Zero,,
DATAFLOW,OECD.ITF:DSD_INFRINV@DF_INFRINV(1.0),Transport infrastructure investment and maintenance spending,I,NLD,Netherlands,A,Annual,MNT,Maintenance spending,EUR,Euro,RAIL,Rail,V,Current prices,2023,,1131209839,,,,,,0,Units,0,Zero,,
DATAFLOW,OECD.ITF:DSD_INFRINV@DF_INFRINV(1.0),Transport infrastructure investment and maintenance spending,I,NLD,Netherlands,A,Annual,MNT,Maintenance spending,EUR,Euro,RAIL,Rail,V,Current prices,2022,,993268903.5,,,,,,0,Units,0,Zero,,
DATAFLOW,OECD.ITF:DSD_INFRINV@DF_INFRINV(1.0),Transport infrastructure investment and maintenance spending,I,NLD,Netherlands,A,Annual,MNT,Maintenance spending,EUR,Euro,RAIL,Rail,V,Current prices,2021,,1000621567,,,,,,0,Units,0,Zero,,
DATAFLOW,OECD.ITF:DSD_INFRINV@DF_INFRINV(1.0),Transport infrastructure investment and maintenance spending,I,NLD,Netherlands,A,Annual,MNT,Maintenance spending,EUR,Euro,RAIL,Rail,V,Current prices,2020,,942265206.9,,,,,,0,Units,0,Zero,,
DATAFLOW,OECD.ITF:DSD_INFRINV@DF_INFRINV(1.0),Transport infrastructure investment and maintenance spending,I,NLD,Netherlands,A,Annual,MNT,Maintenance spending,EUR,Euro,RAIL,Rail,V,Current prices,2019,,879815961.9,,,,,,0,Units,0,Zero,,
DATAFLOW,OECD.ITF:DSD_INFRINV@DF_INFRINV(1.0),Transport infrastructure investment and maintenance spending,I,NLD,Netherlands,A,Annual,MNT,Maintenance spending,EUR,Euro,RAIL,Rail,V,Current prices,2018,,892639101.9,,,,,,0,Units,0,Zero,,
DATAFLOW,OECD.ITF:DSD_INFRINV@DF_INFRINV(1.0),Transport infrastructure investment and maintenance spending,I,NLD,Netherlands,A,Annual,MNT,Maintenance spending,EUR,Euro,RAIL,Rail,V,Current prices,2017,,940186688.3,,,,,,0,Units,0,Zero,,
DATAFLOW,OECD.ITF:DSD_INFRINV@DF_INFRINV(1.0),Transport infrastructure investment and maintenance spending,I,NLD,Netherlands,A,Annual,MNT,Maintenance spending,EUR,Euro,RAIL,Rail,V,Current prices,2016,,1010994338,,,,,,0,Units,0,Zero,,
DATAFLOW,OECD.ITF:DSD_INFRINV@DF_INFRINV(1.0),Transport infrastructure investment and maintenance spending,I,NLD,Netherlands,A,Annual,MNT,Maintenance spending,EUR,Euro,RAIL,Rail,V,Current prices,2015,,957460413.1,,,,,,0,Units,0,Zero,,
DATAFLOW,OECD.ITF:DSD_INFRINV@DF_INFRINV(1.0),Transport infrastructure investment and maintenance spending,I,NLD,Netherlands,A,Annual,MNT,Maintenance spending,EUR,Euro,RAIL,Rail,V,Current prices,2014,,973213767.4,,,,,,0,Units,0,Zero,,
DATAFLOW,OECD.ITF:DSD_INFRINV@DF_INFRINV(1.0),Transport infrastructure investment and maintenance spending,I,NLD,Netherlands,A,Annual,MNT,Maintenance spending,EUR,Euro,RAIL,Rail,V,Current prices,2013,,980570656,,,,,,0,Units,0,Zero,,
DATAFLOW,OECD.ITF:DSD_INFRINV@DF_INFRINV(1.0),Transport infrastructure investment and maintenance spending,I,NLD,Netherlands,A,Annual,MNT,Maintenance spending,EUR,Euro,RAIL,Rail,V,Current prices,2012,,1018226373,,,,,,0,Units,0,Zero,,
DATAFLOW,OECD.ITF:DSD_INFRINV@DF_INFRINV(1.0),Transport infrastructure investment and maintenance spending,I,NLD,Netherlands,A,Annual,MNT,Maintenance spending,EUR,Euro,RAIL,Rail,V,Current prices,2011,,1011501046,,,,,,0,Units,0,Zero,,
DATAFLOW,OECD.ITF:DSD_INFRINV@DF_INFRINV(1.0),Transport infrastructure investment and maintenance spending,I,NLD,Netherlands,A,Annual,MNT,Maintenance spending,EUR,Euro,RAIL,Rail,V,Current prices,2010,,1690000000,,,,,,0,Units,0,Zero,,
DATAFLOW,OECD.ITF:DSD_INFRINV@DF_INFRINV(1.0),Transport infrastructure investment and maintenance spending,I,NLD,Netherlands,A,Annual,MNT,Maintenance spending,EUR,Euro,RAIL,Rail,V,Current prices,2009,,1410000000,,,,,,0,Units,0,Zero,,
DATAFLOW,OECD.ITF:DSD_INFRINV@DF_INFRINV(1.0),Transport infrastructure investment and maintenance spending,I,NLD,Netherlands,A,Annual,MNT,Maintenance spending,EUR,Euro,RAIL,Rail,V,Current prices,2008,,1175000000,,,,,,0,Units,0,Zero,,
DATAFLOW,OECD.ITF:DSD_INFRINV@DF_INFRINV(1.0),Transport infrastructure investment and maintenance spending,I,NLD,Netherlands,A,Annual,MNT,Maintenance spending,EUR,Euro,RAIL,Rail,V,Current prices,2007,,1367000000,,,,,,0,Units,0,Zero,,
DATAFLOW,OECD.ITF:DSD_INFRINV@DF_INFRINV(1.0),Transport infrastructure investment and maintenance spending,I,NLD,Netherlands,A,Annual,MNT,Maintenance spending,EUR,Euro,RAIL,Rail,V,Current prices,2006,,1547000000,,,,,,0,Units,0,Zero,,
DATAFLOW,OECD.ITF:DSD_INFRINV@DF_INFRINV(1.0),Transport infrastructure investment and maintenance spending,I,NLD,Netherlands,A,Annual,MNT,Maintenance spending,EUR,Euro,RAIL,Rail,V,Current prices,2005,,1118000000,,,,,,0,Units,0,Zero,,
DATAFLOW,OECD.ITF:DSD_INFRINV@DF_INFRINV(1.0),Transport infrastructure investment and maintenance spending,I,NLD,Netherlands,A,Annual,MNT,Maintenance spending,EUR,Euro,RAIL,Rail,V,Current prices,2004,,1037000000,,,,,,0,Units,0,Zero,,
DATAFLOW,OECD.ITF:DSD_INFRINV@DF_INFRINV(1.0),Transport infrastructure investment and maintenance spending,I,NLD,Netherlands,A,Annual,MNT,Maintenance spending,EUR,Euro,RAIL,Rail,V,Current prices,2003,,912000000,,,,,,0,Units,0,Zero,,
DATAFLOW,OECD.ITF:DSD_INFRINV@DF_INFRINV(1.0),Transport infrastructure investment and maintenance spending,I,NLD,Netherlands,A,Annual,MNT,Maintenance spending,EUR,Euro,RAIL,Rail,V,Current prices,2002,,655000000,,,,,,0,Units,0,Zero,,
DATAFLOW,OECD.ITF:DSD_INFRINV@DF_INFRINV(1.0),Transport infrastructure investment and maintenance spending,I,NLD,Netherlands,A,Annual,MNT,Maintenance spending,EUR,Euro,RAIL,Rail,V,Current prices,2001,,594000000,,,,,,0,Units,0,Zero,,
DATAFLOW,OECD.ITF:DSD_INFRINV@DF_INFRINV(1.0),Transport infrastructure investment and maintenance spending,I,NLD,Netherlands,A,Annual,MNT,Maintenance spending,EUR,Euro,RAIL,Rail,V,Current prices,2000,,604000000,,,,,,0,Units,0,Zero,,
DATAFLOW,OECD.ITF:DSD_INFRINV@DF_INFRINV(1.0),Transport infrastructure investment and maintenance spending,I,NLD,Netherlands,A,Annual,MNT,Maintenance spending,EUR,Euro,RAIL,Rail,V,Current prices,1999,,599000000,,,,,,0,Units,0,Zero,,
DATAFLOW,OECD.ITF:DSD_INFRINV@DF_INFRINV(1.0),Transport infrastructure investment and maintenance spending,I,NLD,Netherlands,A,Annual,MNT,Maintenance spending,EUR,Euro,RAIL,Rail,V,Current prices,1998,,607000000,,,,,,0,Units,0,Zero,,
DATAFLOW,OECD.ITF:DSD_INFRINV@DF_INFRINV(1.0),Transport infrastructure investment and maintenance spending,I,NLD,Netherlands,A,Annual,MNT,Maintenance spending,EUR,Euro,RAIL,Rail,V,Current prices,1997,,635000000,,,,,,0,Units,0,Zero,,
DATAFLOW,OECD.ITF:DSD_INFRINV@DF_INFRINV(1.0),Transport infrastructure investment and maintenance spending,I,FRA,France,A,Annual,MNT,Maintenance spending,EUR,Euro,RAIL,Rail,V,Current prices,2022,,3071381323,,,,,,0,Units,0,Zero,,
DATAFLOW,OECD.ITF:DSD_INFRINV@DF_INFRINV(1.0),Transport infrastructure investment and maintenance spending,I,FRA,France,A,Annual,MNT,Maintenance spending,EUR,Euro,RAIL,Rail,V,Current prices,2021,,3077822950,,,,,,0,Units,0,Zero,,
DATAFLOW,OECD.ITF:DSD_INFRINV@DF_INFRINV(1.0),Transport infrastructure investment and maintenance spending,I,FRA,France,A,Annual,MNT,Maintenance spending,EUR,Euro,RAIL,Rail,V,Current prices,2020,,3185153335,,,,,,0,Units,0,Zero,,
DATAFLOW,OECD.ITF:DSD_INFRINV@DF_INFRINV(1.0),Transport infrastructure investment and maintenance spending,I,FRA,France,A,Annual,MNT,Maintenance spending,EUR,Euro,RAIL,Rail,V,Current prices,2019,,3181879098,,,,,,0,Units,0,Zero,,
DATAFLOW,OECD.ITF:DSD_INFRINV@DF_INFRINV(1.0),Transport infrastructure investment and maintenance spending,I,FRA,France,A,Annual,MNT,Maintenance spending,EUR,Euro,RAIL,Rail,V,Current prices,2018,,2872737959,,,,,,0,Units,0,Zero,,
DATAFLOW,OECD.ITF:DSD_INFRINV@DF_INFRINV(1.0),Transport infrastructure investment and maintenance spending,I,FRA,France,A,Annual,MNT,Maintenance spending,EUR,Euro,RAIL,Rail,V,Current prices,2017,,3381942327,,,,,,0,Units,0,Zero,,
DATAFLOW,OECD.ITF:DSD_INFRINV@DF_INFRINV(1.0),Transport infrastructure investment and maintenance spending,I,FRA,France,A,Annual,MNT,Maintenance spending,EUR,Euro,RAIL,Rail,V,Current prices,2016,,3184899279,,,,,,0,Units,0,Zero,,
DATAFLOW,OECD.ITF:DSD_INFRINV@DF_INFRINV(1.0),Transport infrastructure investment and maintenance spending,I,FRA,France,A,Annual,MNT,Maintenance spending,EUR,Euro,RAIL,Rail,V,Current prices,2015,,3245830000,,,,,,0,Units,0,Zero,,
DATAFLOW,OECD.ITF:DSD_INFRINV@DF_INFRINV(1.0),Transport infrastructure investment and maintenance spending,I,FRA,France,A,Annual,MNT,Maintenance spending,EUR,Euro,RAIL,Rail,V,Current prices,2014,,3115000000,,,,,,0,Units,0,Zero,,
DATAFLOW,OECD.ITF:DSD_INFRINV@DF_INFRINV(1.0),Transport infrastructure investment and maintenance spending,I,FRA,France,A,Annual,MNT,Maintenance spending,EUR,Euro,RAIL,Rail,V,Current prices,2013,,3884000000,,,,,,0,Units,0,Zero,,
DATAFLOW,OECD.ITF:DSD_INFRINV@DF_INFRINV(1.0),Transport infrastructure investment and maintenance spending,I,FRA,France,A,Annual,MNT,Maintenance spending,EUR,Euro,RAIL,Rail,V,Current prices,2012,,3983000000,,,,,,0,Units,0,Zero,,
DATAFLOW,OECD.ITF:DSD_INFRINV@DF_INFRINV(1.0),Transport infrastructure investment and maintenance spending,I,FRA,France,A,Annual,MNT,Maintenance spending,EUR,Euro,RAIL,Rail,V,Current prices,2011,,3804000000,,,,,,0,Units,0,Zero,,
DATAFLOW,OECD.ITF:DSD_INFRINV@DF_INFRINV(1.0),Transport infrastructure investment and maintenance spending,I,FRA,France,A,Annual,MNT,Maintenance spending,EUR,Euro,RAIL,Rail,V,Current prices,2010,,3770000000,,,,,,0,Units,0,Zero,,
DATAFLOW,OECD.ITF:DSD_INFRINV@DF_INFRINV(1.0),Transport infrastructure investment and maintenance spending,I,FRA,France,A,Annual,MNT,Maintenance spending,EUR,Euro,RAIL,Rail,V,Current prices,2009,,3730000000,,,,,,0,Units,0,Zero,,
DATAFLOW,OECD.ITF:DSD_INFRINV@DF_INFRINV(1.0),Transport infrastructure investment and maintenance spending,I,FRA,France,A,Annual,MNT,Maintenance spending,EUR,Euro,RAIL,Rail,V,Current prices,2008,,3672000000,,,,,,0,Units,0,Zero,,
DATAFLOW,OECD.ITF:DSD_INFRINV@DF_INFRINV(1.0),Transport infrastructure investment and maintenance spending,I,FRA,France,A,Annual,MNT,Maintenance spending,EUR,Euro,RAIL,Rail,V,Current prices,2007,,3377000000,,,,,,0,Units,0,Zero,,
DATAFLOW,OECD.ITF:DSD_INFRINV@DF_INFRINV(1.0),Transport infrastructure investment and maintenance spending,I,FRA,France,A,Annual,MNT,Maintenance spending,EUR,Euro,RAIL,Rail,V,Current prices,2006,,3225000000,,,,,,0,Units,0,Zero,,
DATAFLOW,OECD.ITF:DSD_INFRINV@DF_INFRINV(1.0),Transport infrastructure investment and maintenance spending,I,FRA,France,A,Annual,MNT,Maintenance spending,EUR,Euro,RAIL,Rail,V,Current prices,2005,,3568000000,,,,,,0,Units,0,Zero,,
DATAFLOW,OECD.ITF:DSD_INFRINV@DF_INFRINV(1.0),Transport infrastructure investment and maintenance spending,I,FRA,France,A,Annual,MNT,Maintenance spending,EUR,Euro,RAIL,Rail,V,Current prices,2004,,3592000000,,,,,,0,Units,0,Zero,,
DATAFLOW,OECD.ITF:DSD_INFRINV@DF_INFRINV(1.0),Transport infrastructure investment and maintenance spending,I,FRA,France,A,Annual,MNT,Maintenance spending,EUR,Euro,RAIL,Rail,V,Current prices,2003,,3411000000,,,,,,0,Units,0,Zero,,
DATAFLOW,OECD.ITF:DSD_INFRINV@DF_INFRINV(1.0),Transport infrastructure investment and maintenance spending,I,FRA,France,A,Annual,MNT,Maintenance spending,EUR,Euro,RAIL,Rail,V,Current prices,2002,,2914000000,,,,,,0,Units,0,Zero,,
DATAFLOW,OECD.ITF:DSD_INFRINV@DF_INFRINV(1.0),Transport infrastructure investment and maintenance spending,I,FRA,France,A,Annual,MNT,Maintenance spending,EUR,Euro,RAIL,Rail,V,Current prices,2001,,2642000000,,,,,,0,Units,0,Zero,,
DATAFLOW,OECD.ITF:DSD_INFRINV@DF_INFRINV(1.0),Transport infrastructure investment and maintenance spending,I,FRA,France,A,Annual,MNT,Maintenance spending,EUR,Euro,RAIL,Rail,V,Current prices,2000,,2617000000,,,,,,0,Units,0,Zero,,
DATAFLOW,OECD.ITF:DSD_INFRINV@DF_INFRINV(1.0),Transport infrastructure investment and maintenance spending,I,FRA,France,A,Annual,MNT,Maintenance spending,EUR,Euro,RAIL,Rail,V,Current prices,1999,,2622000000,,,,,,0,Units,0,Zero,,
DATAFLOW,OECD.ITF:DSD_INFRINV@DF_INFRINV(1.0),Transport infrastructure investment and maintenance spending,I,FRA,France,A,Annual,MNT,Maintenance spending,EUR,Euro,RAIL,Rail,V,Current prices,1998,,2531000000,,,,,,0,Units,0,Zero,,
DATAFLOW,OECD.ITF:DSD_INFRINV@DF_INFRINV(1.0),Transport infrastructure investment and maintenance spending,I,FRA,France,A,Annual,MNT,Maintenance spending,EUR,Euro,RAIL,Rail,V,Current prices,1997,,2561000000,,,,,,0,Units,0,Zero,,
DATAFLOW,OECD.ITF:DSD_INFRINV@DF_INFRINV(1.0),Transport infrastructure investment and maintenance spending,I,BEL,Belgium,A,Annual,MNT,Maintenance spending,EUR,Euro,RAIL,Rail,V,Current prices,2023,,366000000,,,,,,0,Units,0,Zero,,
DATAFLOW,OECD.ITF:DSD_INFRINV@DF_INFRINV(1.0),Transport infrastructure investment and maintenance spending,I,BEL,Belgium,A,Annual,MNT,Maintenance spending,EUR,Euro,RAIL,Rail,V,Current prices,2022,,335000000,,,,,,0,Units,0,Zero,,
DATAFLOW,OECD.ITF:DSD_INFRINV@DF_INFRINV(1.0),Transport infrastructure investment and maintenance spending,I,BEL,Belgium,A,Annual,MNT,Maintenance spending,EUR,Euro,RAIL,Rail,V,Current prices,2021,,303000000,,,,,,0,Units,0,Zero,,
DATAFLOW,OECD.ITF:DSD_INFRINV@DF_INFRINV(1.0),Transport infrastructure investment and maintenance spending,I,BEL,Belgium,A,Annual,MNT,Maintenance spending,EUR,Euro,RAIL,Rail,V,Current prices,2020,,313000000,,,,,,0,Units,0,Zero,,
DATAFLOW,OECD.ITF:DSD_INFRINV@DF_INFRINV(1.0),Transport infrastructure investment and maintenance spending,I,BEL,Belgium,A,Annual,MNT,Maintenance spending,EUR,Euro,RAIL,Rail,V,Current prices,2019,,320000000,,,,,,0,Units,0,Zero,,
DATAFLOW,OECD.ITF:DSD_INFRINV@DF_INFRINV(1.0),Transport infrastructure investment and maintenance spending,I,BEL,Belgium,A,Annual,MNT,Maintenance spending,EUR,Euro,RAIL,Rail,V,Current prices,2018,,320000000,,,,,,0,Units,0,Zero,,
DATAFLOW,OECD.ITF:DSD_INFRINV@DF_INFRINV(1.0),Transport infrastructure investment and maintenance spending,I,BEL,Belgium,A,Annual,MNT,Maintenance spending,EUR,Euro,RAIL,Rail,V,Current prices,2017,,317000000,,,,,,0,Units,0,Zero,,
DATAFLOW,OECD.ITF:DSD_INFRINV@DF_INFRINV(1.0),Transport infrastructure investment and maintenance spending,I,BEL,Belgium,A,Annual,MNT,Maintenance spending,EUR,Euro,RAIL,Rail,V,Current prices,2016,,311000000,,,,,,0,Units,0,Zero,,
DATAFLOW,OECD.ITF:DSD_INFRINV@DF_INFRINV(1.0),Transport infrastructure investment and maintenance spending,I,BEL,Belgium,A,Annual,MNT,Maintenance spending,EUR,Euro,RAIL,Rail,V,Current prices,2015,,313000000,,,,,,0,Units,0,Zero,,
DATAFLOW,OECD.ITF:DSD_INFRINV@DF_INFRINV(1.0),Transport infrastructure investment and maintenance spending,I,BEL,Belgium,A,Annual,MNT,Maintenance spending,EUR,Euro,RAIL,Rail,V,Current prices,2014,,333000000,,,,,,0,Units,0,Zero,,
DATAFLOW,OECD.ITF:DSD_INFRINV@DF_INFRINV(1.0),Transport infrastructure investment and maintenance spending,I,BEL,Belgium,A,Annual,MNT,Maintenance spending,EUR,Euro,RAIL,Rail,V,Current prices,2013,,329000000,,,,,,0,Units,0,Zero,,
DATAFLOW,OECD.ITF:DSD_INFRINV@DF_INFRINV(1.0),Transport infrastructure investment and maintenance spending,I,BEL,Belgium,A,Annual,MNT,Maintenance spending,EUR,Euro,RAIL,Rail,V,Current prices,2012,,311000000,,,,,,0,Units,0,Zero,,
DATAFLOW,OECD.ITF:DSD_INFRINV@DF_INFRINV(1.0),Transport infrastructure investment and maintenance spending,I,BEL,Belgium,A,Annual,MNT,Maintenance spending,EUR,Euro,RAIL,Rail,V,Current prices,2011,,312000000,,,,,,0,Units,0,Zero,,
DATAFLOW,OECD.ITF:DSD_INFRINV@DF_INFRINV(1.0),Transport infrastructure investment and maintenance spending,I,BEL,Belgium,A,Annual,MNT,Maintenance spending,EUR,Euro,RAIL,Rail,V,Current prices,2010,,295000000,,,,,,0,Units,0,Zero,,
DATAFLOW,OECD.ITF:DSD_INFRINV@DF_INFRINV(1.0),Transport infrastructure investment and maintenance spending,I,BEL,Belgium,A,Annual,MNT,Maintenance spending,EUR,Euro,RAIL,Rail,V,Current prices,1996,,292000000,,,,,,0,Units,0,Zero,,
DATAFLOW,OECD.ITF:DSD_INFRINV@DF_INFRINV(1.0),Transport infrastructure investment and maintenance spending,I,BEL,Belgium,A,Annual,INV,Investment spending,EUR,Euro,RAIL,Rail,V,Current prices,2023,,1148204885,,,,,,0,Units,0,Zero,,
DATAFLOW,OECD.ITF:DSD_INFRINV@DF_INFRINV(1.0),Transport infrastructure investment and maintenance spending,I,BEL,Belgium,A,Annual,INV,Investment spending,EUR,Euro,RAIL,Rail,V,Current prices,2022,,1140000000,,,,,,0,Units,0,Zero,,
DATAFLOW,OECD.ITF:DSD_INFRINV@DF_INFRINV(1.0),Transport infrastructure investment and maintenance spending,I,BEL,Belgium,A,Annual,INV,Investment spending,EUR,Euro,RAIL,Rail,V,Current prices,2021,,1137261091,,,,,,0,Units,0,Zero,,
DATAFLOW,OECD.ITF:DSD_INFRINV@DF_INFRINV(1.0),Transport infrastructure investment and maintenance spending,I,BEL,Belgium,A,Annual,INV,Investment spending,EUR,Euro,RAIL,Rail,V,Current prices,2020,,1008252225,,,,,,0,Units,0,Zero,,
DATAFLOW,OECD.ITF:DSD_INFRINV@DF_INFRINV(1.0),Transport infrastructure investment and maintenance spending,I,BEL,Belgium,A,Annual,INV,Investment spending,EUR,Euro,RAIL,Rail,V,Current prices,2019,,899000000,,,,,,0,Units,0,Zero,,
DATAFLOW,OECD.ITF:DSD_INFRINV@DF_INFRINV(1.0),Transport infrastructure investment and maintenance spending,I,BEL,Belgium,A,Annual,INV,Investment spending,EUR,Euro,RAIL,Rail,V,Current prices,2018,,926000000,,,,,,0,Units,0,Zero,,
DATAFLOW,OECD.ITF:DSD_INFRINV@DF_INFRINV(1.0),Transport infrastructure investment and maintenance spending,I,BEL,Belgium,A,Annual,INV,Investment spending,EUR,Euro,RAIL,Rail,V,Current prices,2017,,880000000,,,,,,0,Units,0,Zero,,
DATAFLOW,OECD.ITF:DSD_INFRINV@DF_INFRINV(1.0),Transport infrastructure investment and maintenance spending,I,BEL,Belgium,A,Annual,INV,Investment spending,EUR,Euro,RAIL,Rail,V,Current prices,2016,,959083668.6,,,,,,0,Units,0,Zero,,
DATAFLOW,OECD.ITF:DSD_INFRINV@DF_INFRINV(1.0),Transport infrastructure investment and maintenance spending,I,BEL,Belgium,A,Annual,INV,Investment spending,EUR,Euro,RAIL,Rail,V,Current prices,2015,,1005993900,,,,,,0,Units,0,Zero,,
DATAFLOW,OECD.ITF:DSD_INFRINV@DF_INFRINV(1.0),Transport infrastructure investment and maintenance spending,I,BEL,Belgium,A,Annual,INV,Investment spending,EUR,Euro,RAIL,Rail,V,Current prices,2013,,1200786096,,,,,,0,Units,0,Zero,,
DATAFLOW,OECD.ITF:DSD_INFRINV@DF_INFRINV(1.0),Transport infrastructure investment and maintenance spending,I,BEL,Belgium,A,Annual,INV,Investment spending,EUR,Euro,RAIL,Rail,V,Current prices,2012,,1333431630,,,,,,0,Units,0,Zero,,
DATAFLOW,OECD.ITF:DSD_INFRINV@DF_INFRINV(1.0),Transport infrastructure investment and maintenance spending,I,BEL,Belgium,A,Annual,INV,Investment spending,EUR,Euro,RAIL,Rail,V,Current prices,2011,,1295066303,,,,,,0,Units,0,Zero,,
DATAFLOW,OECD.ITF:DSD_INFRINV@DF_INFRINV(1.0),Transport infrastructure investment and maintenance spending,I,BEL,Belgium,A,Annual,INV,Investment spending,EUR,Euro,RAIL,Rail,V,Current prices,2010,,1376467073,,,,,,0,Units,0,Zero,,
DATAFLOW,OECD.ITF:DSD_INFRINV@DF_INFRINV(1.0),Transport infrastructure investment and maintenance spending,I,BEL,Belgium,A,Annual,INV,Investment spending,EUR,Euro,RAIL,Rail,V,Current prices,2009,,1404314281,,,,,,0,Units,0,Zero,,
DATAFLOW,OECD.ITF:DSD_INFRINV@DF_INFRINV(1.0),Transport infrastructure investment and maintenance spending,I,BEL,Belgium,A,Annual,INV,Investment spending,EUR,Euro,RAIL,Rail,V,Current prices,2008,,982865787.5,,,,,,0,Units,0,Zero,,
DATAFLOW,OECD.ITF:DSD_INFRINV@DF_INFRINV(1.0),Transport infrastructure investment and maintenance spending,I,BEL,Belgium,A,Annual,INV,Investment spending,EUR,Euro,RAIL,Rail,V,Current prices,2007,,820740802.3,,,,,,0,Units,0,Zero,,
DATAFLOW,OECD.ITF:DSD_INFRINV@DF_INFRINV(1.0),Transport infrastructure investment and maintenance spending,I,BEL,Belgium,A,Annual,INV,Investment spending,EUR,Euro,RAIL,Rail,V,Current prices,2006,,928448430.7,,,,,,0,Units,0,Zero,,
DATAFLOW,OECD.ITF:DSD_INFRINV@DF_INFRINV(1.0),Transport infrastructure investment and maintenance spending,I,BEL,Belgium,A,Annual,INV,Investment spending,EUR,Euro,RAIL,Rail,V,Current prices,2004,,976000000,,,,,,0,Units,0,Zero,,
DATAFLOW,OECD.ITF:DSD_INFRINV@DF_INFRINV(1.0),Transport infrastructure investment and maintenance spending,I,BEL,Belgium,A,Annual,INV,Investment spending,EUR,Euro,RAIL,Rail,V,Current prices,2003,,959000000,,,,,,0,Units,0,Zero,,
DATAFLOW,OECD.ITF:DSD_INFRINV@DF_INFRINV(1.0),Transport infrastructure investment and maintenance spending,I,BEL,Belgium,A,Annual,INV,Investment spending,EUR,Euro,RAIL,Rail,V,Current prices,2002,,1049000000,,,,,,0,Units,0,Zero,,
DATAFLOW,OECD.ITF:DSD_INFRINV@DF_INFRINV(1.0),Transport infrastructure investment and maintenance spending,I,BEL,Belgium,A,Annual,INV,Investment spending,EUR,Euro,RAIL,Rail,V,Current prices,2001,,856000000,,,,,,0,Units,0,Zero,,
DATAFLOW,OECD.ITF:DSD_INFRINV@DF_INFRINV(1.0),Transport infrastructure investment and maintenance spending,I,BEL,Belgium,A,Annual,INV,Investment spending,EUR,Euro,RAIL,Rail,V,Current prices,2000,,1012000000,,,,,,0,Units,0,Zero,,
DATAFLOW,OECD.ITF:DSD_INFRINV@DF_INFRINV(1.0),Transport infrastructure investment and maintenance spending,I,BEL,Belgium,A,Annual,INV,Investment spending,EUR,Euro,RAIL,Rail,V,Current prices,1999,,764000000,,,,,,0,Units,0,Zero,,
DATAFLOW,OECD.ITF:DSD_INFRINV@DF_INFRINV(1.0),Transport infrastructure investment and maintenance spending,I,BEL,Belgium,A,Annual,INV,Investment spending,EUR,Euro,RAIL,Rail,V,Current prices,1998,,637000000,,,,,,0,Units,0,Zero,,
DATAFLOW,OECD.ITF:DSD_INFRINV@DF_INFRINV(1.0),Transport infrastructure investment and maintenance spending,I,BEL,Belgium,A,Annual,INV,Investment spending,EUR,Euro,RAIL,Rail,V,Current prices,1997,,635000000,,,,,,0,Units,0,Zero,,
DATAFLOW,OECD.ITF:DSD_INFRINV@DF_INFRINV(1.0),Transport infrastructure investment and maintenance spending,I,BEL,Belgium,A,Annual,INV,Investment spending,EUR,Euro,RAIL,Rail,V,Current prices,1996,,537000000,,,,,,0,Units,0,Zero,,
DATAFLOW,OECD.ITF:DSD_INFRINV@DF_INFRINV(1.0),Transport infrastructure investment and maintenance spending,I,BEL,Belgium,A,Annual,INV,Investment spending,EUR,Euro,RAIL,Rail,V,Current prices,1995,,668000000,,,,,,0,Units,0,Zero,,
DATAFLOW,OECD.ITF:DSD_INFRINV@DF_INFRINV(1.0),Transport infrastructure investment and maintenance spending,I,NLD,Netherlands,A,Annual,INV,Investment spending,EUR,Euro,IWW,Waterways,V,Current prices,2023,,734325338.7,,,,,,0,Units,0,Zero,,
DATAFLOW,OECD.ITF:DSD_INFRINV@DF_INFRINV(1.0),Transport infrastructure investment and maintenance spending,I,NLD,Netherlands,A,Annual,INV,Investment spending,EUR,Euro,IWW,Waterways,V,Current prices,2022,,810282053.2,,,,,,0,Units,0,Zero,,
DATAFLOW,OECD.ITF:DSD_INFRINV@DF_INFRINV(1.0),Transport infrastructure investment and maintenance spending,I,NLD,Netherlands,A,Annual,INV,Investment spending,EUR,Euro,IWW,Waterways,V,Current prices,2021,,826186364.6,,,,,,0,Units,0,Zero,,
DATAFLOW,OECD.ITF:DSD_INFRINV@DF_INFRINV(1.0),Transport infrastructure investment and maintenance spending,I,NLD,Netherlands,A,Annual,INV,Investment spending,EUR,Euro,IWW,Waterways,V,Current prices,2020,,555662719,,,,,,0,Units,0,Zero,,
DATAFLOW,OECD.ITF:DSD_INFRINV@DF_INFRINV(1.0),Transport infrastructure investment and maintenance spending,I,NLD,Netherlands,A,Annual,INV,Investment spending,EUR,Euro,IWW,Waterways,V,Current prices,2019,,532696610.1,,,,,,0,Units,0,Zero,,
DATAFLOW,OECD.ITF:DSD_INFRINV@DF_INFRINV(1.0),Transport infrastructure investment and maintenance spending,I,NLD,Netherlands,A,Annual,INV,Investment spending,EUR,Euro,IWW,Waterways,V,Current prices,2018,,430544291.1,,,,,,0,Units,0,Zero,,
DATAFLOW,OECD.ITF:DSD_INFRINV@DF_INFRINV(1.0),Transport infrastructure investment and maintenance spending,I,NLD,Netherlands,A,Annual,INV,Investment spending,EUR,Euro,IWW,Waterways,V,Current prices,2017,,511072157,,,,,,0,Units,0,Zero,,
DATAFLOW,OECD.ITF:DSD_INFRINV@DF_INFRINV(1.0),Transport infrastructure investment and maintenance spending,I,NLD,Netherlands,A,Annual,INV,Investment spending,EUR,Euro,IWW,Waterways,V,Current prices,2016,,357860622.8,,,,,,0,Units,0,Zero,,
DATAFLOW,OECD.ITF:DSD_INFRINV@DF_INFRINV(1.0),Transport infrastructure investment and maintenance spending,I,NLD,Netherlands,A,Annual,INV,Investment spending,EUR,Euro,IWW,Waterways,V,Current prices,2015,,578696144.3,,,,,,0,Units,0,Zero,,
DATAFLOW,OECD.ITF:DSD_INFRINV@DF_INFRINV(1.0),Transport infrastructure investment and maintenance spending,I,NLD,Netherlands,A,Annual,INV,Investment spending,EUR,Euro,IWW,Waterways,V,Current prices,2014,,589704589.9,,,,,,0,Units,0,Zero,,
DATAFLOW,OECD.ITF:DSD_INFRINV@DF_INFRINV(1.0),Transport infrastructure investment and maintenance spending,I,NLD,Netherlands,A,Annual,INV,Investment spending,EUR,Euro,IWW,Waterways,V,Current prices,2013,,558626420.3,,,,,,0,Units,0,Zero,,
DATAFLOW,OECD.ITF:DSD_INFRINV@DF_INFRINV(1.0),Transport infrastructure investment and maintenance spending,I,NLD,Netherlands,A,Annual,INV,Investment spending,EUR,Euro,IWW,Waterways,V,Current prices,2012,,470571377.2,,,,,,0,Units,0,Zero,,
DATAFLOW,OECD.ITF:DSD_INFRINV@DF_INFRINV(1.0),Transport infrastructure investment and maintenance spending,I,NLD,Netherlands,A,Annual,INV,Investment spending,EUR,Euro,IWW,Waterways,V,Current prices,2011,,460733154.4,,,,,,0,Units,0,Zero,,
DATAFLOW,OECD.ITF:DSD_INFRINV@DF_INFRINV(1.0),Transport infrastructure investment and maintenance spending,I,NLD,Netherlands,A,Annual,INV,Investment spending,EUR,Euro,IWW,Waterways,V,Current prices,2010,,252000000,,,,,,0,Units,0,Zero,,
DATAFLOW,OECD.ITF:DSD_INFRINV@DF_INFRINV(1.0),Transport infrastructure investment and maintenance spending,I,NLD,Netherlands,A,Annual,INV,Investment spending,EUR,Euro,IWW,Waterways,V,Current prices,2009,,361000000,,,,,,0,Units,0,Zero,,
DATAFLOW,OECD.ITF:DSD_INFRINV@DF_INFRINV(1.0),Transport infrastructure investment and maintenance spending,I,NLD,Netherlands,A,Annual,INV,Investment spending,EUR,Euro,IWW,Waterways,V,Current prices,2008,,270000000,,,,,,0,Units,0,Zero,,
DATAFLOW,OECD.ITF:DSD_INFRINV@DF_INFRINV(1.0),Transport infrastructure investment and maintenance spending,I,NLD,Netherlands,A,Annual,INV,Investment spending,EUR,Euro,IWW,Waterways,V,Current prices,2007,,263000000,,,,,,0,Units,0,Zero,,
DATAFLOW,OECD.ITF:DSD_INFRINV@DF_INFRINV(1.0),Transport infrastructure investment and maintenance spending,I,NLD,Netherlands,A,Annual,INV,Investment spending,EUR,Euro,IWW,Waterways,V,Current prices,2006,,312000000,,,,,,0,Units,0,Zero,,
DATAFLOW,OECD.ITF:DSD_INFRINV@DF_INFRINV(1.0),Transport infrastructure investment and maintenance spending,I,NLD,Netherlands,A,Annual,INV,Investment spending,EUR,Euro,IWW,Waterways,V,Current prices,2005,,284000000,,,,,,0,Units,0,Zero,,
DATAFLOW,OECD.ITF:DSD_INFRINV@DF_INFRINV(1.0),Transport infrastructure investment and maintenance spending,I,NLD,Netherlands,A,Annual,INV,Investment spending,EUR,Euro,IWW,Waterways,V,Current prices,2004,,486000000,,,,,,0,Units,0,Zero,,
DATAFLOW,OECD.ITF:DSD_INFRINV@DF_INFRINV(1.0),Transport infrastructure investment and maintenance spending,I,NLD,Netherlands,A,Annual,INV,Investment spending,EUR,Euro,IWW,Waterways,V,Current prices,2003,,479000000,,,,,,0,Units,0,Zero,,
DATAFLOW,OECD.ITF:DSD_INFRINV@DF_INFRINV(1.0),Transport infrastructure investment and maintenance spending,I,NLD,Netherlands,A,Annual,INV,Investment spending,EUR,Euro,IWW,Waterways,V,Current prices,2002,,512000000,,,,,,0,Units,0,Zero,,
DATAFLOW,OECD.ITF:DSD_INFRINV@DF_INFRINV(1.0),Transport infrastructure investment and maintenance spending,I,NLD,Netherlands,A,Annual,INV,Investment spending,EUR,Euro,IWW,Waterways,V,Current prices,2001,,379000000,,,,,,0,Units,0,Zero,,
DATAFLOW,OECD.ITF:DSD_INFRINV@DF_INFRINV(1.0),Transport infrastructure investment and maintenance spending,I,NLD,Netherlands,A,Annual,INV,Investment spending,EUR,Euro,IWW,Waterways,V,Current prices,2000,,402000000,,,,,,0,Units,0,Zero,,
DATAFLOW,OECD.ITF:DSD_INFRINV@DF_INFRINV(1.0),Transport infrastructure investment and maintenance spending,I,NLD,Netherlands,A,Annual,INV,Investment spending,EUR,Euro,IWW,Waterways,V,Current prices,1999,,319000000,,,,,,0,Units,0,Zero,,
DATAFLOW,OECD.ITF:DSD_INFRINV@DF_INFRINV(1.0),Transport infrastructure investment and maintenance spending,I,NLD,Netherlands,A,Annual,INV,Investment spending,EUR,Euro,IWW,Waterways,V,Current prices,1998,,261000000,,,,,,0,Units,0,Zero,,
DATAFLOW,OECD.ITF:DSD_INFRINV@DF_INFRINV(1.0),Transport infrastructure investment and maintenance spending,I,NLD,Netherlands,A,Annual,INV,Investment spending,EUR,Euro,IWW,Waterways,V,Current prices,1997,,203000000,,,,,,0,Units,0,Zero,,
DATAFLOW,OECD.ITF:DSD_INFRINV@DF_INFRINV(1.0),Transport infrastructure investment and maintenance spending,I,DEU,Germany,A,Annual,INV,Investment spending,EUR,Euro,IWW,Waterways,V,Current prices,2022,,1370000000,,,,,,0,Units,0,Zero,,
DATAFLOW,OECD.ITF:DSD_INFRINV@DF_INFRINV(1.0),Transport infrastructure investment and maintenance spending,I,DEU,Germany,A,Annual,INV,Investment spending,EUR,Euro,IWW,Waterways,V,Current prices,2021,,1180000000,,,,,,0,Units,0,Zero,,
DATAFLOW,OECD.ITF:DSD_INFRINV@DF_INFRINV(1.0),Transport infrastructure investment and maintenance spending,I,DEU,Germany,A,Annual,INV,Investment spending,EUR,Euro,IWW,Waterways,V,Current prices,2020,,1315000000,,,,,,0,Units,0,Zero,,
DATAFLOW,OECD.ITF:DSD_INFRINV@DF_INFRINV(1.0),Transport infrastructure investment and maintenance spending,I,DEU,Germany,A,Annual,INV,Investment spending,EUR,Euro,IWW,Waterways,V,Current prices,2019,,1110000000,,,,,,0,Units,0,Zero,,
DATAFLOW,OECD.ITF:DSD_INFRINV@DF_INFRINV(1.0),Transport infrastructure investment and maintenance spending,I,DEU,Germany,A,Annual,INV,Investment spending,EUR,Euro,IWW,Waterways,V,Current prices,2018,,860000000,,,,,,0,Units,0,Zero,,
DATAFLOW,OECD.ITF:DSD_INFRINV@DF_INFRINV(1.0),Transport infrastructure investment and maintenance spending,I,DEU,Germany,A,Annual,INV,Investment spending,EUR,Euro,IWW,Waterways,V,Current prices,2017,,815000000,,,,,,0,Units,0,Zero,,
DATAFLOW,OECD.ITF:DSD_INFRINV@DF_INFRINV(1.0),Transport infrastructure investment and maintenance spending,I,DEU,Germany,A,Annual,INV,Investment spending,EUR,Euro,IWW,Waterways,V,Current prices,2016,,880000000,,,,,,0,Units,0,Zero,,
DATAFLOW,OECD.ITF:DSD_INFRINV@DF_INFRINV(1.0),Transport infrastructure investment and maintenance spending,I,DEU,Germany,A,Annual,INV,Investment spending,EUR,Euro,IWW,Waterways,V,Current prices,2015,,830000000,,,,,,0,Units,0,Zero,,
DATAFLOW,OECD.ITF:DSD_INFRINV@DF_INFRINV(1.0),Transport infrastructure investment and maintenance spending,I,DEU,Germany,A,Annual,INV,Investment spending,EUR,Euro,IWW,Waterways,V,Current prices,2014,,865000000,,,,,,0,Units,0,Zero,,
DATAFLOW,OECD.ITF:DSD_INFRINV@DF_INFRINV(1.0),Transport infrastructure investment and maintenance spending,I,DEU,Germany,A,Annual,INV,Investment spending,EUR,Euro,IWW,Waterways,V,Current prices,2013,,865000000,,,,,,0,Units,0,Zero,,
DATAFLOW,OECD.ITF:DSD_INFRINV@DF_INFRINV(1.0),Transport infrastructure investment and maintenance spending,I,DEU,Germany,A,Annual,INV,Investment spending,EUR,Euro,IWW,Waterways,V,Current prices,2012,,885000000,,,,,,0,Units,0,Zero,,
DATAFLOW,OECD.ITF:DSD_INFRINV@DF_INFRINV(1.0),Transport infrastructure investment and maintenance spending,I,DEU,Germany,A,Annual,INV,Investment spending,EUR,Euro,IWW,Waterways,V,Current prices,2011,,1070000000,,,,,,0,Units,0,Zero,,
DATAFLOW,OECD.ITF:DSD_INFRINV@DF_INFRINV(1.0),Transport infrastructure investment and maintenance spending,I,DEU,Germany,A,Annual,INV,Investment spending,EUR,Euro,IWW,Waterways,V,Current prices,2010,,1100000000,,,,,,0,Units,0,Zero,,
DATAFLOW,OECD.ITF:DSD_INFRINV@DF_INFRINV(1.0),Transport infrastructure investment and maintenance spending,I,DEU,Germany,A,Annual,INV,Investment spending,EUR,Euro,IWW,Waterways,V,Current prices,2009,,1170000000,,,,,,0,Units,0,Zero,,
DATAFLOW,OECD.ITF:DSD_INFRINV@DF_INFRINV(1.0),Transport infrastructure investment and maintenance spending,I,DEU,Germany,A,Annual,INV,Investment spending,EUR,Euro,IWW,Waterways,V,Current prices,2008,,905000000,,,,,,0,Units,0,Zero,,
DATAFLOW,OECD.ITF:DSD_INFRINV@DF_INFRINV(1.0),Transport infrastructure investment and maintenance spending,I,DEU,Germany,A,Annual,INV,Investment spending,EUR,Euro,IWW,Waterways,V,Current prices,2007,,820000000,,,,,,0,Units,0,Zero,,
DATAFLOW,OECD.ITF:DSD_INFRINV@DF_INFRINV(1.0),Transport infrastructure investment and maintenance spending,I,DEU,Germany,A,Annual,INV,Investment spending,EUR,Euro,IWW,Waterways,V,Current prices,2006,,800000000,,,,,,0,Units,0,Zero,,
DATAFLOW,OECD.ITF:DSD_INFRINV@DF_INFRINV(1.0),Transport infrastructure investment and maintenance spending,I,DEU,Germany,A,Annual,INV,Investment spending,EUR,Euro,IWW,Waterways,V,Current prices,2005,,790000000,,,,,,0,Units,0,Zero,,
DATAFLOW,OECD.ITF:DSD_INFRINV@DF_INFRINV(1.0),Transport infrastructure investment and maintenance spending,I,DEU,Germany,A,Annual,INV,Investment spending,EUR,Euro,IWW,Waterways,V,Current prices,2004,,790000000,,,,,,0,Units,0,Zero,,
DATAFLOW,OECD.ITF:DSD_INFRINV@DF_INFRINV(1.0),Transport infrastructure investment and maintenance spending,I,DEU,Germany,A,Annual,INV,Investment spending,EUR,Euro,IWW,Waterways,V,Current prices,2003,,825000000,,,,,,0,Units,0,Zero,,
DATAFLOW,OECD.ITF:DSD_INFRINV@DF_INFRINV(1.0),Transport infrastructure investment and maintenance spending,I,DEU,Germany,A,Annual,INV,Investment spending,EUR,Euro,IWW,Waterways,V,Current prices,2002,,810000000,,,,,,0,Units,0,Zero,,
DATAFLOW,OECD.ITF:DSD_INFRINV@DF_INFRINV(1.0),Transport infrastructure investment and maintenance spending,I,DEU,Germany,A,Annual,INV,Investment spending,EUR,Euro,IWW,Waterways,V,Current prices,2001,,844000000,,,,,,0,Units,0,Zero,,
DATAFLOW,OECD.ITF:DSD_INFRINV@DF_INFRINV(1.0),Transport infrastructure investment and maintenance spending,I,DEU,Germany,A,Annual,INV,Investment spending,EUR,Euro,IWW,Waterways,V,Current prices,2000,,828000000,,,,,,0,Units,0,Zero,,
DATAFLOW,OECD.ITF:DSD_INFRINV@DF_INFRINV(1.0),Transport infrastructure investment and maintenance spending,I,DEU,Germany,A,Annual,INV,Investment spending,EUR,Euro,IWW,Waterways,V,Current prices,1999,,849000000,,,,,,0,Units,0,Zero,,
DATAFLOW,OECD.ITF:DSD_INFRINV@DF_INFRINV(1.0),Transport infrastructure investment and maintenance spending,I,DEU,Germany,A,Annual,INV,Investment spending,EUR,Euro,IWW,Waterways,V,Current prices,1998,,828000000,,,,,,0,Units,0,Zero,,
DATAFLOW,OECD.ITF:DSD_INFRINV@DF_INFRINV(1.0),Transport infrastructure investment and maintenance spending,I,DEU,Germany,A,Annual,INV,Investment spending,EUR,Euro,IWW,Waterways,V,Current prices,1997,,741000000,,,,,,0,Units,0,Zero,,
DATAFLOW,OECD.ITF:DSD_INFRINV@DF_INFRINV(1.0),Transport infrastructure investment and maintenance spending,I,DEU,Germany,A,Annual,INV,Investment spending,EUR,Euro,IWW,Waterways,V,Current prices,1996,,757000000,,,,,,0,Units,0,Zero,,
DATAFLOW,OECD.ITF:DSD_INFRINV@DF_INFRINV(1.0),Transport infrastructure investment and maintenance spending,I,DEU,Germany,A,Annual,INV,Investment spending,EUR,Euro,IWW,Waterways,V,Current prices,1995,,711000000,,,,,,0,Units,0,Zero,,
DATAFLOW,OECD.ITF:DSD_INFRINV@DF_INFRINV(1.0),Transport infrastructure investment and maintenance spending,I,FRA,France,A,Annual,INV,Investment spending,EUR,Euro,IWW,Waterways,V,Current prices,2022,,381000000,,,,,,0,Units,0,Zero,,
DATAFLOW,OECD.ITF:DSD_INFRINV@DF_INFRINV(1.0),Transport infrastructure investment and maintenance spending,I,FRA,France,A,Annual,INV,Investment spending,EUR,Euro,IWW,Waterways,V,Current prices,2021,,349520000,,,,,,0,Units,0,Zero,,
DATAFLOW,OECD.ITF:DSD_INFRINV@DF_INFRINV(1.0),Transport infrastructure investment and maintenance spending,I,FRA,France,A,Annual,INV,Investment spending,EUR,Euro,IWW,Waterways,V,Current prices,2020,,306560000,,,,,,0,Units,0,Zero,,
DATAFLOW,OECD.ITF:DSD_INFRINV@DF_INFRINV(1.0),Transport infrastructure investment and maintenance spending,I,FRA,France,A,Annual,INV,Investment spending,EUR,Euro,IWW,Waterways,V,Current prices,2019,,163000000,,,,,,0,Units,0,Zero,,
DATAFLOW,OECD.ITF:DSD_INFRINV@DF_INFRINV(1.0),Transport infrastructure investment and maintenance spending,I,FRA,France,A,Annual,INV,Investment spending,EUR,Euro,IWW,Waterways,V,Current prices,2018,,226320000,,,,,,0,Units,0,Zero,,
DATAFLOW,OECD.ITF:DSD_INFRINV@DF_INFRINV(1.0),Transport infrastructure investment and maintenance spending,I,FRA,France,A,Annual,INV,Investment spending,EUR,Euro,IWW,Waterways,V,Current prices,2017,,35060000,,,,,,0,Units,0,Zero,,
DATAFLOW,OECD.ITF:DSD_INFRINV@DF_INFRINV(1.0),Transport infrastructure investment and maintenance spending,I,FRA,France,A,Annual,INV,Investment spending,EUR,Euro,IWW,Waterways,V,Current prices,2016,,192250000,,,,,,0,Units,0,Zero,,
DATAFLOW,OECD.ITF:DSD_INFRINV@DF_INFRINV(1.0),Transport infrastructure investment and maintenance spending,I,FRA,France,A,Annual,INV,Investment spending,EUR,Euro,IWW,Waterways,V,Current prices,2015,,164144000,,,,,,0,Units,0,Zero,,
DATAFLOW,OECD.ITF:DSD_INFRINV@DF_INFRINV(1.0),Transport infrastructure investment and maintenance spending,I,FRA,France,A,Annual,INV,Investment spending,EUR,Euro,IWW,Waterways,V,Current prices,2014,,179970000,,,,,,0,Units,0,Zero,,
DATAFLOW,OECD.ITF:DSD_INFRINV@DF_INFRINV(1.0),Transport infrastructure investment and maintenance spending,I,FRA,France,A,Annual,INV,Investment spending,EUR,Euro,IWW,Waterways,V,Current prices,2013,,224364000,,,,,,0,Units,0,Zero,,
DATAFLOW,OECD.ITF:DSD_INFRINV@DF_INFRINV(1.0),Transport infrastructure investment and maintenance spending,I,FRA,France,A,Annual,INV,Investment spending,EUR,Euro,IWW,Waterways,V,Current prices,2012,,235987000,,,,,,0,Units,0,Zero,,
DATAFLOW,OECD.ITF:DSD_INFRINV@DF_INFRINV(1.0),Transport infrastructure investment and maintenance spending,I,FRA,France,A,Annual,INV,Investment spending,EUR,Euro,IWW,Waterways,V,Current prices,2011,,264288000,,,,,,0,Units,0,Zero,,
DATAFLOW,OECD.ITF:DSD_INFRINV@DF_INFRINV(1.0),Transport infrastructure investment and maintenance spending,I,FRA,France,A,Annual,INV,Investment spending,EUR,Euro,IWW,Waterways,V,Current prices,2010,,253244000,,,,,,0,Units,0,Zero,,
DATAFLOW,OECD.ITF:DSD_INFRINV@DF_INFRINV(1.0),Transport infrastructure investment and maintenance spending,I,FRA,France,A,Annual,INV,Investment spending,EUR,Euro,IWW,Waterways,V,Current prices,2009,,245133207.2,,,,,,0,Units,0,Zero,,
DATAFLOW,OECD.ITF:DSD_INFRINV@DF_INFRINV(1.0),Transport infrastructure investment and maintenance spending,I,FRA,France,A,Annual,INV,Investment spending,EUR,Euro,IWW,Waterways,V,Current prices,2008,,189293984.1,,,,,,0,Units,0,Zero,,
DATAFLOW,OECD.ITF:DSD_INFRINV@DF_INFRINV(1.0),Transport infrastructure investment and maintenance spending,I,FRA,France,A,Annual,INV,Investment spending,EUR,Euro,IWW,Waterways,V,Current prices,2007,,225525510.3,,,,,,0,Units,0,Zero,,
DATAFLOW,OECD.ITF:DSD_INFRINV@DF_INFRINV(1.0),Transport infrastructure investment and maintenance spending,I,FRA,France,A,Annual,INV,Investment spending,EUR,Euro,IWW,Waterways,V,Current prices,2006,,217921894.3,,,,,,0,Units,0,Zero,,
DATAFLOW,OECD.ITF:DSD_INFRINV@DF_INFRINV(1.0),Transport infrastructure investment and maintenance spending,I,FRA,France,A,Annual,INV,Investment spending,EUR,Euro,IWW,Waterways,V,Current prices,2005,,144877673.9,,,,,,0,Units,0,Zero,,
DATAFLOW,OECD.ITF:DSD_INFRINV@DF_INFRINV(1.0),Transport infrastructure investment and maintenance spending,I,FRA,France,A,Annual,INV,Investment spending,EUR,Euro,IWW,Waterways,V,Current prices,2004,,146777232.6,,,,,,0,Units,0,Zero,,
DATAFLOW,OECD.ITF:DSD_INFRINV@DF_INFRINV(1.0),Transport infrastructure investment and maintenance spending,I,FRA,France,A,Annual,INV,Investment spending,EUR,Euro,IWW,Waterways,V,Current prices,2003,,177189006,,,,,,0,Units,0,Zero,,
DATAFLOW,OECD.ITF:DSD_INFRINV@DF_INFRINV(1.0),Transport infrastructure investment and maintenance spending,I,FRA,France,A,Annual,INV,Investment spending,EUR,Euro,IWW,Waterways,V,Current prices,2002,,154185780.6,,,,,,0,Units,0,Zero,,
DATAFLOW,OECD.ITF:DSD_INFRINV@DF_INFRINV(1.0),Transport infrastructure investment and maintenance spending,I,FRA,France,A,Annual,INV,Investment spending,EUR,Euro,IWW,Waterways,V,Current prices,2001,,152922547.2,,,,,,0,Units,0,Zero,,
DATAFLOW,OECD.ITF:DSD_INFRINV@DF_INFRINV(1.0),Transport infrastructure investment and maintenance spending,I,FRA,France,A,Annual,INV,Investment spending,EUR,Euro,IWW,Waterways,V,Current prices,2000,,153958361.9,,,,,,0,Units,0,Zero,,
DATAFLOW,OECD.ITF:DSD_INFRINV@DF_INFRINV(1.0),Transport infrastructure investment and maintenance spending,I,FRA,France,A,Annual,INV,Investment spending,EUR,Euro,IWW,Waterways,V,Current prices,1999,,139000000,,,,,,0,Units,0,Zero,,
DATAFLOW,OECD.ITF:DSD_INFRINV@DF_INFRINV(1.0),Transport infrastructure investment and maintenance spending,I,FRA,France,A,Annual,INV,Investment spending,EUR,Euro,IWW,Waterways,V,Current prices,1998,,114000000,,,,,,0,Units,0,Zero,,
DATAFLOW,OECD.ITF:DSD_INFRINV@DF_INFRINV(1.0),Transport infrastructure investment and maintenance spending,I,FRA,France,A,Annual,INV,Investment spending,EUR,Euro,IWW,Waterways,V,Current prices,1997,,93000000,,,,,,0,Units,0,Zero,,
DATAFLOW,OECD.ITF:DSD_INFRINV@DF_INFRINV(1.0),Transport infrastructure investment and maintenance spending,I,FRA,France,A,Annual,INV,Investment spending,EUR,Euro,IWW,Waterways,V,Current prices,1996,,79000000,,,,,,0,Units,0,Zero,,
DATAFLOW,OECD.ITF:DSD_INFRINV@DF_INFRINV(1.0),Transport infrastructure investment and maintenance spending,I,FRA,France,A,Annual,INV,Investment spending,EUR,Euro,IWW,Waterways,V,Current prices,1995,,144000000,,,,,,0,Units,0,Zero,,
DATAFLOW,OECD.ITF:DSD_INFRINV@DF_INFRINV(1.0),Transport infrastructure investment and maintenance spending,I,BEL,Belgium,A,Annual,INV,Investment spending,EUR,Euro,IWW,Waterways,V,Current prices,2023,,382000000,,,,,,0,Units,0,Zero,,
DATAFLOW,OECD.ITF:DSD_INFRINV@DF_INFRINV(1.0),Transport infrastructure investment and maintenance spending,I,BEL,Belgium,A,Annual,INV,Investment spending,EUR,Euro,IWW,Waterways,V,Current prices,2022,,394000000,,,,,,0,Units,0,Zero,,
DATAFLOW,OECD.ITF:DSD_INFRINV@DF_INFRINV(1.0),Transport infrastructure investment and maintenance spending,I,BEL,Belgium,A,Annual,INV,Investment spending,EUR,Euro,IWW,Waterways,V,Current prices,2021,,562000000,,,,,,0,Units,0,Zero,,
DATAFLOW,OECD.ITF:DSD_INFRINV@DF_INFRINV(1.0),Transport infrastructure investment and maintenance spending,I,BEL,Belgium,A,Annual,INV,Investment spending,EUR,Euro,IWW,Waterways,V,Current prices,2020,,249000000,,,,,,0,Units,0,Zero,,
DATAFLOW,OECD.ITF:DSD_INFRINV@DF_INFRINV(1.0),Transport infrastructure investment and maintenance spending,I,BEL,Belgium,A,Annual,INV,Investment spending,EUR,Euro,IWW,Waterways,V,Current prices,2019,,197000000,,,,,,0,Units,0,Zero,,
DATAFLOW,OECD.ITF:DSD_INFRINV@DF_INFRINV(1.0),Transport infrastructure investment and maintenance spending,I,BEL,Belgium,A,Annual,INV,Investment spending,EUR,Euro,IWW,Waterways,V,Current prices,2018,,197000000,,,,,,0,Units,0,Zero,,
DATAFLOW,OECD.ITF:DSD_INFRINV@DF_INFRINV(1.0),Transport infrastructure investment and maintenance spending,I,BEL,Belgium,A,Annual,INV,Investment spending,EUR,Euro,IWW,Waterways,V,Current prices,2017,,237490000,,,,,,0,Units,0,Zero,,
DATAFLOW,OECD.ITF:DSD_INFRINV@DF_INFRINV(1.0),Transport infrastructure investment and maintenance spending,I,BEL,Belgium,A,Annual,INV,Investment spending,EUR,Euro,IWW,Waterways,V,Current prices,2016,,225000000,,,,,,0,Units,0,Zero,,
DATAFLOW,OECD.ITF:DSD_INFRINV@DF_INFRINV(1.0),Transport infrastructure investment and maintenance spending,I,BEL,Belgium,A,Annual,INV,Investment spending,EUR,Euro,IWW,Waterways,V,Current prices,2014,,103000000,,,,,,0,Units,0,Zero,,
DATAFLOW,OECD.ITF:DSD_INFRINV@DF_INFRINV(1.0),Transport infrastructure investment and maintenance spending,I,BEL,Belgium,A,Annual,INV,Investment spending,EUR,Euro,IWW,Waterways,V,Current prices,2013,,167000000,,,,,,0,Units,0,Zero,,
DATAFLOW,OECD.ITF:DSD_INFRINV@DF_INFRINV(1.0),Transport infrastructure investment and maintenance spending,I,BEL,Belgium,A,Annual,INV,Investment spending,EUR,Euro,IWW,Waterways,V,Current prices,2012,,152000000,,,,,,0,Units,0,Zero,,
DATAFLOW,OECD.ITF:DSD_INFRINV@DF_INFRINV(1.0),Transport infrastructure investment and maintenance spending,I,BEL,Belgium,A,Annual,INV,Investment spending,EUR,Euro,IWW,Waterways,V,Current prices,2011,,152000000,,,,,,0,Units,0,Zero,,
DATAFLOW,OECD.ITF:DSD_INFRINV@DF_INFRINV(1.0),Transport infrastructure investment and maintenance spending,I,BEL,Belgium,A,Annual,INV,Investment spending,EUR,Euro,IWW,Waterways,V,Current prices,2009,,188000000,,,,,,0,Units,0,Zero,,
DATAFLOW,OECD.ITF:DSD_INFRINV@DF_INFRINV(1.0),Transport infrastructure investment and maintenance spending,I,BEL,Belgium,A,Annual,INV,Investment spending,EUR,Euro,IWW,Waterways,V,Current prices,2008,,188000000,,,,,,0,Units,0,Zero,,
DATAFLOW,OECD.ITF:DSD_INFRINV@DF_INFRINV(1.0),Transport infrastructure investment and maintenance spending,I,BEL,Belgium,A,Annual,INV,Investment spending,EUR,Euro,IWW,Waterways,V,Current prices,2007,,178000000,,,,,,0,Units,0,Zero,,
DATAFLOW,OECD.ITF:DSD_INFRINV@DF_INFRINV(1.0),Transport infrastructure investment and maintenance spending,I,BEL,Belgium,A,Annual,INV,Investment spending,EUR,Euro,IWW,Waterways,V,Current prices,2006,,162000000,,,,,,0,Units,0,Zero,,
DATAFLOW,OECD.ITF:DSD_INFRINV@DF_INFRINV(1.0),Transport infrastructure investment and maintenance spending,I,BEL,Belgium,A,Annual,INV,Investment spending,EUR,Euro,IWW,Waterways,V,Current prices,2005,,156000000,,,,,,0,Units,0,Zero,,
DATAFLOW,OECD.ITF:DSD_INFRINV@DF_INFRINV(1.0),Transport infrastructure investment and maintenance spending,I,BEL,Belgium,A,Annual,INV,Investment spending,EUR,Euro,IWW,Waterways,V,Current prices,2004,,153000000,,,,,,0,Units,0,Zero,,
DATAFLOW,OECD.ITF:DSD_INFRINV@DF_INFRINV(1.0),Transport infrastructure investment and maintenance spending,I,BEL,Belgium,A,Annual,INV,Investment spending,EUR,Euro,IWW,Waterways,V,Current prices,2003,,153000000,,,,,,0,Units,0,Zero,,
DATAFLOW,OECD.ITF:DSD_INFRINV@DF_INFRINV(1.0),Transport infrastructure investment and maintenance spending,I,BEL,Belgium,A,Annual,INV,Investment spending,EUR,Euro,IWW,Waterways,V,Current prices,2002,,153000000,,,,,,0,Units,0,Zero,,
DATAFLOW,OECD.ITF:DSD_INFRINV@DF_INFRINV(1.0),Transport infrastructure investment and maintenance spending,I,BEL,Belgium,A,Annual,INV,Investment spending,EUR,Euro,IWW,Waterways,V,Current prices,2001,,153000000,,,,,,0,Units,0,Zero,,
DATAFLOW,OECD.ITF:DSD_INFRINV@DF_INFRINV(1.0),Transport infrastructure investment and maintenance spending,I,BEL,Belgium,A,Annual,INV,Investment spending,EUR,Euro,IWW,Waterways,V,Current prices,2000,,152000000,,,,,,0,Units,0,Zero,,
DATAFLOW,OECD.ITF:DSD_INFRINV@DF_INFRINV(1.0),Transport infrastructure investment and maintenance spending,I,BEL,Belgium,A,Annual,INV,Investment spending,EUR,Euro,IWW,Waterways,V,Current prices,1999,,139000000,,,,,,0,Units,0,Zero,,
DATAFLOW,OECD.ITF:DSD_INFRINV@DF_INFRINV(1.0),Transport infrastructure investment and maintenance spending,I,BEL,Belgium,A,Annual,INV,Investment spending,EUR,Euro,IWW,Waterways,V,Current prices,1998,,129000000,,,,,,0,Units,0,Zero,,
DATAFLOW,OECD.ITF:DSD_INFRINV@DF_INFRINV(1.0),Transport infrastructure investment and maintenance spending,I,BEL,Belgium,A,Annual,INV,Investment spending,EUR,Euro,IWW,Waterways,V,Current prices,1997,,181000000,,,,,,0,Units,0,Zero,,
DATAFLOW,OECD.ITF:DSD_INFRINV@DF_INFRINV(1.0),Transport infrastructure investment and maintenance spending,I,BEL,Belgium,A,Annual,INV,Investment spending,EUR,Euro,IWW,Waterways,V,Current prices,1996,,125000000,,,,,,0,Units,0,Zero,,
DATAFLOW,OECD.ITF:DSD_INFRINV@DF_INFRINV(1.0),Transport infrastructure investment and maintenance spending,I,BEL,Belgium,A,Annual,INV,Investment spending,EUR,Euro,IWW,Waterways,V,Current prices,1995,,151000000,,,,,,0,Units,0,Zero,,
DATAFLOW,OECD.ITF:DSD_INFRINV@DF_INFRINV(1.0),Transport infrastructure investment and maintenance spending,I,NLD,Netherlands,A,Annual,MNT,Maintenance spending,EUR,Euro,ROAD,Road,V,Current prices,2023,,2795952476,,,,,,0,Units,0,Zero,,
DATAFLOW,OECD.ITF:DSD_INFRINV@DF_INFRINV(1.0),Transport infrastructure investment and maintenance spending,I,NLD,Netherlands,A,Annual,MNT,Maintenance spending,EUR,Euro,ROAD,Road,V,Current prices,2022,,2906614184,,,,,,0,Units,0,Zero,,
DATAFLOW,OECD.ITF:DSD_INFRINV@DF_INFRINV(1.0),Transport infrastructure investment and maintenance spending,I,NLD,Netherlands,A,Annual,MNT,Maintenance spending,EUR,Euro,ROAD,Road,V,Current prices,2021,,2414202510,,,,,,0,Units,0,Zero,,
DATAFLOW,OECD.ITF:DSD_INFRINV@DF_INFRINV(1.0),Transport infrastructure investment and maintenance spending,I,NLD,Netherlands,A,Annual,MNT,Maintenance spending,EUR,Euro,ROAD,Road,V,Current prices,2020,,2374193960,,,,,,0,Units,0,Zero,,
DATAFLOW,OECD.ITF:DSD_INFRINV@DF_INFRINV(1.0),Transport infrastructure investment and maintenance spending,I,NLD,Netherlands,A,Annual,MNT,Maintenance spending,EUR,Euro,ROAD,Road,V,Current prices,2019,,2149080847,,,,,,0,Units,0,Zero,,
DATAFLOW,OECD.ITF:DSD_INFRINV@DF_INFRINV(1.0),Transport infrastructure investment and maintenance spending,I,NLD,Netherlands,A,Annual,MNT,Maintenance spending,EUR,Euro,ROAD,Road,V,Current prices,2018,,2181585266,,,,,,0,Units,0,Zero,,
DATAFLOW,OECD.ITF:DSD_INFRINV@DF_INFRINV(1.0),Transport infrastructure investment and maintenance spending,I,NLD,Netherlands,A,Annual,MNT,Maintenance spending,EUR,Euro,ROAD,Road,V,Current prices,2017,,2039247393,,,,,,0,Units,0,Zero,,
DATAFLOW,OECD.ITF:DSD_INFRINV@DF_INFRINV(1.0),Transport infrastructure investment and maintenance spending,I,NLD,Netherlands,A,Annual,MNT,Maintenance spending,EUR,Euro,ROAD,Road,V,Current prices,2016,,1308065816,,,,,,0,Units,0,Zero,,
DATAFLOW,OECD.ITF:DSD_INFRINV@DF_INFRINV(1.0),Transport infrastructure investment and maintenance spending,I,NLD,Netherlands,A,Annual,MNT,Maintenance spending,EUR,Euro,ROAD,Road,V,Current prices,2015,,1274113728,,,,,,0,Units,0,Zero,,
DATAFLOW,OECD.ITF:DSD_INFRINV@DF_INFRINV(1.0),Transport infrastructure investment and maintenance spending,I,NLD,Netherlands,A,Annual,MNT,Maintenance spending,EUR,Euro,ROAD,Road,V,Current prices,2014,,1237934459,,,,,,0,Units,0,Zero,,
DATAFLOW,OECD.ITF:DSD_INFRINV@DF_INFRINV(1.0),Transport infrastructure investment and maintenance spending,I,NLD,Netherlands,A,Annual,MNT,Maintenance spending,EUR,Euro,ROAD,Road,V,Current prices,2013,,1007763702,,,,,,0,Units,0,Zero,,
DATAFLOW,OECD.ITF:DSD_INFRINV@DF_INFRINV(1.0),Transport infrastructure investment and maintenance spending,I,NLD,Netherlands,A,Annual,MNT,Maintenance spending,EUR,Euro,ROAD,Road,V,Current prices,2012,,977563550.1,,,,,,0,Units,0,Zero,,
DATAFLOW,OECD.ITF:DSD_INFRINV@DF_INFRINV(1.0),Transport infrastructure investment and maintenance spending,I,DEU,Germany,A,Annual,INV,Investment spending,EUR,Euro,TOT_INL,Inland,V,Current prices,2014,,19575390400,,,,,,0,Units,0,Zero,,
DATAFLOW,OECD.ITF:DSD_INFRINV@DF_INFRINV(1.0),Transport infrastructure investment and maintenance spending,I,DEU,Germany,A,Annual,INV,Investment spending,EUR,Euro,TOT_INL,Inland,V,Current prices,2012,,15996000000,,,,,,0,Units,0,Zero,,
DATAFLOW,OECD.ITF:DSD_INFRINV@DF_INFRINV(1.0),Transport infrastructure investment and maintenance spending,I,DEU,Germany,A,Annual,INV,Investment spending,EUR,Euro,TOT_INL,Inland,V,Current prices,2011,,16496000000,,,,,,0,Units,0,Zero,,
DATAFLOW,OECD.ITF:DSD_INFRINV@DF_INFRINV(1.0),Transport infrastructure investment and maintenance spending,I,DEU,Germany,A,Annual,INV,Investment spending,EUR,Euro,TOT_INL,Inland,V,Current prices,2010,,16147000000,,,,,,0,Units,0,Zero,,
DATAFLOW,OECD.ITF:DSD_INFRINV@DF_INFRINV(1.0),Transport infrastructure investment and maintenance spending,I,DEU,Germany,A,Annual,INV,Investment spending,EUR,Euro,TOT_INL,Inland,V,Current prices,2009,,17202000000,,,,,,0,Units,0,Zero,,
DATAFLOW,OECD.ITF:DSD_INFRINV@DF_INFRINV(1.0),Transport infrastructure investment and maintenance spending,I,DEU,Germany,A,Annual,INV,Investment spending,EUR,Euro,TOT_INL,Inland,V,Current prices,2008,,16131000000,,,,,,0,Units,0,Zero,,
DATAFLOW,OECD.ITF:DSD_INFRINV@DF_INFRINV(1.0),Transport infrastructure investment and maintenance spending,I,DEU,Germany,A,Annual,INV,Investment spending,EUR,Euro,TOT_INL,Inland,V,Current prices,2007,,15501000000,,,,,,0,Units,0,Zero,,
DATAFLOW,OECD.ITF:DSD_INFRINV@DF_INFRINV(1.0),Transport infrastructure investment and maintenance spending,I,DEU,Germany,A,Annual,INV,Investment spending,EUR,Euro,TOT_INL,Inland,V,Current prices,2006,,15501000000,,,,,,0,Units,0,Zero,,
DATAFLOW,OECD.ITF:DSD_INFRINV@DF_INFRINV(1.0),Transport infrastructure investment and maintenance spending,I,DEU,Germany,A,Annual,INV,Investment spending,EUR,Euro,TOT_INL,Inland,V,Current prices,2004,,17904000000,,,,,,0,Units,0,Zero,,
DATAFLOW,OECD.ITF:DSD_INFRINV@DF_INFRINV(1.0),Transport infrastructure investment and maintenance spending,I,DEU,Germany,A,Annual,INV,Investment spending,EUR,Euro,TOT_INL,Inland,V,Current prices,2003,,18843000000,,,,,,0,Units,0,Zero,,
DATAFLOW,OECD.ITF:DSD_INFRINV@DF_INFRINV(1.0),Transport infrastructure investment and maintenance spending,I,DEU,Germany,A,Annual,INV,Investment spending,EUR,Euro,TOT_INL,Inland,V,Current prices,2002,,19842000000,,,,,,0,Units,0,Zero,,
DATAFLOW,OECD.ITF:DSD_INFRINV@DF_INFRINV(1.0),Transport infrastructure investment and maintenance spending,I,DEU,Germany,A,Annual,INV,Investment spending,EUR,Euro,TOT_INL,Inland,V,Current prices,2001,,17883000000,,,,,,0,Units,0,Zero,,
DATAFLOW,OECD.ITF:DSD_INFRINV@DF_INFRINV(1.0),Transport infrastructure investment and maintenance spending,I,DEU,Germany,A,Annual,INV,Investment spending,EUR,Euro,TOT_INL,Inland,V,Current prices,2000,,18100000000,,,,,,0,Units,0,Zero,,
DATAFLOW,OECD.ITF:DSD_INFRINV@DF_INFRINV(1.0),Transport infrastructure investment and maintenance spending,I,DEU,Germany,A,Annual,INV,Investment spending,EUR,Euro,TOT_INL,Inland,V,Current prices,1999,,19345000000,,,,,,0,Units,0,Zero,,
DATAFLOW,OECD.ITF:DSD_INFRINV@DF_INFRINV(1.0),Transport infrastructure investment and maintenance spending,I,DEU,Germany,A,Annual,INV,Investment spending,EUR,Euro,TOT_INL,Inland,V,Current prices,1998,,16101000000,,,,,,0,Units,0,Zero,,
DATAFLOW,OECD.ITF:DSD_INFRINV@DF_INFRINV(1.0),Transport infrastructure investment and maintenance spending,I,DEU,Germany,A,Annual,INV,Investment spending,EUR,Euro,TOT_INL,Inland,V,Current prices,1997,,16402000000,,,,,,0,Units,0,Zero,,
DATAFLOW,OECD.ITF:DSD_INFRINV@DF_INFRINV(1.0),Transport infrastructure investment and maintenance spending,I,DEU,Germany,A,Annual,INV,Investment spending,EUR,Euro,TOT_INL,Inland,V,Current prices,1996,,17083000000,,,,,,0,Units,0,Zero,,
DATAFLOW,OECD.ITF:DSD_INFRINV@DF_INFRINV(1.0),Transport infrastructure investment and maintenance spending,I,DEU,Germany,A,Annual,INV,Investment spending,EUR,Euro,TOT_INL,Inland,V,Current prices,1995,,16674000000,,,,,,0,Units,0,Zero,,
DATAFLOW,OECD.ITF:DSD_INFRINV@DF_INFRINV(1.0),Transport infrastructure investment and maintenance spending,I,FRA,France,A,Annual,INV,Investment spending,EUR,Euro,TOT_INL,Inland,V,Current prices,2022,,22369020660,,,,,,0,Units,0,Zero,,
DATAFLOW,OECD.ITF:DSD_INFRINV@DF_INFRINV(1.0),Transport infrastructure investment and maintenance spending,I,FRA,France,A,Annual,INV,Investment spending,EUR,Euro,TOT_INL,Inland,V,Current prices,2021,,21818326455,,,,,,0,Units,0,Zero,,
DATAFLOW,OECD.ITF:DSD_INFRINV@DF_INFRINV(1.0),Transport infrastructure investment and maintenance spending,I,FRA,France,A,Annual,INV,Investment spending,EUR,Euro,TOT_INL,Inland,V,Current prices,2020,,20910132000,,,,,,0,Units,0,Zero,,
DATAFLOW,OECD.ITF:DSD_INFRINV@DF_INFRINV(1.0),Transport infrastructure investment and maintenance spending,I,FRA,France,A,Annual,INV,Investment spending,EUR,Euro,TOT_INL,Inland,V,Current prices,2019,,22116000000,,,,,,0,Units,0,Zero,,
DATAFLOW,OECD.ITF:DSD_INFRINV@DF_INFRINV(1.0),Transport infrastructure investment and maintenance spending,I,FRA,France,A,Annual,INV,Investment spending,EUR,Euro,TOT_INL,Inland,V,Current prices,2018,,20071950000,,,,,,0,Units,0,Zero,,
DATAFLOW,OECD.ITF:DSD_INFRINV@DF_INFRINV(1.0),Transport infrastructure investment and maintenance spending,I,FRA,France,A,Annual,INV,Investment spending,EUR,Euro,TOT_INL,Inland,V,Current prices,2017,,18433060000,,,,,,0,Units,0,Zero,,
DATAFLOW,OECD.ITF:DSD_INFRINV@DF_INFRINV(1.0),Transport infrastructure investment and maintenance spending,I,FRA,France,A,Annual,INV,Investment spending,EUR,Euro,TOT_INL,Inland,V,Current prices,2016,,17631250000,,,,,,0,Units,0,Zero,,
DATAFLOW,OECD.ITF:DSD_INFRINV@DF_INFRINV(1.0),Transport infrastructure investment and maintenance spending,I,FRA,France,A,Annual,INV,Investment spending,EUR,Euro,TOT_INL,Inland,V,Current prices,2015,,19064370322,,,,,,0,Units,0,Zero,,
DATAFLOW,OECD.ITF:DSD_INFRINV@DF_INFRINV(1.0),Transport infrastructure investment and maintenance spending,I,FRA,France,A,Annual,INV,Investment spending,EUR,Euro,TOT_INL,Inland,V,Current prices,2014,,20090173024,,,,,,0,Units,0,Zero,,
DATAFLOW,OECD.ITF:DSD_INFRINV@DF_INFRINV(1.0),Transport infrastructure investment and maintenance spending,I,FRA,France,A,Annual,INV,Investment spending,EUR,Euro,TOT_INL,Inland,V,Current prices,2013,,23524522552,,,,,,0,Units,0,Zero,,
DATAFLOW,OECD.ITF:DSD_INFRINV@DF_INFRINV(1.0),Transport infrastructure investment and maintenance spending,I,FRA,France,A,Annual,INV,Investment spending,EUR,Euro,TOT_INL,Inland,V,Current prices,2012,,21412688531,,,,,,0,Units,0,Zero,,
DATAFLOW,OECD.ITF:DSD_INFRINV@DF_INFRINV(1.0),Transport infrastructure investment and maintenance spending,I,FRA,France,A,Annual,INV,Investment spending,EUR,Euro,TOT_INL,Inland,V,Current prices,2011,,19928585274,,,,,,0,Units,0,Zero,,
DATAFLOW,OECD.ITF:DSD_INFRINV@DF_INFRINV(1.0),Transport infrastructure investment and maintenance spending,I,FRA,France,A,Annual,INV,Investment spending,EUR,Euro,TOT_INL,Inland,V,Current prices,2010,,19853503953,,,,,,0,Units,0,Zero,,
DATAFLOW,OECD.ITF:DSD_INFRINV@DF_INFRINV(1.0),Transport infrastructure investment and maintenance spending,I,FRA,France,A,Annual,INV,Investment spending,EUR,Euro,TOT_INL,Inland,V,Current prices,2009,,19491664291,,,,,,0,Units,0,Zero,,
DATAFLOW,OECD.ITF:DSD_INFRINV@DF_INFRINV(1.0),Transport infrastructure investment and maintenance spending,I,FRA,France,A,Annual,INV,Investment spending,EUR,Euro,TOT_INL,Inland,V,Current prices,2008,,18922126417,,,,,,0,Units,0,Zero,,
DATAFLOW,OECD.ITF:DSD_INFRINV@DF_INFRINV(1.0),Transport infrastructure investment and maintenance spending,I,FRA,France,A,Annual,INV,Investment spending,EUR,Euro,TOT_INL,Inland,V,Current prices,2007,,18725153079,,,,,,0,Units,0,Zero,,
DATAFLOW,OECD.ITF:DSD_INFRINV@DF_INFRINV(1.0),Transport infrastructure investment and maintenance spending,I,FRA,France,A,Annual,INV,Investment spending,EUR,Euro,TOT_INL,Inland,V,Current prices,2006,,17436264671,,,,,,0,Units,0,Zero,,
DATAFLOW,OECD.ITF:DSD_INFRINV@DF_INFRINV(1.0),Transport infrastructure investment and maintenance spending,I,FRA,France,A,Annual,INV,Investment spending,EUR,Euro,TOT_INL,Inland,V,Current prices,2005,,16718318427,,,,,,0,Units,0,Zero,,
DATAFLOW,OECD.ITF:DSD_INFRINV@DF_INFRINV(1.0),Transport infrastructure investment and maintenance spending,I,FRA,France,A,Annual,INV,Investment spending,EUR,Euro,TOT_INL,Inland,V,Current prices,2004,,15353638754,,,,,,0,Units,0,Zero,,
DATAFLOW,OECD.ITF:DSD_INFRINV@DF_INFRINV(1.0),Transport infrastructure investment and maintenance spending,I,FRA,France,A,Annual,INV,Investment spending,EUR,Euro,TOT_INL,Inland,V,Current prices,2003,,14801681010,,,,,,0,Units,0,Zero,,
DATAFLOW,OECD.ITF:DSD_INFRINV@DF_INFRINV(1.0),Transport infrastructure investment and maintenance spending,I,FRA,France,A,Annual,INV,Investment spending,EUR,Euro,TOT_INL,Inland,V,Current prices,2002,,13544005530,,,,,,0,Units,0,Zero,,
DATAFLOW,OECD.ITF:DSD_INFRINV@DF_INFRINV(1.0),Transport infrastructure investment and maintenance spending,I,FRA,France,A,Annual,INV,Investment spending,EUR,Euro,TOT_INL,Inland,V,Current prices,2001,,13516974507,,,,,,0,Units,0,Zero,,
DATAFLOW,OECD.ITF:DSD_INFRINV@DF_INFRINV(1.0),Transport infrastructure investment and maintenance spending,I,FRA,France,A,Annual,INV,Investment spending,EUR,Euro,TOT_INL,Inland,V,Current prices,2000,,14049072771,,,,,,0,Units,0,Zero,,
DATAFLOW,OECD.ITF:DSD_INFRINV@DF_INFRINV(1.0),Transport infrastructure investment and maintenance spending,I,FRA,France,A,Annual,INV,Investment spending,EUR,Euro,TOT_INL,Inland,V,Current prices,1999,,13305291051,,,,,,0,Units,0,Zero,,
DATAFLOW,OECD.ITF:DSD_INFRINV@DF_INFRINV(1.0),Transport infrastructure investment and maintenance spending,I,FRA,France,A,Annual,INV,Investment spending,EUR,Euro,TOT_INL,Inland,V,Current prices,1998,,13525081864,,,,,,0,Units,0,Zero,,
DATAFLOW,OECD.ITF:DSD_INFRINV@DF_INFRINV(1.0),Transport infrastructure investment and maintenance spending,I,FRA,France,A,Annual,INV,Investment spending,EUR,Euro,TOT_INL,Inland,V,Current prices,1997,,13936524890,,,,,,0,Units,0,Zero,,
DATAFLOW,OECD.ITF:DSD_INFRINV@DF_INFRINV(1.0),Transport infrastructure investment and maintenance spending,I,FRA,France,A,Annual,INV,Investment spending,EUR,Euro,TOT_INL,Inland,V,Current prices,1996,,13989662219,,,,,,0,Units,0,Zero,,
DATAFLOW,OECD.ITF:DSD_INFRINV@DF_INFRINV(1.0),Transport infrastructure investment and maintenance spending,I,FRA,France,A,Annual,INV,Investment spending,EUR,Euro,TOT_INL,Inland,V,Current prices,1995,,13714839494,,,,,,0,Units,0,Zero,,
DATAFLOW,OECD.ITF:DSD_INFRINV@DF_INFRINV(1.0),Transport infrastructure investment and maintenance spending,I,BEL,Belgium,A,Annual,INV,Investment spending,EUR,Euro,TOT_INL,Inland,V,Current prices,2023,,2561204885,,,,,,0,Units,0,Zero,,
DATAFLOW,OECD.ITF:DSD_INFRINV@DF_INFRINV(1.0),Transport infrastructure investment and maintenance spending,I,BEL,Belgium,A,Annual,INV,Investment spending,EUR,Euro,TOT_INL,Inland,V,Current prices,2022,,2535000000,,,,,,0,Units,0,Zero,,
DATAFLOW,OECD.ITF:DSD_INFRINV@DF_INFRINV(1.0),Transport infrastructure investment and maintenance spending,I,BEL,Belgium,A,Annual,INV,Investment spending,EUR,Euro,TOT_INL,Inland,V,Current prices,2021,,3010261091,,,,,,0,Units,0,Zero,,
DATAFLOW,OECD.ITF:DSD_INFRINV@DF_INFRINV(1.0),Transport infrastructure investment and maintenance spending,I,BEL,Belgium,A,Annual,INV,Investment spending,EUR,Euro,TOT_INL,Inland,V,Current prices,2020,,1864252225,,,,,,0,Units,0,Zero,,
DATAFLOW,OECD.ITF:DSD_INFRINV@DF_INFRINV(1.0),Transport infrastructure investment and maintenance spending,I,BEL,Belgium,A,Annual,INV,Investment spending,EUR,Euro,TOT_INL,Inland,V,Current prices,2016,,1994083669,,,,,,0,Units,0,Zero,,
DATAFLOW,OECD.ITF:DSD_INFRINV@DF_INFRINV(1.0),Transport infrastructure investment and maintenance spending,I,BEL,Belgium,A,Annual,INV,Investment spending,EUR,Euro,TOT_INL,Inland,V,Current prices,2013,,1954786096,,,,,,0,Units,0,Zero,,
DATAFLOW,OECD.ITF:DSD_INFRINV@DF_INFRINV(1.0),Transport infrastructure investment and maintenance spending,I,BEL,Belgium,A,Annual,INV,Investment spending,EUR,Euro,TOT_INL,Inland,V,Current prices,2012,,2038431630,,,,,,0,Units,0,Zero,,
DATAFLOW,OECD.ITF:DSD_INFRINV@DF_INFRINV(1.0),Transport infrastructure investment and maintenance spending,I,BEL,Belgium,A,Annual,INV,Investment spending,EUR,Euro,TOT_INL,Inland,V,Current prices,2011,,1695066303,,,,,,0,Units,0,Zero,,
DATAFLOW,OECD.ITF:DSD_INFRINV@DF_INFRINV(1.0),Transport infrastructure investment and maintenance spending,I,BEL,Belgium,A,Annual,INV,Investment spending,EUR,Euro,TOT_INL,Inland,V,Current prices,2009,,1767314281,,,,,,0,Units,0,Zero,,
DATAFLOW,OECD.ITF:DSD_INFRINV@DF_INFRINV(1.0),Transport infrastructure investment and maintenance spending,I,BEL,Belgium,A,Annual,INV,Investment spending,EUR,Euro,TOT_INL,Inland,V,Current prices,2008,,1326865787,,,,,,0,Units,0,Zero,,
DATAFLOW,OECD.ITF:DSD_INFRINV@DF_INFRINV(1.0),Transport infrastructure investment and maintenance spending,I,BEL,Belgium,A,Annual,INV,Investment spending,EUR,Euro,TOT_INL,Inland,V,Current prices,2007,,1164740802,,,,,,0,Units,0,Zero,,
DATAFLOW,OECD.ITF:DSD_INFRINV@DF_INFRINV(1.0),Transport infrastructure investment and maintenance spending,I,BEL,Belgium,A,Annual,INV,Investment spending,EUR,Euro,TOT_INL,Inland,V,Current prices,2006,,1259448431,,,,,,0,Units,0,Zero,,
DATAFLOW,OECD.ITF:DSD_INFRINV@DF_INFRINV(1.0),Transport infrastructure investment and maintenance spending,I,BEL,Belgium,A,Annual,INV,Investment spending,EUR,Euro,TOT_INL,Inland,V,Current prices,2004,,1285000000,,,,,,0,Units,0,Zero,,
DATAFLOW,OECD.ITF:DSD_INFRINV@DF_INFRINV(1.0),Transport infrastructure investment and maintenance spending,I,BEL,Belgium,A,Annual,INV,Investment spending,EUR,Euro,TOT_INL,Inland,V,Current prices,2003,,1297000000,,,,,,0,Units,0,Zero,,
DATAFLOW,OECD.ITF:DSD_INFRINV@DF_INFRINV(1.0),Transport infrastructure investment and maintenance spending,I,BEL,Belgium,A,Annual,INV,Investment spending,EUR,Euro,TOT_INL,Inland,V,Current prices,2002,,1374000000,,,,,,0,Units,0,Zero,,
DATAFLOW,OECD.ITF:DSD_INFRINV@DF_INFRINV(1.0),Transport infrastructure investment and maintenance spending,I,BEL,Belgium,A,Annual,INV,Investment spending,EUR,Euro,TOT_INL,Inland,V,Current prices,2001,,1156000000,,,,,,0,Units,0,Zero,,
DATAFLOW,OECD.ITF:DSD_INFRINV@DF_INFRINV(1.0),Transport infrastructure investment and maintenance spending,I,BEL,Belgium,A,Annual,INV,Investment spending,EUR,Euro,TOT_INL,Inland,V,Current prices,2000,,1313000000,,,,,,0,Units,0,Zero,,
DATAFLOW,OECD.ITF:DSD_INFRINV@DF_INFRINV(1.0),Transport infrastructure investment and maintenance spending,I,BEL,Belgium,A,Annual,INV,Investment spending,EUR,Euro,TOT_INL,Inland,V,Current prices,1999,,1064000000,,,,,,0,Units,0,Zero,,
DATAFLOW,OECD.ITF:DSD_INFRINV@DF_INFRINV(1.0),Transport infrastructure investment and maintenance spending,I,BEL,Belgium,A,Annual,INV,Investment spending,EUR,Euro,TOT_INL,Inland,V,Current prices,1998,,918000000,,,,,,0,Units,0,Zero,,
DATAFLOW,OECD.ITF:DSD_INFRINV@DF_INFRINV(1.0),Transport infrastructure investment and maintenance spending,I,BEL,Belgium,A,Annual,INV,Investment spending,EUR,Euro,TOT_INL,Inland,V,Current prices,1997,,969000000,,,,,,0,Units,0,Zero,,
DATAFLOW,OECD.ITF:DSD_INFRINV@DF_INFRINV(1.0),Transport infrastructure investment and maintenance spending,I,BEL,Belgium,A,Annual,INV,Investment spending,EUR,Euro,TOT_INL,Inland,V,Current prices,1996,,821000000,,,,,,0,Units,0,Zero,,
DATAFLOW,OECD.ITF:DSD_INFRINV@DF_INFRINV(1.0),Transport infrastructure investment and maintenance spending,I,BEL,Belgium,A,Annual,INV,Investment spending,EUR,Euro,TOT_INL,Inland,V,Current prices,1995,,979000000,,,,,,0,Units,0,Zero,,
DATAFLOW,OECD.ITF:DSD_INFRINV@DF_INFRINV(1.0),Transport infrastructure investment and maintenance spending,I,NLD,Netherlands,A,Annual,INV,Investment spending,EUR,Euro,RAIL,Rail,V,Current prices,2023,,1601200000,,,,,,0,Units,0,Zero,,
DATAFLOW,OECD.ITF:DSD_INFRINV@DF_INFRINV(1.0),Transport infrastructure investment and maintenance spending,I,NLD,Netherlands,A,Annual,INV,Investment spending,EUR,Euro,RAIL,Rail,V,Current prices,2022,,1412625000,,,,,,0,Units,0,Zero,,
DATAFLOW,OECD.ITF:DSD_INFRINV@DF_INFRINV(1.0),Transport infrastructure investment and maintenance spending,I,NLD,Netherlands,A,Annual,INV,Investment spending,EUR,Euro,RAIL,Rail,V,Current prices,2021,,1378775000,,,,,,0,Units,0,Zero,,
DATAFLOW,OECD.ITF:DSD_INFRINV@DF_INFRINV(1.0),Transport infrastructure investment and maintenance spending,I,NLD,Netherlands,A,Annual,INV,Investment spending,EUR,Euro,RAIL,Rail,V,Current prices,2020,,1367175000,,,,,,0,Units,0,Zero,,
DATAFLOW,OECD.ITF:DSD_INFRINV@DF_INFRINV(1.0),Transport infrastructure investment and maintenance spending,I,NLD,Netherlands,A,Annual,INV,Investment spending,EUR,Euro,RAIL,Rail,V,Current prices,2019,,1330325000,,,,,,0,Units,0,Zero,,
DATAFLOW,OECD.ITF:DSD_INFRINV@DF_INFRINV(1.0),Transport infrastructure investment and maintenance spending,I,NLD,Netherlands,A,Annual,INV,Investment spending,EUR,Euro,RAIL,Rail,V,Current prices,2018,,1294400000,,,,,,0,Units,0,Zero,,
DATAFLOW,OECD.ITF:DSD_INFRINV@DF_INFRINV(1.0),Transport infrastructure investment and maintenance spending,I,NLD,Netherlands,A,Annual,INV,Investment spending,EUR,Euro,RAIL,Rail,V,Current prices,2017,,1273450000,,,,,,0,Units,0,Zero,,
DATAFLOW,OECD.ITF:DSD_INFRINV@DF_INFRINV(1.0),Transport infrastructure investment and maintenance spending,I,NLD,Netherlands,A,Annual,INV,Investment spending,EUR,Euro,RAIL,Rail,V,Current prices,2016,,1519925000,,,,,,0,Units,0,Zero,,
DATAFLOW,OECD.ITF:DSD_INFRINV@DF_INFRINV(1.0),Transport infrastructure investment and maintenance spending,I,NLD,Netherlands,A,Annual,INV,Investment spending,EUR,Euro,RAIL,Rail,V,Current prices,2015,,1406600000,,,,,,0,Units,0,Zero,,
DATAFLOW,OECD.ITF:DSD_INFRINV@DF_INFRINV(1.0),Transport infrastructure investment and maintenance spending,I,NLD,Netherlands,A,Annual,INV,Investment spending,EUR,Euro,RAIL,Rail,V,Current prices,2014,,1603075000,,,,,,0,Units,0,Zero,,
DATAFLOW,OECD.ITF:DSD_INFRINV@DF_INFRINV(1.0),Transport infrastructure investment and maintenance spending,I,NLD,Netherlands,A,Annual,INV,Investment spending,EUR,Euro,RAIL,Rail,V,Current prices,2013,,1726025000,,,,,,0,Units,0,Zero,,
DATAFLOW,OECD.ITF:DSD_INFRINV@DF_INFRINV(1.0),Transport infrastructure investment and maintenance spending,I,NLD,Netherlands,A,Annual,INV,Investment spending,EUR,Euro,RAIL,Rail,V,Current prices,2012,,1791100000,,,,,,0,Units,0,Zero,,
DATAFLOW,OECD.ITF:DSD_INFRINV@DF_INFRINV(1.0),Transport infrastructure investment and maintenance spending,I,NLD,Netherlands,A,Annual,INV,Investment spending,EUR,Euro,RAIL,Rail,V,Current prices,2011,,1880875000,,,,,,0,Units,0,Zero,,
DATAFLOW,OECD.ITF:DSD_INFRINV@DF_INFRINV(1.0),Transport infrastructure investment and maintenance spending,I,NLD,Netherlands,A,Annual,INV,Investment spending,EUR,Euro,RAIL,Rail,V,Current prices,2010,,1097000000,,,,,,0,Units,0,Zero,,
DATAFLOW,OECD.ITF:DSD_INFRINV@DF_INFRINV(1.0),Transport infrastructure investment and maintenance spending,I,NLD,Netherlands,A,Annual,INV,Investment spending,EUR,Euro,RAIL,Rail,V,Current prices,2009,,778000000,,,,,,0,Units,0,Zero,,
DATAFLOW,OECD.ITF:DSD_INFRINV@DF_INFRINV(1.0),Transport infrastructure investment and maintenance spending,I,NLD,Netherlands,A,Annual,INV,Investment spending,EUR,Euro,RAIL,Rail,V,Current prices,2008,,820000000,,,,,,0,Units,0,Zero,,
DATAFLOW,OECD.ITF:DSD_INFRINV@DF_INFRINV(1.0),Transport infrastructure investment and maintenance spending,I,NLD,Netherlands,A,Annual,INV,Investment spending,EUR,Euro,RAIL,Rail,V,Current prices,2007,,845000000,,,,,,0,Units,0,Zero,,
DATAFLOW,OECD.ITF:DSD_INFRINV@DF_INFRINV(1.0),Transport infrastructure investment and maintenance spending,I,NLD,Netherlands,A,Annual,INV,Investment spending,EUR,Euro,RAIL,Rail,V,Current prices,2006,,703000000,,,,,,0,Units,0,Zero,,
DATAFLOW,OECD.ITF:DSD_INFRINV@DF_INFRINV(1.0),Transport infrastructure investment and maintenance spending,I,NLD,Netherlands,A,Annual,INV,Investment spending,EUR,Euro,RAIL,Rail,V,Current prices,2005,,1100000000,,,,,,0,Units,0,Zero,,
DATAFLOW,OECD.ITF:DSD_INFRINV@DF_INFRINV(1.0),Transport infrastructure investment and maintenance spending,I,NLD,Netherlands,A,Annual,INV,Investment spending,EUR,Euro,RAIL,Rail,V,Current prices,2004,,1051000000,,,,,,0,Units,0,Zero,,
DATAFLOW,OECD.ITF:DSD_INFRINV@DF_INFRINV(1.0),Transport infrastructure investment and maintenance spending,I,NLD,Netherlands,A,Annual,INV,Investment spending,EUR,Euro,RAIL,Rail,V,Current prices,2003,,1298000000,,,,,,0,Units,0,Zero,,
DATAFLOW,OECD.ITF:DSD_INFRINV@DF_INFRINV(1.0),Transport infrastructure investment and maintenance spending,I,NLD,Netherlands,A,Annual,INV,Investment spending,EUR,Euro,RAIL,Rail,V,Current prices,2002,,1348000000,,,,,,0,Units,0,Zero,,
DATAFLOW,OECD.ITF:DSD_INFRINV@DF_INFRINV(1.0),Transport infrastructure investment and maintenance spending,I,NLD,Netherlands,A,Annual,INV,Investment spending,EUR,Euro,RAIL,Rail,V,Current prices,2001,,816000000,,,,,,0,Units,0,Zero,,
DATAFLOW,OECD.ITF:DSD_INFRINV@DF_INFRINV(1.0),Transport infrastructure investment and maintenance spending,I,NLD,Netherlands,A,Annual,INV,Investment spending,EUR,Euro,RAIL,Rail,V,Current prices,2000,,710000000,,,,,,0,Units,0,Zero,,
DATAFLOW,OECD.ITF:DSD_INFRINV@DF_INFRINV(1.0),Transport infrastructure investment and maintenance spending,I,NLD,Netherlands,A,Annual,INV,Investment spending,EUR,Euro,RAIL,Rail,V,Current prices,1999,,488000000,,,,,,0,Units,0,Zero,,
DATAFLOW,OECD.ITF:DSD_INFRINV@DF_INFRINV(1.0),Transport infrastructure investment and maintenance spending,I,NLD,Netherlands,A,Annual,INV,Investment spending,EUR,Euro,RAIL,Rail,V,Current prices,1998,,503000000,,,,,,0,Units,0,Zero,,
DATAFLOW,OECD.ITF:DSD_INFRINV@DF_INFRINV(1.0),Transport infrastructure investment and maintenance spending,I,NLD,Netherlands,A,Annual,INV,Investment spending,EUR,Euro,RAIL,Rail,V,Current prices,1997,,487000000,,,,,,0,Units,0,Zero,,
DATAFLOW,OECD.ITF:DSD_INFRINV@DF_INFRINV(1.0),Transport infrastructure investment and maintenance spending,I,DEU,Germany,A,Annual,INV,Investment spending,EUR,Euro,RAIL,Rail,V,Current prices,2022,,11335000000,,,,,,0,Units,0,Zero,,
DATAFLOW,OECD.ITF:DSD_INFRINV@DF_INFRINV(1.0),Transport infrastructure investment and maintenance spending,I,DEU,Germany,A,Annual,INV,Investment spending,EUR,Euro,RAIL,Rail,V,Current prices,2021,,11420000000,,,,,,0,Units,0,Zero,,
DATAFLOW,OECD.ITF:DSD_INFRINV@DF_INFRINV(1.0),Transport infrastructure investment and maintenance spending,I,DEU,Germany,A,Annual,INV,Investment spending,EUR,Euro,RAIL,Rail,V,Current prices,2020,,10525000000,,,,,,0,Units,0,Zero,,
DATAFLOW,OECD.ITF:DSD_INFRINV@DF_INFRINV(1.0),Transport infrastructure investment and maintenance spending,I,DEU,Germany,A,Annual,INV,Investment spending,EUR,Euro,RAIL,Rail,V,Current prices,2019,,9370000000,,,,,,0,Units,0,Zero,,
DATAFLOW,OECD.ITF:DSD_INFRINV@DF_INFRINV(1.0),Transport infrastructure investment and maintenance spending,I,DEU,Germany,A,Annual,INV,Investment spending,EUR,Euro,RAIL,Rail,V,Current prices,2018,,8500000000,,,,,,0,Units,0,Zero,,
DATAFLOW,OECD.ITF:DSD_INFRINV@DF_INFRINV(1.0),Transport infrastructure investment and maintenance spending,I,DEU,Germany,A,Annual,INV,Investment spending,EUR,Euro,RAIL,Rail,V,Current prices,2017,,7900000000,,,,,,0,Units,0,Zero,,
DATAFLOW,OECD.ITF:DSD_INFRINV@DF_INFRINV(1.0),Transport infrastructure investment and maintenance spending,I,DEU,Germany,A,Annual,INV,Investment spending,EUR,Euro,RAIL,Rail,V,Current prices,2016,,7170000000,,,,,,0,Units,0,Zero,,
DATAFLOW,OECD.ITF:DSD_INFRINV@DF_INFRINV(1.0),Transport infrastructure investment and maintenance spending,I,DEU,Germany,A,Annual,INV,Investment spending,EUR,Euro,RAIL,Rail,V,Current prices,2015,,7085000000,,,,,,0,Units,0,Zero,,
DATAFLOW,OECD.ITF:DSD_INFRINV@DF_INFRINV(1.0),Transport infrastructure investment and maintenance spending,I,DEU,Germany,A,Annual,INV,Investment spending,EUR,Euro,RAIL,Rail,V,Current prices,2014,,6890390400,,,,,,0,Units,0,Zero,,
DATAFLOW,OECD.ITF:DSD_INFRINV@DF_INFRINV(1.0),Transport infrastructure investment and maintenance spending,I,DEU,Germany,A,Annual,INV,Investment spending,EUR,Euro,RAIL,Rail,V,Current prices,2012,,3931000000,,,,,,0,Units,0,Zero,,
DATAFLOW,OECD.ITF:DSD_INFRINV@DF_INFRINV(1.0),Transport infrastructure investment and maintenance spending,I,DEU,Germany,A,Annual,INV,Investment spending,EUR,Euro,RAIL,Rail,V,Current prices,2011,,4086000000,,,,,,0,Units,0,Zero,,
DATAFLOW,OECD.ITF:DSD_INFRINV@DF_INFRINV(1.0),Transport infrastructure investment and maintenance spending,I,DEU,Germany,A,Annual,INV,Investment spending,EUR,Euro,RAIL,Rail,V,Current prices,2010,,3807000000,,,,,,0,Units,0,Zero,,
DATAFLOW,OECD.ITF:DSD_INFRINV@DF_INFRINV(1.0),Transport infrastructure investment and maintenance spending,I,DEU,Germany,A,Annual,INV,Investment spending,EUR,Euro,RAIL,Rail,V,Current prices,2009,,3412000000,,,,,,0,Units,0,Zero,,
DATAFLOW,OECD.ITF:DSD_INFRINV@DF_INFRINV(1.0),Transport infrastructure investment and maintenance spending,I,DEU,Germany,A,Annual,INV,Investment spending,EUR,Euro,RAIL,Rail,V,Current prices,2008,,3816000000,,,,,,0,Units,0,Zero,,
DATAFLOW,OECD.ITF:DSD_INFRINV@DF_INFRINV(1.0),Transport infrastructure investment and maintenance spending,I,DEU,Germany,A,Annual,INV,Investment spending,EUR,Euro,RAIL,Rail,V,Current prices,2007,,3836000000,,,,,,0,Units,0,Zero,,
DATAFLOW,OECD.ITF:DSD_INFRINV@DF_INFRINV(1.0),Transport infrastructure investment and maintenance spending,I,DEU,Germany,A,Annual,INV,Investment spending,EUR,Euro,RAIL,Rail,V,Current prices,2006,,3971000000,,,,,,0,Units,0,Zero,,
DATAFLOW,OECD.ITF:DSD_INFRINV@DF_INFRINV(1.0),Transport infrastructure investment and maintenance spending,I,DEU,Germany,A,Annual,INV,Investment spending,EUR,Euro,RAIL,Rail,V,Current prices,2004,,6404000000,,,,,,0,Units,0,Zero,,
DATAFLOW,OECD.ITF:DSD_INFRINV@DF_INFRINV(1.0),Transport infrastructure investment and maintenance spending,I,DEU,Germany,A,Annual,INV,Investment spending,EUR,Euro,RAIL,Rail,V,Current prices,2003,,7228000000,,,,,,0,Units,0,Zero,,
DATAFLOW,OECD.ITF:DSD_INFRINV@DF_INFRINV(1.0),Transport infrastructure investment and maintenance spending,I,DEU,Germany,A,Annual,INV,Investment spending,EUR,Euro,RAIL,Rail,V,Current prices,2002,,7437000000,,,,,,0,Units,0,Zero,,
DATAFLOW,OECD.ITF:DSD_INFRINV@DF_INFRINV(1.0),Transport infrastructure investment and maintenance spending,I,DEU,Germany,A,Annual,INV,Investment spending,EUR,Euro,RAIL,Rail,V,Current prices,2001,,5481000000,,,,,,0,Units,0,Zero,,
DATAFLOW,OECD.ITF:DSD_INFRINV@DF_INFRINV(1.0),Transport infrastructure investment and maintenance spending,I,DEU,Germany,A,Annual,INV,Investment spending,EUR,Euro,RAIL,Rail,V,Current prices,2000,,5305000000,,,,,,0,Units,0,Zero,,
DATAFLOW,OECD.ITF:DSD_INFRINV@DF_INFRINV(1.0),Transport infrastructure investment and maintenance spending,I,DEU,Germany,A,Annual,INV,Investment spending,EUR,Euro,RAIL,Rail,V,Current prices,1999,,7350000000,,,,,,0,Units,0,Zero,,
DATAFLOW,OECD.ITF:DSD_INFRINV@DF_INFRINV(1.0),Transport infrastructure investment and maintenance spending,I,DEU,Germany,A,Annual,INV,Investment spending,EUR,Euro,RAIL,Rail,V,Current prices,1998,,4423000000,,,,,,0,Units,0,Zero,,
DATAFLOW,OECD.ITF:DSD_INFRINV@DF_INFRINV(1.0),Transport infrastructure investment and maintenance spending,I,DEU,Germany,A,Annual,INV,Investment spending,EUR,Euro,RAIL,Rail,V,Current prices,1997,,4745000000,,,,,,0,Units,0,Zero,,
DATAFLOW,OECD.ITF:DSD_INFRINV@DF_INFRINV(1.0),Transport infrastructure investment and maintenance spending,I,DEU,Germany,A,Annual,INV,Investment spending,EUR,Euro,RAIL,Rail,V,Current prices,1996,,5200000000,,,,,,0,Units,0,Zero,,
DATAFLOW,OECD.ITF:DSD_INFRINV@DF_INFRINV(1.0),Transport infrastructure investment and maintenance spending,I,DEU,Germany,A,Annual,INV,Investment spending,EUR,Euro,RAIL,Rail,V,Current prices,1995,,5747000000,,,,,,0,Units,0,Zero,,
DATAFLOW,OECD.ITF:DSD_INFRINV@DF_INFRINV(1.0),Transport infrastructure investment and maintenance spending,I,FRA,France,A,Annual,INV,Investment spending,EUR,Euro,RAIL,Rail,V,Current prices,2022,,11375519203,,,,,,0,Units,0,Zero,,
DATAFLOW,OECD.ITF:DSD_INFRINV@DF_INFRINV(1.0),Transport infrastructure investment and maintenance spending,I,FRA,France,A,Annual,INV,Investment spending,EUR,Euro,RAIL,Rail,V,Current prices,2021,,11220595002,,,,,,0,Units,0,Zero,,
DATAFLOW,OECD.ITF:DSD_INFRINV@DF_INFRINV(1.0),Transport infrastructure investment and maintenance spending,I,FRA,France,A,Annual,INV,Investment spending,EUR,Euro,RAIL,Rail,V,Current prices,2020,,10973000000,,,,,,0,Units,0,Zero,,
DATAFLOW,OECD.ITF:DSD_INFRINV@DF_INFRINV(1.0),Transport infrastructure investment and maintenance spending,I,FRA,France,A,Annual,INV,Investment spending,EUR,Euro,RAIL,Rail,V,Current prices,2019,,11540000000,,,,,,0,Units,0,Zero,,
DATAFLOW,OECD.ITF:DSD_INFRINV@DF_INFRINV(1.0),Transport infrastructure investment and maintenance spending,I,FRA,France,A,Annual,INV,Investment spending,EUR,Euro,RAIL,Rail,V,Current prices,2018,,9962000000,,,,,,0,Units,0,Zero,,
DATAFLOW,OECD.ITF:DSD_INFRINV@DF_INFRINV(1.0),Transport infrastructure investment and maintenance spending,I,FRA,France,A,Annual,INV,Investment spending,EUR,Euro,RAIL,Rail,V,Current prices,2017,,9318000000,,,,,,0,Units,0,Zero,,
DATAFLOW,OECD.ITF:DSD_INFRINV@DF_INFRINV(1.0),Transport infrastructure investment and maintenance spending,I,FRA,France,A,Annual,INV,Investment spending,EUR,Euro,RAIL,Rail,V,Current prices,2016,,8223000000,,,,,,0,Units,0,Zero,,
DATAFLOW,OECD.ITF:DSD_INFRINV@DF_INFRINV(1.0),Transport infrastructure investment and maintenance spending,I,FRA,France,A,Annual,INV,Investment spending,EUR,Euro,RAIL,Rail,V,Current prices,2015,,8889000000,,,,,,0,Units,0,Zero,,
DATAFLOW,OECD.ITF:DSD_INFRINV@DF_INFRINV(1.0),Transport infrastructure investment and maintenance spending,I,FRA,France,A,Annual,INV,Investment spending,EUR,Euro,RAIL,Rail,V,Current prices,2014,,9103000000,,,,,,0,Units,0,Zero,,
DATAFLOW,OECD.ITF:DSD_INFRINV@DF_INFRINV(1.0),Transport infrastructure investment and maintenance spending,I,FRA,France,A,Annual,INV,Investment spending,EUR,Euro,RAIL,Rail,V,Current prices,2013,,10434000000,,,,,,0,Units,0,Zero,,
DATAFLOW,OECD.ITF:DSD_INFRINV@DF_INFRINV(1.0),Transport infrastructure investment and maintenance spending,I,FRA,France,A,Annual,INV,Investment spending,EUR,Euro,RAIL,Rail,V,Current prices,2012,,8003000000,,,,,,0,Units,0,Zero,,
DATAFLOW,OECD.ITF:DSD_INFRINV@DF_INFRINV(1.0),Transport infrastructure investment and maintenance spending,I,FRA,France,A,Annual,INV,Investment spending,EUR,Euro,RAIL,Rail,V,Current prices,2011,,7060006000,,,,,,0,Units,0,Zero,,
DATAFLOW,OECD.ITF:DSD_INFRINV@DF_INFRINV(1.0),Transport infrastructure investment and maintenance spending,I,FRA,France,A,Annual,INV,Investment spending,EUR,Euro,RAIL,Rail,V,Current prices,2010,,5103166000,,,,,,0,Units,0,Zero,,
DATAFLOW,OECD.ITF:DSD_INFRINV@DF_INFRINV(1.0),Transport infrastructure investment and maintenance spending,I,FRA,France,A,Annual,INV,Investment spending,EUR,Euro,RAIL,Rail,V,Current prices,2009,,4968770094,,,,,,0,Units,0,Zero,,
DATAFLOW,OECD.ITF:DSD_INFRINV@DF_INFRINV(1.0),Transport infrastructure investment and maintenance spending,I,FRA,France,A,Annual,INV,Investment spending,EUR,Euro,RAIL,Rail,V,Current prices,2008,,4696513302,,,,,,0,Units,0,Zero,,
DATAFLOW,OECD.ITF:DSD_INFRINV@DF_INFRINV(1.0),Transport infrastructure investment and maintenance spending,I,FRA,France,A,Annual,INV,Investment spending,EUR,Euro,RAIL,Rail,V,Current prices,2007,,4616418000,,,,,,0,Units,0,Zero,,
DATAFLOW,OECD.ITF:DSD_INFRINV@DF_INFRINV(1.0),Transport infrastructure investment and maintenance spending,I,FRA,France,A,Annual,INV,Investment spending,EUR,Euro,RAIL,Rail,V,Current prices,2006,,4303020000,,,,,,0,Units,0,Zero,,
DATAFLOW,OECD.ITF:DSD_INFRINV@DF_INFRINV(1.0),Transport infrastructure investment and maintenance spending,I,FRA,France,A,Annual,INV,Investment spending,EUR,Euro,RAIL,Rail,V,Current prices,2005,,4171382500,,,,,,0,Units,0,Zero,,
DATAFLOW,OECD.ITF:DSD_INFRINV@DF_INFRINV(1.0),Transport infrastructure investment and maintenance spending,I,FRA,France,A,Annual,INV,Investment spending,EUR,Euro,RAIL,Rail,V,Current prices,2004,,3680498000,,,,,,0,Units,0,Zero,,
DATAFLOW,OECD.ITF:DSD_INFRINV@DF_INFRINV(1.0),Transport infrastructure investment and maintenance spending,I,FRA,France,A,Annual,INV,Investment spending,EUR,Euro,RAIL,Rail,V,Current prices,2003,,3633564000,,,,,,0,Units,0,Zero,,
DATAFLOW,OECD.ITF:DSD_INFRINV@DF_INFRINV(1.0),Transport infrastructure investment and maintenance spending,I,FRA,France,A,Annual,INV,Investment spending,EUR,Euro,RAIL,Rail,V,Current prices,2002,,3044642000,,,,,,0,Units,0,Zero,,
DATAFLOW,OECD.ITF:DSD_INFRINV@DF_INFRINV(1.0),Transport infrastructure investment and maintenance spending,I,FRA,France,A,Annual,INV,Investment spending,EUR,Euro,RAIL,Rail,V,Current prices,2001,,2443638000,,,,,,0,Units,0,Zero,,
DATAFLOW,OECD.ITF:DSD_INFRINV@DF_INFRINV(1.0),Transport infrastructure investment and maintenance spending,I,FRA,France,A,Annual,INV,Investment spending,EUR,Euro,RAIL,Rail,V,Current prices,2000,,2954750000,,,,,,0,Units,0,Zero,,
DATAFLOW,OECD.ITF:DSD_INFRINV@DF_INFRINV(1.0),Transport infrastructure investment and maintenance spending,I,FRA,France,A,Annual,INV,Investment spending,EUR,Euro,RAIL,Rail,V,Current prices,1999,,2891000000,,,,,,0,Units,0,Zero,,
DATAFLOW,OECD.ITF:DSD_INFRINV@DF_INFRINV(1.0),Transport infrastructure investment and maintenance spending,I,FRA,France,A,Annual,INV,Investment spending,EUR,Euro,RAIL,Rail,V,Current prices,1998,,2879000000,,,,,,0,Units,0,Zero,,
DATAFLOW,OECD.ITF:DSD_INFRINV@DF_INFRINV(1.0),Transport infrastructure investment and maintenance spending,I,FRA,France,A,Annual,INV,Investment spending,EUR,Euro,RAIL,Rail,V,Current prices,1997,,3024000000,,,,,,0,Units,0,Zero,,
DATAFLOW,OECD.ITF:DSD_INFRINV@DF_INFRINV(1.0),Transport infrastructure investment and maintenance spending,I,FRA,France,A,Annual,INV,Investment spending,EUR,Euro,RAIL,Rail,V,Current prices,1996,,2963000000,,,,,,0,Units,0,Zero,,
DATAFLOW,OECD.ITF:DSD_INFRINV@DF_INFRINV(1.0),Transport infrastructure investment and maintenance spending,I,FRA,France,A,Annual,INV,Investment spending,EUR,Euro,RAIL,Rail,V,Current prices,1995,,2765572479,,,,,,0,Units,0,Zero,,
DATAFLOW,OECD.ITF:DSD_INFRINV@DF_INFRINV(1.0),Transport infrastructure investment and maintenance spending,I,NLD,Netherlands,A,Annual,INV,Investment spending,EUR,Euro,ROAD,Road,V,Current prices,2023,,7667273790,,,,,,0,Units,0,Zero,,
DATAFLOW,OECD.ITF:DSD_INFRINV@DF_INFRINV(1.0),Transport infrastructure investment and maintenance spending,I,NLD,Netherlands,A,Annual,INV,Investment spending,EUR,Euro,ROAD,Road,V,Current prices,2022,,7338624685,,,,,,0,Units,0,Zero,,
DATAFLOW,OECD.ITF:DSD_INFRINV@DF_INFRINV(1.0),Transport infrastructure investment and maintenance spending,I,NLD,Netherlands,A,Annual,INV,Investment spending,EUR,Euro,ROAD,Road,V,Current prices,2021,,7082106251,,,,,,0,Units,0,Zero,,
DATAFLOW,OECD.ITF:DSD_INFRINV@DF_INFRINV(1.0),Transport infrastructure investment and maintenance spending,I,NLD,Netherlands,A,Annual,INV,Investment spending,EUR,Euro,ROAD,Road,V,Current prices,2020,,6958158969,,,,,,0,Units,0,Zero,,
DATAFLOW,OECD.ITF:DSD_INFRINV@DF_INFRINV(1.0),Transport infrastructure investment and maintenance spending,I,NLD,Netherlands,A,Annual,INV,Investment spending,EUR,Euro,ROAD,Road,V,Current prices,2019,,6434722608,,,,,,0,Units,0,Zero,,
DATAFLOW,OECD.ITF:DSD_INFRINV@DF_INFRINV(1.0),Transport infrastructure investment and maintenance spending,I,NLD,Netherlands,A,Annual,INV,Investment spending,EUR,Euro,ROAD,Road,V,Current prices,2018,,6511487813,,,,,,0,Units,0,Zero,,
DATAFLOW,OECD.ITF:DSD_INFRINV@DF_INFRINV(1.0),Transport infrastructure investment and maintenance spending,I,NLD,Netherlands,A,Annual,INV,Investment spending,EUR,Euro,ROAD,Road,V,Current prices,2017,,6294137373,,,,,,0,Units,0,Zero,,
DATAFLOW,OECD.ITF:DSD_INFRINV@DF_INFRINV(1.0),Transport infrastructure investment and maintenance spending,I,NLD,Netherlands,A,Annual,INV,Investment spending,EUR,Euro,ROAD,Road,V,Current prices,2016,,4485420208,,,,,,0,Units,0,Zero,,
DATAFLOW,OECD.ITF:DSD_INFRINV@DF_INFRINV(1.0),Transport infrastructure investment and maintenance spending,I,NLD,Netherlands,A,Annual,INV,Investment spending,EUR,Euro,ROAD,Road,V,Current prices,2015,,4849447882,,,,,,0,Units,0,Zero,,
DATAFLOW,OECD.ITF:DSD_INFRINV@DF_INFRINV(1.0),Transport infrastructure investment and maintenance spending,I,NLD,Netherlands,A,Annual,INV,Investment spending,EUR,Euro,ROAD,Road,V,Current prices,2014,,5147445281,,,,,,0,Units,0,Zero,,
DATAFLOW,OECD.ITF:DSD_INFRINV@DF_INFRINV(1.0),Transport infrastructure investment and maintenance spending,I,NLD,Netherlands,A,Annual,INV,Investment spending,EUR,Euro,ROAD,Road,V,Current prices,2013,,4686635404,,,,,,0,Units,0,Zero,,
DATAFLOW,OECD.ITF:DSD_INFRINV@DF_INFRINV(1.0),Transport infrastructure investment and maintenance spending,I,NLD,Netherlands,A,Annual,INV,Investment spending,EUR,Euro,ROAD,Road,V,Current prices,2012,,4861963582,,,,,,0,Units,0,Zero,,
DATAFLOW,OECD.ITF:DSD_INFRINV@DF_INFRINV(1.0),Transport infrastructure investment and maintenance spending,I,NLD,Netherlands,A,Annual,INV,Investment spending,EUR,Euro,ROAD,Road,V,Current prices,2011,,4849197152,,,,,,0,Units,0,Zero,,
DATAFLOW,OECD.ITF:DSD_INFRINV@DF_INFRINV(1.0),Transport infrastructure investment and maintenance spending,I,NLD,Netherlands,A,Annual,INV,Investment spending,EUR,Euro,ROAD,Road,V,Current prices,2010,,2300000000,,,,,,0,Units,0,Zero,,
DATAFLOW,OECD.ITF:DSD_INFRINV@DF_INFRINV(1.0),Transport infrastructure investment and maintenance spending,I,NLD,Netherlands,A,Annual,INV,Investment spending,EUR,Euro,ROAD,Road,V,Current prices,2009,,2363000000,,,,,,0,Units,0,Zero,,
DATAFLOW,OECD.ITF:DSD_INFRINV@DF_INFRINV(1.0),Transport infrastructure investment and maintenance spending,I,NLD,Netherlands,A,Annual,INV,Investment spending,EUR,Euro,ROAD,Road,V,Current prices,2008,,2194000000,,,,,,0,Units,0,Zero,,
DATAFLOW,OECD.ITF:DSD_INFRINV@DF_INFRINV(1.0),Transport infrastructure investment and maintenance spending,I,NLD,Netherlands,A,Annual,INV,Investment spending,EUR,Euro,ROAD,Road,V,Current prices,2007,,1680000000,,,,,,0,Units,0,Zero,,
DATAFLOW,OECD.ITF:DSD_INFRINV@DF_INFRINV(1.0),Transport infrastructure investment and maintenance spending,I,NLD,Netherlands,A,Annual,INV,Investment spending,EUR,Euro,ROAD,Road,V,Current prices,2006,,1654000000,,,,,,0,Units,0,Zero,,
DATAFLOW,OECD.ITF:DSD_INFRINV@DF_INFRINV(1.0),Transport infrastructure investment and maintenance spending,I,NLD,Netherlands,A,Annual,INV,Investment spending,EUR,Euro,ROAD,Road,V,Current prices,2005,,1636000000,,,,,,0,Units,0,Zero,,
DATAFLOW,OECD.ITF:DSD_INFRINV@DF_INFRINV(1.0),Transport infrastructure investment and maintenance spending,I,NLD,Netherlands,A,Annual,INV,Investment spending,EUR,Euro,ROAD,Road,V,Current prices,2004,,2334000000,,,,,,0,Units,0,Zero,,
DATAFLOW,OECD.ITF:DSD_INFRINV@DF_INFRINV(1.0),Transport infrastructure investment and maintenance spending,I,NLD,Netherlands,A,Annual,INV,Investment spending,EUR,Euro,ROAD,Road,V,Current prices,2003,,2328000000,,,,,,0,Units,0,Zero,,
DATAFLOW,OECD.ITF:DSD_INFRINV@DF_INFRINV(1.0),Transport infrastructure investment and maintenance spending,I,NLD,Netherlands,A,Annual,INV,Investment spending,EUR,Euro,ROAD,Road,V,Current prices,2002,,2279000000,,,,,,0,Units,0,Zero,,
DATAFLOW,OECD.ITF:DSD_INFRINV@DF_INFRINV(1.0),Transport infrastructure investment and maintenance spending,I,NLD,Netherlands,A,Annual,INV,Investment spending,EUR,Euro,ROAD,Road,V,Current prices,2001,,1847000000,,,,,,0,Units,0,Zero,,
DATAFLOW,OECD.ITF:DSD_INFRINV@DF_INFRINV(1.0),Transport infrastructure investment and maintenance spending,I,NLD,Netherlands,A,Annual,INV,Investment spending,EUR,Euro,ROAD,Road,V,Current prices,2000,,1727000000,,,,,,0,Units,0,Zero,,
DATAFLOW,OECD.ITF:DSD_INFRINV@DF_INFRINV(1.0),Transport infrastructure investment and maintenance spending,I,NLD,Netherlands,A,Annual,INV,Investment spending,EUR,Euro,ROAD,Road,V,Current prices,1999,,1500000000,,,,,,0,Units,0,Zero,,
DATAFLOW,OECD.ITF:DSD_INFRINV@DF_INFRINV(1.0),Transport infrastructure investment and maintenance spending,I,NLD,Netherlands,A,Annual,INV,Investment spending,EUR,Euro,ROAD,Road,V,Current prices,1998,,1350000000,,,,,,0,Units,0,Zero,,
DATAFLOW,OECD.ITF:DSD_INFRINV@DF_INFRINV(1.0),Transport infrastructure investment and maintenance spending,I,NLD,Netherlands,A,Annual,INV,Investment spending,EUR,Euro,ROAD,Road,V,Current prices,1997,,1122000000,,,,,,0,Units,0,Zero,,
DATAFLOW,OECD.ITF:DSD_INFRINV@DF_INFRINV(1.0),Transport infrastructure investment and maintenance spending,I,DEU,Germany,A,Annual,INV,Investment spending,EUR,Euro,ROAD,Road,V,Current prices,2022,,16560000000,,,,,,0,Units,0,Zero,,
DATAFLOW,OECD.ITF:DSD_INFRINV@DF_INFRINV(1.0),Transport infrastructure investment and maintenance spending,I,DEU,Germany,A,Annual,INV,Investment spending,EUR,Euro,ROAD,Road,V,Current prices,2021,,15380000000,,,,,,0,Units,0,Zero,,
DATAFLOW,OECD.ITF:DSD_INFRINV@DF_INFRINV(1.0),Transport infrastructure investment and maintenance spending,I,DEU,Germany,A,Annual,INV,Investment spending,EUR,Euro,ROAD,Road,V,Current prices,2020,,15920000000,,,,,,0,Units,0,Zero,,
DATAFLOW,OECD.ITF:DSD_INFRINV@DF_INFRINV(1.0),Transport infrastructure investment and maintenance spending,I,DEU,Germany,A,Annual,INV,Investment spending,EUR,Euro,ROAD,Road,V,Current prices,2019,,15660000000,,,,,,0,Units,0,Zero,,
DATAFLOW,OECD.ITF:DSD_INFRINV@DF_INFRINV(1.0),Transport infrastructure investment and maintenance spending,I,DEU,Germany,A,Annual,INV,Investment spending,EUR,Euro,ROAD,Road,V,Current prices,2018,,15810000000,,,,,,0,Units,0,Zero,,
DATAFLOW,OECD.ITF:DSD_INFRINV@DF_INFRINV(1.0),Transport infrastructure investment and maintenance spending,I,DEU,Germany,A,Annual,INV,Investment spending,EUR,Euro,ROAD,Road,V,Current prices,2017,,13540000000,,,,,,0,Units,0,Zero,,
DATAFLOW,OECD.ITF:DSD_INFRINV@DF_INFRINV(1.0),Transport infrastructure investment and maintenance spending,I,DEU,Germany,A,Annual,INV,Investment spending,EUR,Euro,ROAD,Road,V,Current prices,2016,,12100000000,,,,,,0,Units,0,Zero,,
DATAFLOW,OECD.ITF:DSD_INFRINV@DF_INFRINV(1.0),Transport infrastructure investment and maintenance spending,I,DEU,Germany,A,Annual,INV,Investment spending,EUR,Euro,ROAD,Road,V,Current prices,2015,,11440000000,,,,,,0,Units,0,Zero,,
DATAFLOW,OECD.ITF:DSD_INFRINV@DF_INFRINV(1.0),Transport infrastructure investment and maintenance spending,I,DEU,Germany,A,Annual,INV,Investment spending,EUR,Euro,ROAD,Road,V,Current prices,2014,,11820000000,,,,,,0,Units,0,Zero,,
DATAFLOW,OECD.ITF:DSD_INFRINV@DF_INFRINV(1.0),Transport infrastructure investment and maintenance spending,I,DEU,Germany,A,Annual,INV,Investment spending,EUR,Euro,ROAD,Road,V,Current prices,2013,,11400000000,,,,,,0,Units,0,Zero,,
DATAFLOW,OECD.ITF:DSD_INFRINV@DF_INFRINV(1.0),Transport infrastructure investment and maintenance spending,I,DEU,Germany,A,Annual,INV,Investment spending,EUR,Euro,ROAD,Road,V,Current prices,2012,,11180000000,,,,,,0,Units,0,Zero,,
DATAFLOW,OECD.ITF:DSD_INFRINV@DF_INFRINV(1.0),Transport infrastructure investment and maintenance spending,I,DEU,Germany,A,Annual,INV,Investment spending,EUR,Euro,ROAD,Road,V,Current prices,2011,,11340000000,,,,,,0,Units,0,Zero,,
DATAFLOW,OECD.ITF:DSD_INFRINV@DF_INFRINV(1.0),Transport infrastructure investment and maintenance spending,I,DEU,Germany,A,Annual,INV,Investment spending,EUR,Euro,ROAD,Road,V,Current prices,2010,,11240000000,,,,,,0,Units,0,Zero,,
DATAFLOW,OECD.ITF:DSD_INFRINV@DF_INFRINV(1.0),Transport infrastructure investment and maintenance spending,I,DEU,Germany,A,Annual,INV,Investment spending,EUR,Euro,ROAD,Road,V,Current prices,2009,,12620000000,,,,,,0,Units,0,Zero,,
DATAFLOW,OECD.ITF:DSD_INFRINV@DF_INFRINV(1.0),Transport infrastructure investment and maintenance spending,I,DEU,Germany,A,Annual,INV,Investment spending,EUR,Euro,ROAD,Road,V,Current prices,2008,,11410000000,,,,,,0,Units,0,Zero,,
DATAFLOW,OECD.ITF:DSD_INFRINV@DF_INFRINV(1.0),Transport infrastructure investment and maintenance spending,I,DEU,Germany,A,Annual,INV,Investment spending,EUR,Euro,ROAD,Road,V,Current prices,2007,,10845000000,,,,,,0,Units,0,Zero,,
DATAFLOW,OECD.ITF:DSD_INFRINV@DF_INFRINV(1.0),Transport infrastructure investment and maintenance spending,I,DEU,Germany,A,Annual,INV,Investment spending,EUR,Euro,ROAD,Road,V,Current prices,2006,,10730000000,,,,,,0,Units,0,Zero,,
DATAFLOW,OECD.ITF:DSD_INFRINV@DF_INFRINV(1.0),Transport infrastructure investment and maintenance spending,I,DEU,Germany,A,Annual,INV,Investment spending,EUR,Euro,ROAD,Road,V,Current prices,2005,,10200000000,,,,,,0,Units,0,Zero,,
DATAFLOW,OECD.ITF:DSD_INFRINV@DF_INFRINV(1.0),Transport infrastructure investment and maintenance spending,I,DEU,Germany,A,Annual,INV,Investment spending,EUR,Euro,ROAD,Road,V,Current prices,2004,,10710000000,,,,,,0,Units,0,Zero,,
DATAFLOW,OECD.ITF:DSD_INFRINV@DF_INFRINV(1.0),Transport infrastructure investment and maintenance spending,I,DEU,Germany,A,Annual,INV,Investment spending,EUR,Euro,ROAD,Road,V,Current prices,2003,,10790000000,,,,,,0,Units,0,Zero,,
DATAFLOW,OECD.ITF:DSD_INFRINV@DF_INFRINV(1.0),Transport infrastructure investment and maintenance spending,I,DEU,Germany,A,Annual,INV,Investment spending,EUR,Euro,ROAD,Road,V,Current prices,2002,,11595000000,,,,,,0,Units,0,Zero,,
DATAFLOW,OECD.ITF:DSD_INFRINV@DF_INFRINV(1.0),Transport infrastructure investment and maintenance spending,I,DEU,Germany,A,Annual,INV,Investment spending,EUR,Euro,ROAD,Road,V,Current prices,2001,,11558000000,,,,,,0,Units,0,Zero,,
DATAFLOW,OECD.ITF:DSD_INFRINV@DF_INFRINV(1.0),Transport infrastructure investment and maintenance spending,I,DEU,Germany,A,Annual,INV,Investment spending,EUR,Euro,ROAD,Road,V,Current prices,2000,,11967000000,,,,,,0,Units,0,Zero,,
DATAFLOW,OECD.ITF:DSD_INFRINV@DF_INFRINV(1.0),Transport infrastructure investment and maintenance spending,I,DEU,Germany,A,Annual,INV,Investment spending,EUR,Euro,ROAD,Road,V,Current prices,1999,,11146000000,,,,,,0,Units,0,Zero,,
DATAFLOW,OECD.ITF:DSD_INFRINV@DF_INFRINV(1.0),Transport infrastructure investment and maintenance spending,I,DEU,Germany,A,Annual,INV,Investment spending,EUR,Euro,ROAD,Road,V,Current prices,1998,,10850000000,,,,,,0,Units,0,Zero,,
DATAFLOW,OECD.ITF:DSD_INFRINV@DF_INFRINV(1.0),Transport infrastructure investment and maintenance spending,I,DEU,Germany,A,Annual,INV,Investment spending,EUR,Euro,ROAD,Road,V,Current prices,1997,,10916000000,,,,,,0,Units,0,Zero,,
DATAFLOW,OECD.ITF:DSD_INFRINV@DF_INFRINV(1.0),Transport infrastructure investment and maintenance spending,I,DEU,Germany,A,Annual,INV,Investment spending,EUR,Euro,ROAD,Road,V,Current prices,1996,,11126000000,,,,,,0,Units,0,Zero,,
DATAFLOW,OECD.ITF:DSD_INFRINV@DF_INFRINV(1.0),Transport infrastructure investment and maintenance spending,I,DEU,Germany,A,Annual,INV,Investment spending,EUR,Euro,ROAD,Road,V,Current prices,1995,,10216000000,,,,,,0,Units,0,Zero,,
DATAFLOW,OECD.ITF:DSD_INFRINV@DF_INFRINV(1.0),Transport infrastructure investment and maintenance spending,I,FRA,France,A,Annual,INV,Investment spending,EUR,Euro,ROAD,Road,V,Current prices,2022,,10612501458,,,,,,0,Units,0,Zero,,
DATAFLOW,OECD.ITF:DSD_INFRINV@DF_INFRINV(1.0),Transport infrastructure investment and maintenance spending,I,FRA,France,A,Annual,INV,Investment spending,EUR,Euro,ROAD,Road,V,Current prices,2021,,10248211453,,,,,,0,Units,0,Zero,,
DATAFLOW,OECD.ITF:DSD_INFRINV@DF_INFRINV(1.0),Transport infrastructure investment and maintenance spending,I,FRA,France,A,Annual,INV,Investment spending,EUR,Euro,ROAD,Road,V,Current prices,2020,,9630572000,,,,,,0,Units,0,Zero,,
DATAFLOW,OECD.ITF:DSD_INFRINV@DF_INFRINV(1.0),Transport infrastructure investment and maintenance spending,I,FRA,France,A,Annual,INV,Investment spending,EUR,Euro,ROAD,Road,V,Current prices,2019,,10413000000,,,,,,0,Units,0,Zero,,
DATAFLOW,OECD.ITF:DSD_INFRINV@DF_INFRINV(1.0),Transport infrastructure investment and maintenance spending,I,FRA,France,A,Annual,INV,Investment spending,EUR,Euro,ROAD,Road,V,Current prices,2018,,9883630000,,,,,,0,Units,0,Zero,,
DATAFLOW,OECD.ITF:DSD_INFRINV@DF_INFRINV(1.0),Transport infrastructure investment and maintenance spending,I,FRA,France,A,Annual,INV,Investment spending,EUR,Euro,ROAD,Road,V,Current prices,2017,,9080000000,,,,,,0,Units,0,Zero,,
DATAFLOW,OECD.ITF:DSD_INFRINV@DF_INFRINV(1.0),Transport infrastructure investment and maintenance spending,I,FRA,France,A,Annual,INV,Investment spending,EUR,Euro,ROAD,Road,V,Current prices,2016,,9216000000,,,,,,0,Units,0,Zero,,
DATAFLOW,OECD.ITF:DSD_INFRINV@DF_INFRINV(1.0),Transport infrastructure investment and maintenance spending,I,FRA,France,A,Annual,INV,Investment spending,EUR,Euro,ROAD,Road,V,Current prices,2015,,10011226322,,,,,,0,Units,0,Zero,,
DATAFLOW,OECD.ITF:DSD_INFRINV@DF_INFRINV(1.0),Transport infrastructure investment and maintenance spending,I,FRA,France,A,Annual,INV,Investment spending,EUR,Euro,ROAD,Road,V,Current prices,2014,,10807203024,,,,,,0,Units,0,Zero,,
DATAFLOW,OECD.ITF:DSD_INFRINV@DF_INFRINV(1.0),Transport infrastructure investment and maintenance spending,I,FRA,France,A,Annual,INV,Investment spending,EUR,Euro,ROAD,Road,V,Current prices,2013,,12866158552,,,,,,0,Units,0,Zero,,
DATAFLOW,OECD.ITF:DSD_INFRINV@DF_INFRINV(1.0),Transport infrastructure investment and maintenance spending,I,FRA,France,A,Annual,INV,Investment spending,EUR,Euro,ROAD,Road,V,Current prices,2012,,13173701531,,,,,,0,Units,0,Zero,,
DATAFLOW,OECD.ITF:DSD_INFRINV@DF_INFRINV(1.0),Transport infrastructure investment and maintenance spending,I,FRA,France,A,Annual,INV,Investment spending,EUR,Euro,ROAD,Road,V,Current prices,2011,,12604291274,,,,,,0,Units,0,Zero,,
DATAFLOW,OECD.ITF:DSD_INFRINV@DF_INFRINV(1.0),Transport infrastructure investment and maintenance spending,I,FRA,France,A,Annual,INV,Investment spending,EUR,Euro,ROAD,Road,V,Current prices,2010,,14497093953,,,,,,0,Units,0,Zero,,
DATAFLOW,OECD.ITF:DSD_INFRINV@DF_INFRINV(1.0),Transport infrastructure investment and maintenance spending,I,FRA,France,A,Annual,INV,Investment spending,EUR,Euro,ROAD,Road,V,Current prices,2009,,14277760990,,,,,,0,Units,0,Zero,,
DATAFLOW,OECD.ITF:DSD_INFRINV@DF_INFRINV(1.0),Transport infrastructure investment and maintenance spending,I,FRA,France,A,Annual,INV,Investment spending,EUR,Euro,ROAD,Road,V,Current prices,2008,,14036319131,,,,,,0,Units,0,Zero,,
DATAFLOW,OECD.ITF:DSD_INFRINV@DF_INFRINV(1.0),Transport infrastructure investment and maintenance spending,I,FRA,France,A,Annual,INV,Investment spending,EUR,Euro,ROAD,Road,V,Current prices,2007,,13883209568,,,,,,0,Units,0,Zero,,
DATAFLOW,OECD.ITF:DSD_INFRINV@DF_INFRINV(1.0),Transport infrastructure investment and maintenance spending,I,FRA,France,A,Annual,INV,Investment spending,EUR,Euro,ROAD,Road,V,Current prices,2006,,12915322777,,,,,,0,Units,0,Zero,,
DATAFLOW,OECD.ITF:DSD_INFRINV@DF_INFRINV(1.0),Transport infrastructure investment and maintenance spending,I,FRA,France,A,Annual,INV,Investment spending,EUR,Euro,ROAD,Road,V,Current prices,2005,,12402058253,,,,,,0,Units,0,Zero,,
DATAFLOW,OECD.ITF:DSD_INFRINV@DF_INFRINV(1.0),Transport infrastructure investment and maintenance spending,I,FRA,France,A,Annual,INV,Investment spending,EUR,Euro,ROAD,Road,V,Current prices,2004,,11526363522,,,,,,0,Units,0,Zero,,
DATAFLOW,OECD.ITF:DSD_INFRINV@DF_INFRINV(1.0),Transport infrastructure investment and maintenance spending,I,FRA,France,A,Annual,INV,Investment spending,EUR,Euro,ROAD,Road,V,Current prices,2003,,10990928004,,,,,,0,Units,0,Zero,,
DATAFLOW,OECD.ITF:DSD_INFRINV@DF_INFRINV(1.0),Transport infrastructure investment and maintenance spending,I,FRA,France,A,Annual,INV,Investment spending,EUR,Euro,ROAD,Road,V,Current prices,2002,,10345177749,,,,,,0,Units,0,Zero,,
DATAFLOW,OECD.ITF:DSD_INFRINV@DF_INFRINV(1.0),Transport infrastructure investment and maintenance spending,I,FRA,France,A,Annual,INV,Investment spending,EUR,Euro,ROAD,Road,V,Current prices,2001,,10920413960,,,,,,0,Units,0,Zero,,
DATAFLOW,OECD.ITF:DSD_INFRINV@DF_INFRINV(1.0),Transport infrastructure investment and maintenance spending,I,FRA,France,A,Annual,INV,Investment spending,EUR,Euro,ROAD,Road,V,Current prices,2000,,10940364409,,,,,,0,Units,0,Zero,,
DATAFLOW,OECD.ITF:DSD_INFRINV@DF_INFRINV(1.0),Transport infrastructure investment and maintenance spending,I,FRA,France,A,Annual,INV,Investment spending,EUR,Euro,ROAD,Road,V,Current prices,1999,,10275291051,,,,,,0,Units,0,Zero,,
DATAFLOW,OECD.ITF:DSD_INFRINV@DF_INFRINV(1.0),Transport infrastructure investment and maintenance spending,I,FRA,France,A,Annual,INV,Investment spending,EUR,Euro,ROAD,Road,V,Current prices,1998,,10532081864,,,,,,0,Units,0,Zero,,
DATAFLOW,OECD.ITF:DSD_INFRINV@DF_INFRINV(1.0),Transport infrastructure investment and maintenance spending,I,FRA,France,A,Annual,INV,Investment spending,EUR,Euro,ROAD,Road,V,Current prices,1997,,10819524890,,,,,,0,Units,0,Zero,,
DATAFLOW,OECD.ITF:DSD_INFRINV@DF_INFRINV(1.0),Transport infrastructure investment and maintenance spending,I,FRA,France,A,Annual,INV,Investment spending,EUR,Euro,ROAD,Road,V,Current prices,1996,,10947662219,,,,,,0,Units,0,Zero,,
DATAFLOW,OECD.ITF:DSD_INFRINV@DF_INFRINV(1.0),Transport infrastructure investment and maintenance spending,I,FRA,France,A,Annual,INV,Investment spending,EUR,Euro,ROAD,Road,V,Current prices,1995,,10805267015,,,,,,0,Units,0,Zero,,
DATAFLOW,OECD.ITF:DSD_INFRINV@DF_INFRINV(1.0),Transport infrastructure investment and maintenance spending,I,BEL,Belgium,A,Annual,INV,Investment spending,EUR,Euro,ROAD,Road,V,Current prices,2023,,1031000000,,,,,,0,Units,0,Zero,,
DATAFLOW,OECD.ITF:DSD_INFRINV@DF_INFRINV(1.0),Transport infrastructure investment and maintenance spending,I,BEL,Belgium,A,Annual,INV,Investment spending,EUR,Euro,ROAD,Road,V,Current prices,2022,,1001000000,,,,,,0,Units,0,Zero,,
DATAFLOW,OECD.ITF:DSD_INFRINV@DF_INFRINV(1.0),Transport infrastructure investment and maintenance spending,I,BEL,Belgium,A,Annual,INV,Investment spending,EUR,Euro,ROAD,Road,V,Current prices,2021,,1311000000,,,,,,0,Units,0,Zero,,
DATAFLOW,OECD.ITF:DSD_INFRINV@DF_INFRINV(1.0),Transport infrastructure investment and maintenance spending,I,BEL,Belgium,A,Annual,INV,Investment spending,EUR,Euro,ROAD,Road,V,Current prices,2020,,607000000,,,,,,0,Units,0,Zero,,
DATAFLOW,OECD.ITF:DSD_INFRINV@DF_INFRINV(1.0),Transport infrastructure investment and maintenance spending,I,BEL,Belgium,A,Annual,INV,Investment spending,EUR,Euro,ROAD,Road,V,Current prices,2016,,810000000,,,,,,0,Units,0,Zero,,
DATAFLOW,OECD.ITF:DSD_INFRINV@DF_INFRINV(1.0),Transport infrastructure investment and maintenance spending,I,BEL,Belgium,A,Annual,INV,Investment spending,EUR,Euro,ROAD,Road,V,Current prices,2014,,417000000,,,,,,0,Units,0,Zero,,
DATAFLOW,OECD.ITF:DSD_INFRINV@DF_INFRINV(1.0),Transport infrastructure investment and maintenance spending,I,BEL,Belgium,A,Annual,INV,Investment spending,EUR,Euro,ROAD,Road,V,Current prices,2013,,587000000,,,,,,0,Units,0,Zero,,
DATAFLOW,OECD.ITF:DSD_INFRINV@DF_INFRINV(1.0),Transport infrastructure investment and maintenance spending,I,BEL,Belgium,A,Annual,INV,Investment spending,EUR,Euro,ROAD,Road,V,Current prices,2012,,553000000,,,,,,0,Units,0,Zero,,
DATAFLOW,OECD.ITF:DSD_INFRINV@DF_INFRINV(1.0),Transport infrastructure investment and maintenance spending,I,BEL,Belgium,A,Annual,INV,Investment spending,EUR,Euro,ROAD,Road,V,Current prices,2011,,248000000,,,,,,0,Units,0,Zero,,
DATAFLOW,OECD.ITF:DSD_INFRINV@DF_INFRINV(1.0),Transport infrastructure investment and maintenance spending,I,BEL,Belgium,A,Annual,INV,Investment spending,EUR,Euro,ROAD,Road,V,Current prices,2009,,175000000,,,,,,0,Units,0,Zero,,
DATAFLOW,OECD.ITF:DSD_INFRINV@DF_INFRINV(1.0),Transport infrastructure investment and maintenance spending,I,BEL,Belgium,A,Annual,INV,Investment spending,EUR,Euro,ROAD,Road,V,Current prices,2008,,156000000,,,,,,0,Units,0,Zero,,
DATAFLOW,OECD.ITF:DSD_INFRINV@DF_INFRINV(1.0),Transport infrastructure investment and maintenance spending,I,BEL,Belgium,A,Annual,INV,Investment spending,EUR,Euro,ROAD,Road,V,Current prices,2007,,166000000,,,,,,0,Units,0,Zero,,
DATAFLOW,OECD.ITF:DSD_INFRINV@DF_INFRINV(1.0),Transport infrastructure investment and maintenance spending,I,BEL,Belgium,A,Annual,INV,Investment spending,EUR,Euro,ROAD,Road,V,Current prices,2006,,169000000,,,,,,0,Units,0,Zero,,
DATAFLOW,OECD.ITF:DSD_INFRINV@DF_INFRINV(1.0),Transport infrastructure investment and maintenance spending,I,BEL,Belgium,A,Annual,INV,Investment spending,EUR,Euro,ROAD,Road,V,Current prices,2005,,156000000,,,,,,0,Units,0,Zero,,
DATAFLOW,OECD.ITF:DSD_INFRINV@DF_INFRINV(1.0),Transport infrastructure investment and maintenance spending,I,BEL,Belgium,A,Annual,INV,Investment spending,EUR,Euro,ROAD,Road,V,Current prices,2004,,156000000,,,,,,0,Units,0,Zero,,
DATAFLOW,OECD.ITF:DSD_INFRINV@DF_INFRINV(1.0),Transport infrastructure investment and maintenance spending,I,BEL,Belgium,A,Annual,INV,Investment spending,EUR,Euro,ROAD,Road,V,Current prices,2003,,185000000,,,,,,0,Units,0,Zero,,
DATAFLOW,OECD.ITF:DSD_INFRINV@DF_INFRINV(1.0),Transport infrastructure investment and maintenance spending,I,BEL,Belgium,A,Annual,INV,Investment spending,EUR,Euro,ROAD,Road,V,Current prices,2002,,172000000,,,,,,0,Units,0,Zero,,
DATAFLOW,OECD.ITF:DSD_INFRINV@DF_INFRINV(1.0),Transport infrastructure investment and maintenance spending,I,BEL,Belgium,A,Annual,INV,Investment spending,EUR,Euro,ROAD,Road,V,Current prices,2001,,147000000,,,,,,0,Units,0,Zero,,
DATAFLOW,OECD.ITF:DSD_INFRINV@DF_INFRINV(1.0),Transport infrastructure investment and maintenance spending,I,BEL,Belgium,A,Annual,INV,Investment spending,EUR,Euro,ROAD,Road,V,Current prices,2000,,149000000,,,,,,0,Units,0,Zero,,
DATAFLOW,OECD.ITF:DSD_INFRINV@DF_INFRINV(1.0),Transport infrastructure investment and maintenance spending,I,BEL,Belgium,A,Annual,INV,Investment spending,EUR,Euro,ROAD,Road,V,Current prices,1999,,161000000,,,,,,0,Units,0,Zero,,
DATAFLOW,OECD.ITF:DSD_INFRINV@DF_INFRINV(1.0),Transport infrastructure investment and maintenance spending,I,BEL,Belgium,A,Annual,INV,Investment spending,EUR,Euro,ROAD,Road,V,Current prices,1998,,152000000,,,,,,0,Units,0,Zero,,
DATAFLOW,OECD.ITF:DSD_INFRINV@DF_INFRINV(1.0),Transport infrastructure investment and maintenance spending,I,BEL,Belgium,A,Annual,INV,Investment spending,EUR,Euro,ROAD,Road,V,Current prices,1997,,153000000,,,,,,0,Units,0,Zero,,
DATAFLOW,OECD.ITF:DSD_INFRINV@DF_INFRINV(1.0),Transport infrastructure investment and maintenance spending,I,BEL,Belgium,A,Annual,INV,Investment spending,EUR,Euro,ROAD,Road,V,Current prices,1996,,159000000,,,,,,0,Units,0,Zero,,
DATAFLOW,OECD.ITF:DSD_INFRINV@DF_INFRINV(1.0),Transport infrastructure investment and maintenance spending,I,BEL,Belgium,A,Annual,INV,Investment spending,EUR,Euro,ROAD,Road,V,Current prices,1995,,160000000,,,,,,0,Units,0,Zero,,
DATAFLOW,OECD.ITF:DSD_INFRINV@DF_INFRINV(1.0),Transport infrastructure investment and maintenance spending,I,NLD,Netherlands,A,Annual,INV,Investment spending,EUR,Euro,TOT_INL,Inland,V,Current prices,2023,,10002799129,,,,,,0,Units,0,Zero,,
DATAFLOW,OECD.ITF:DSD_INFRINV@DF_INFRINV(1.0),Transport infrastructure investment and maintenance spending,I,NLD,Netherlands,A,Annual,INV,Investment spending,EUR,Euro,TOT_INL,Inland,V,Current prices,2022,,9561531738,,,,,,0,Units,0,Zero,,
DATAFLOW,OECD.ITF:DSD_INFRINV@DF_INFRINV(1.0),Transport infrastructure investment and maintenance spending,I,NLD,Netherlands,A,Annual,INV,Investment spending,EUR,Euro,TOT_INL,Inland,V,Current prices,2021,,9287067615,,,,,,0,Units,0,Zero,,
DATAFLOW,OECD.ITF:DSD_INFRINV@DF_INFRINV(1.0),Transport infrastructure investment and maintenance spending,I,NLD,Netherlands,A,Annual,INV,Investment spending,EUR,Euro,TOT_INL,Inland,V,Current prices,2020,,8880996688,,,,,,0,Units,0,Zero,,
DATAFLOW,OECD.ITF:DSD_INFRINV@DF_INFRINV(1.0),Transport infrastructure investment and maintenance spending,I,NLD,Netherlands,A,Annual,INV,Investment spending,EUR,Euro,TOT_INL,Inland,V,Current prices,2019,,8297744218,,,,,,0,Units,0,Zero,,
DATAFLOW,OECD.ITF:DSD_INFRINV@DF_INFRINV(1.0),Transport infrastructure investment and maintenance spending,I,NLD,Netherlands,A,Annual,INV,Investment spending,EUR,Euro,TOT_INL,Inland,V,Current prices,2018,,8236432105,,,,,,0,Units,0,Zero,,
DATAFLOW,OECD.ITF:DSD_INFRINV@DF_INFRINV(1.0),Transport infrastructure investment and maintenance spending,I,NLD,Netherlands,A,Annual,INV,Investment spending,EUR,Euro,TOT_INL,Inland,V,Current prices,2017,,8078659530,,,,,,0,Units,0,Zero,,
DATAFLOW,OECD.ITF:DSD_INFRINV@DF_INFRINV(1.0),Transport infrastructure investment and maintenance spending,I,NLD,Netherlands,A,Annual,INV,Investment spending,EUR,Euro,TOT_INL,Inland,V,Current prices,2016,,6363205831,,,,,,0,Units,0,Zero,,
DATAFLOW,OECD.ITF:DSD_INFRINV@DF_INFRINV(1.0),Transport infrastructure investment and maintenance spending,I,NLD,Netherlands,A,Annual,INV,Investment spending,EUR,Euro,TOT_INL,Inland,V,Current prices,2015,,6834744027,,,,,,0,Units,0,Zero,,
DATAFLOW,OECD.ITF:DSD_INFRINV@DF_INFRINV(1.0),Transport infrastructure investment and maintenance spending,I,NLD,Netherlands,A,Annual,INV,Investment spending,EUR,Euro,TOT_INL,Inland,V,Current prices,2014,,7340224871,,,,,,0,Units,0,Zero,,
DATAFLOW,OECD.ITF:DSD_INFRINV@DF_INFRINV(1.0),Transport infrastructure investment and maintenance spending,I,NLD,Netherlands,A,Annual,INV,Investment spending,EUR,Euro,TOT_INL,Inland,V,Current prices,2013,,6971286824,,,,,,0,Units,0,Zero,,
DATAFLOW,OECD.ITF:DSD_INFRINV@DF_INFRINV(1.0),Transport infrastructure investment and maintenance spending,I,NLD,Netherlands,A,Annual,INV,Investment spending,EUR,Euro,TOT_INL,Inland,V,Current prices,2012,,7123634960,,,,,,0,Units,0,Zero,,
DATAFLOW,OECD.ITF:DSD_INFRINV@DF_INFRINV(1.0),Transport infrastructure investment and maintenance spending,I,NLD,Netherlands,A,Annual,INV,Investment spending,EUR,Euro,TOT_INL,Inland,V,Current prices,2011,,7190805306,,,,,,0,Units,0,Zero,,
DATAFLOW,OECD.ITF:DSD_INFRINV@DF_INFRINV(1.0),Transport infrastructure investment and maintenance spending,I,NLD,Netherlands,A,Annual,INV,Investment spending,EUR,Euro,TOT_INL,Inland,V,Current prices,2010,,3649000000,,,,,,0,Units,0,Zero,,
DATAFLOW,OECD.ITF:DSD_INFRINV@DF_INFRINV(1.0),Transport infrastructure investment and maintenance spending,I,NLD,Netherlands,A,Annual,INV,Investment spending,EUR,Euro,TOT_INL,Inland,V,Current prices,2009,,3502000000,,,,,,0,Units,0,Zero,,
DATAFLOW,OECD.ITF:DSD_INFRINV@DF_INFRINV(1.0),Transport infrastructure investment and maintenance spending,I,NLD,Netherlands,A,Annual,INV,Investment spending,EUR,Euro,TOT_INL,Inland,V,Current prices,2008,,3284000000,,,,,,0,Units,0,Zero,,
DATAFLOW,OECD.ITF:DSD_INFRINV@DF_INFRINV(1.0),Transport infrastructure investment and maintenance spending,I,NLD,Netherlands,A,Annual,INV,Investment spending,EUR,Euro,TOT_INL,Inland,V,Current prices,2007,,2788000000,,,,,,0,Units,0,Zero,,
DATAFLOW,OECD.ITF:DSD_INFRINV@DF_INFRINV(1.0),Transport infrastructure investment and maintenance spending,I,NLD,Netherlands,A,Annual,INV,Investment spending,EUR,Euro,TOT_INL,Inland,V,Current prices,2006,,2669000000,,,,,,0,Units,0,Zero,,
DATAFLOW,OECD.ITF:DSD_INFRINV@DF_INFRINV(1.0),Transport infrastructure investment and maintenance spending,I,NLD,Netherlands,A,Annual,INV,Investment spending,EUR,Euro,TOT_INL,Inland,V,Current prices,2005,,3020000000,,,,,,0,Units,0,Zero,,
DATAFLOW,OECD.ITF:DSD_INFRINV@DF_INFRINV(1.0),Transport infrastructure investment and maintenance spending,I,NLD,Netherlands,A,Annual,INV,Investment spending,EUR,Euro,TOT_INL,Inland,V,Current prices,2004,,3871000000,,,,,,0,Units,0,Zero,,
DATAFLOW,OECD.ITF:DSD_INFRINV@DF_INFRINV(1.0),Transport infrastructure investment and maintenance spending,I,NLD,Netherlands,A,Annual,INV,Investment spending,EUR,Euro,TOT_INL,Inland,V,Current prices,2003,,4105000000,,,,,,0,Units,0,Zero,,
DATAFLOW,OECD.ITF:DSD_INFRINV@DF_INFRINV(1.0),Transport infrastructure investment and maintenance spending,I,NLD,Netherlands,A,Annual,INV,Investment spending,EUR,Euro,TOT_INL,Inland,V,Current prices,2002,,4139000000,,,,,,0,Units,0,Zero,,
DATAFLOW,OECD.ITF:DSD_INFRINV@DF_INFRINV(1.0),Transport infrastructure investment and maintenance spending,I,NLD,Netherlands,A,Annual,INV,Investment spending,EUR,Euro,TOT_INL,Inland,V,Current prices,2001,,3042000000,,,,,,0,Units,0,Zero,,
DATAFLOW,OECD.ITF:DSD_INFRINV@DF_INFRINV(1.0),Transport infrastructure investment and maintenance spending,I,NLD,Netherlands,A,Annual,INV,Investment spending,EUR,Euro,TOT_INL,Inland,V,Current prices,2000,,2839000000,,,,,,0,Units,0,Zero,,
DATAFLOW,OECD.ITF:DSD_INFRINV@DF_INFRINV(1.0),Transport infrastructure investment and maintenance spending,I,NLD,Netherlands,A,Annual,INV,Investment spending,EUR,Euro,TOT_INL,Inland,V,Current prices,1999,,2307000000,,,,,,0,Units,0,Zero,,
DATAFLOW,OECD.ITF:DSD_INFRINV@DF_INFRINV(1.0),Transport infrastructure investment and maintenance spending,I,NLD,Netherlands,A,Annual,INV,Investment spending,EUR,Euro,TOT_INL,Inland,V,Current prices,1998,,2114000000,,,,,,0,Units,0,Zero,,
DATAFLOW,OECD.ITF:DSD_INFRINV@DF_INFRINV(1.0),Transport infrastructure investment and maintenance spending,I,NLD,Netherlands,A,Annual,INV,Investment spending,EUR,Euro,TOT_INL,Inland,V,Current prices,1997,,1812000000,,,,,,0,Units,0,Zero,,
DATAFLOW,OECD.ITF:DSD_INFRINV@DF_INFRINV(1.0),Transport infrastructure investment and maintenance spending,I,DEU,Germany,A,Annual,INV,Investment spending,EUR,Euro,TOT_INL,Inland,V,Current prices,2022,,29265000000,,,,,,0,Units,0,Zero,,
DATAFLOW,OECD.ITF:DSD_INFRINV@DF_INFRINV(1.0),Transport infrastructure investment and maintenance spending,I,DEU,Germany,A,Annual,INV,Investment spending,EUR,Euro,TOT_INL,Inland,V,Current prices,2021,,27980000000,,,,,,0,Units,0,Zero,,
DATAFLOW,OECD.ITF:DSD_INFRINV@DF_INFRINV(1.0),Transport infrastructure investment and maintenance spending,I,DEU,Germany,A,Annual,INV,Investment spending,EUR,Euro,TOT_INL,Inland,V,Current prices,2020,,27760000000,,,,,,0,Units,0,Zero,,
DATAFLOW,OECD.ITF:DSD_INFRINV@DF_INFRINV(1.0),Transport infrastructure investment and maintenance spending,I,DEU,Germany,A,Annual,INV,Investment spending,EUR,Euro,TOT_INL,Inland,V,Current prices,2019,,26140000000,,,,,,0,Units,0,Zero,,
